========================================
Alyn SA-MP Mobile Log
Started: 2026-09-24 12:36:24
Package: ro.alynsampmobile.launcher
Device: samsung SM-S908E
Android: 9 (API 28)
ABI: x86_64
========================================
--------- beginning of main
09-24 12:36:23.939  6374  6374 I libnb   : Found /system/lib64/libhoudini.so version 3
09-24 12:36:23.945  6374  6374 D houdini : [6374] Initialize library(version: 9.0.7a_z.38597 RELEASE)... successfully.
09-24 12:36:23.946  6374  6374 W mobile.launche: Unexpected CPU variant for X86 using defaults: x86_64
09-24 12:36:23.962  6374  6374 D AppLovinSdk: [AppLovinSdk] Java version 8 supported.
09-24 12:36:23.962  6374  6374 D AppLovinSdk: [AppLovinSdk] Attaching Activity lifecycle manager...
09-24 12:36:23.966  6374  6374 D SessionsDependencies: Dependency to CRASHLYTICS added.
09-24 12:36:23.967  6374  6374 I FirebaseApp: Device unlocked: initializing all Firebase APIs for app [DEFAULT]
09-24 12:36:23.980  6374  6391 W mobile.launche: Unsupported class loader
09-24 12:36:23.987  6374  6391 W mobile.launche: Skipping duplicate class check due to unsupported classloader
09-24 12:36:23.987  6374  6391 I DynamiteModule: Considering local module com.google.android.gms.measurement.dynamite:97 and remote module com.google.android.gms.measurement.dynamite:104
09-24 12:36:23.987  6374  6391 I DynamiteModule: Selected remote version of com.google.android.gms.measurement.dynamite, version >= 104
09-24 12:36:23.987  6374  6391 V DynamiteModule: Dynamite loader version >= 2, using loadModule2NoCrashUtils
09-24 12:36:23.989  6374  6374 I FirebaseCrashlytics: Initializing Firebase Crashlytics 18.6.0 for ro.alynsampmobile.launcher
09-24 12:36:23.992  6374  6391 W mobile.launche: Unknown chunk type '200'.
09-24 12:36:24.011  6374  6391 W mobile.launche: Unsupported class loader
09-24 12:36:24.022  6374  6391 W mobile.launche: Skipping duplicate class check due to unsupported classloader
09-24 12:36:24.056  6374  6395 I FA      : App measurement initialized, version: 86006
09-24 12:36:24.056  6374  6395 I FA      : To enable debug logging run: adb shell setprop log.tag.FA VERBOSE
09-24 12:36:24.056  6374  6395 I FA      : To enable faster debug mode event logging run:
09-24 12:36:24.056  6374  6395 I FA      :   adb shell setprop debug.firebase.analytics.app ro.alynsampmobile.launcher
09-24 12:36:24.076  6374  6374 D SessionsDependencies: Subscriber CRASHLYTICS registered.
09-24 12:36:24.085  6374  6400 D NetworkSecurityConfig: No Network Security Config specified, using platform default
09-24 12:36:24.091  6374  6399 D libcrashlytics: Initializing libcrashlytics version 3.2.0
09-24 12:36:24.131  6374  6374 D FirebaseSessions: Initializing Firebase Sessions SDK.
09-24 12:36:24.133  6374  6374 I FirebaseInitProvider: FirebaseApp initialization successful
09-24 12:36:24.135  6374  6399 D libcrashlytics: Initializing native crash handling successful.
09-24 12:36:24.136  6374  6414 D SessionConfigFetcher: Fetching settings from server.
09-24 12:36:24.140  6374  6374 V SoLoader: Init System Loader delegate
09-24 12:36:24.144  6374  6374 D AppCompatDelegate: Checking for metadata for AppLocalesMetadataHolderService : Service not found
09-24 12:36:24.153  6374  6395 I FA      : Tag Manager is not found and thus will not be used
09-24 12:36:24.181  6374  6374 D SignatureChecker: App Signature: 89cb277c5cd1a90145acb3c2a89cea995bfbd3b3e5ebe2b180d2248efc4aa041
09-24 12:36:24.181  6374  6374 D View    : setSystemUiVisibility - uid=10074
09-24 12:36:24.185  6374  6374 I Logcat  : Logcat stopped
09-24 12:36:24.186  6374  6374 I Logcat  : Logcat started, saving to: /storage/emulated/0/Android/data/ro.alynsampmobile.launcher/files/logcat/Alyn_SAMPMOBILE.log
--------- beginning of events
09-24 12:36:24.186  6374  6374 I am_on_create_called: [0,ro.alynsampmobile.launcher.MainActivity,performCreate]
09-24 12:36:24.192  6374  6374 I am_on_start_called: [0,ro.alynsampmobile.launcher.MainActivity,handleStartActivity]
09-24 12:36:24.194  6374  6374 I am_on_resume_called: [0,ro.alynsampmobile.launcher.MainActivity,RESUME_ACTIVITY]
09-24 12:36:24.208  6374  6374 D OpenGLRenderer: Skia GL Pipeline
09-24 12:36:24.255  6374  6428 D HostConnection: createUnique: call
09-24 12:36:24.255  6374  6428 I AGA     : hstInit: opened /dev/bstpgaipc: fd = 87
09-24 12:36:24.255  6374  6428 I AGA     : Attempting to create new SOCKET connection pid = 6374, tid = 6428
09-24 12:36:24.257  6374  6428 I AGA     : hstInitClientPgaIpc: Attempting to get GROUP2 cid
09-24 12:36:24.258  6374  6428 I AGA     : hstInitClientPgaIpc: data mapped to 0x7213fa000000 with size 4194304
09-24 12:36:24.258  6374  6428 I AGA     : New SOCKET connection: ro.alynsampmobile.launcher (pid 6374, tid 6428)
09-24 12:36:24.260  6374  6428 D HostConnection: HostComposition ext ANDROID_EMU_vulkan ANDROID_EMU_deferred_vulkan_commands ANDROID_EMU_vulkan_create_resources_with_requirements ANDROID_EMU_vulkan_shader_float16_int8 ANDROID_EMU_vulkan_async_queue_submit ANDROID_EMU_vulkan_queue_submit_with_commands ANDROID_EMU_vulkan_batched_descriptor_set_update ANDROID_EMU_vulkan_enabled ANDROID_EMU_vulkan_initialized GL_OES_EGL_image_external_essl3 GL_OES_vertex_array_object GL_OVR_multiview2 GL_OES_sample_shading GL_OES_shader_multisample_interpolation GL_OES_texture_stencil8 GL_EXT_texture_norm16 GL_OES_surfaceless_context GL_EXT_read_format_bgra GL_KHR_blend_equation_advanced GL_KHR_blend_equation_advanced_coherent GL_EXT_copy_image GL_EXT_texture_buffer GL_EXT_texture_buffer_half_float GL_OES_texture_storage_multisample_2d_array GL_OES_sample_variables GL_OES_shader_image_atomic GL_EXT_primitive_bounding_box GL_EXT_geometry_shader GL_EXT_geometry_point_size GL_EXT_tessellation_shader GL_EXT_tessellation_point_size GL_EXT_shader_io_blocks GL_ANDROID_extension_pack_
09-24 12:36:24.261  6374  6422 W unknown:ViewManagerPropertyUpdater: Could not find generated setter for class com.facebook.react.views.drawer.ReactDrawerLayoutManager
09-24 12:36:24.264  6374  6374 D InstallReferrerState: OK
09-24 12:36:24.265  6374  6428 I ConfigStore: android::hardware::configstore::V1_0::ISurfaceFlingerConfigs::hasWideColorDisplay retrieved: 0
09-24 12:36:24.265  6374  6428 I ConfigStore: android::hardware::configstore::V1_0::ISurfaceFlingerConfigs::hasHDRDisplay retrieved: 0
09-24 12:36:24.265  6374  6428 I OpenGLRenderer: Initialized EGL, version 1.4
09-24 12:36:24.265  6374  6428 D OpenGLRenderer: Swap behavior 1
09-24 12:36:24.266  6374  6422 W unknown:ViewManagerPropertyUpdater: Could not find generated setter for class com.facebook.react.uimanager.LayoutShadowNode
09-24 12:36:24.272  6374  6422 W unknown:ViewManagerPropertyUpdater: Could not find generated setter for class com.facebook.react.views.scroll.ReactHorizontalScrollViewManager
09-24 12:36:24.275  6374  6422 W unknown:ViewManagerPropertyUpdater: Could not find generated setter for class com.facebook.react.views.scroll.ReactHorizontalScrollContainerViewManager
09-24 12:36:24.275  6374  6428 D EGL_emulation: eglCreateContext: 0x72141ca68000: maj 3 min 2 rcv 5
09-24 12:36:24.275  6374  6422 W unknown:ViewManagerPropertyUpdater: Could not find generated setter for class com.facebook.react.views.progressbar.ReactProgressBarViewManager
09-24 12:36:24.276  6374  6422 W unknown:ViewManagerPropertyUpdater: Could not find generated setter for class com.facebook.react.views.progressbar.ProgressBarShadowNode
09-24 12:36:24.276  6374  6428 D EGL_emulation: eglMakeCurrent: 0x72141ca68000: ver 3 2 (tinfo 0x7213fb486640)
09-24 12:36:24.276  6374  6428 I AGA     : The gl query need cache 0
09-24 12:36:24.276  6374  6428 D EGL_emulation: eglMakeCurrent: 0x72141ca68000: ver 3 2 (tinfo 0x7213fb486640) (first time)
09-24 12:36:24.277  6374  6428 E eglCodecCommon: glUtilsParamSize: unknow param 0x000082da
09-24 12:36:24.277  6374  6428 E eglCodecCommon: glUtilsParamSize: unknow param 0x000082da
09-24 12:36:24.278  6374  6428 E eglCodecCommon: glUtilsParamSize: unknow param 0x000082e5
09-24 12:36:24.278  6374  6428 E eglCodecCommon: glUtilsParamSize: unknow param 0x000082e5
09-24 12:36:24.279  6374  6422 W unknown:ViewManagerPropertyUpdater: Could not find generated setter for class com.facebook.react.views.scroll.ReactScrollViewManager
09-24 12:36:24.280  6374  6428 D emuglGLESv2_enc: check TTCDisabled with pkg[ro.alynsampmobile.launcher] with res[1]
09-24 12:36:24.281  6374  6422 W unknown:ViewManagerPropertyUpdater: Could not find generated setter for class com.facebook.react.views.switchview.ReactSwitchManager
09-24 12:36:24.283  6374  6422 W unknown:ViewManagerPropertyUpdater: Could not find generated setter for class com.facebook.react.views.switchview.ReactSwitchManager$ReactSwitchShadowNode
09-24 12:36:24.285  6374  6422 W unknown:ViewManagerPropertyUpdater: Could not find generated setter for class com.facebook.react.views.swiperefresh.SwipeRefreshLayoutManager
09-24 12:36:24.287  6374  6428 E eglCodecCommon: glUtilsParamSize: unknow param 0x00008c29
09-24 12:36:24.287  6374  6428 E eglCodecCommon: glUtilsParamSize: unknow param 0x00008c29
09-24 12:36:24.288  6374  6422 W unknown:ViewManagerPropertyUpdater: Could not find generated setter for class com.facebook.react.views.text.frescosupport.FrescoBasedReactTextInlineImageViewManager
09-24 12:36:24.288  6374  6422 W unknown:ViewManagerPropertyUpdater: Could not find generated setter for class com.facebook.react.views.text.frescosupport.FrescoBasedReactTextInlineImageShadowNode
09-24 12:36:24.288  6374  6428 D vndksupport: Loading /vendor/lib64/hw/android.hardware.graphics.mapper@2.0-impl.so from current namespace instead of sphal namespace.
09-24 12:36:24.290  6374  6422 W unknown:ViewManagerPropertyUpdater: Could not find generated setter for class com.facebook.react.views.image.ReactImageManager
09-24 12:36:24.291  6374  6422 W unknown:ViewManagerPropertyUpdater: Could not find generated setter for class com.facebook.react.views.modal.ReactModalHostManager
09-24 12:36:24.292  6374  6422 W unknown:ViewManagerPropertyUpdater: Could not find generated setter for class com.facebook.react.views.modal.ModalHostShadowNode
09-24 12:36:24.293  6374  6428 D vndksupport: Loading /vendor/lib64/hw/gralloc.default.so from current namespace instead of sphal namespace.
09-24 12:36:24.293  6374  6422 W unknown:ViewManagerPropertyUpdater: Could not find generated setter for class com.facebook.react.views.text.ReactRawTextManager
09-24 12:36:24.294  6374  6422 W unknown:ViewManagerPropertyUpdater: Could not find generated setter for class com.facebook.react.views.text.ReactRawTextShadowNode
09-24 12:36:24.294  6374  6422 W unknown:ViewManagerPropertyUpdater: Could not find generated setter for class com.facebook.react.views.textinput.ReactTextInputManager
09-24 12:36:24.296  6374  6422 W unknown:ViewManagerPropertyUpdater: Could not find generated setter for class com.facebook.react.views.textinput.ReactTextInputShadowNode
09-24 12:36:24.297  6374  6422 W unknown:ViewManagerPropertyUpdater: Could not find generated setter for class com.facebook.react.views.text.ReactTextViewManager
09-24 12:36:24.298  6374  6422 W unknown:ViewManagerPropertyUpdater: Could not find generated setter for class com.facebook.react.views.text.ReactTextShadowNode
09-24 12:36:24.299  6374  6428 D HostConnection: createUnique: call
09-24 12:36:24.299  6374  6428 I AGA     : hstInit: opened /dev/bstpgaipc: fd = 92
09-24 12:36:24.299  6374  6428 I AGA     : Attempting to create new SOCKET connection pid = 6374, tid = 6428
09-24 12:36:24.299  6374  6422 W unknown:ViewManagerPropertyUpdater: Could not find generated setter for class com.facebook.react.views.view.ReactViewManager
09-24 12:36:24.299  6374  6428 I AGA     : hstInitClientPgaIpc: Attempting to get GROUP2 cid
09-24 12:36:24.300  6374  6428 I AGA     : hstInitClientPgaIpc: data mapped to 0x7213f9a5b000 with size 4194304
09-24 12:36:24.300  6374  6428 I AGA     : New SOCKET connection: ro.alynsampmobile.launcher (pid 6374, tid 6428)
09-24 12:36:24.301  6374  6422 W unknown:ViewManagerPropertyUpdater: Could not find generated setter for class com.facebook.react.views.text.ReactVirtualTextViewManager
09-24 12:36:24.301  6374  6428 D HostConnection: HostComposition ext ANDROID_EMU_vulkan ANDROID_EMU_deferred_vulkan_commands ANDROID_EMU_vulkan_create_resources_with_requirements ANDROID_EMU_vulkan_shader_float16_int8 ANDROID_EMU_vulkan_async_queue_submit ANDROID_EMU_vulkan_queue_submit_with_commands ANDROID_EMU_vulkan_batched_descriptor_set_update ANDROID_EMU_vulkan_enabled ANDROID_EMU_vulkan_initialized GL_OES_EGL_image_external_essl3 GL_OES_vertex_array_object GL_OVR_multiview2 GL_OES_sample_shading GL_OES_shader_multisample_interpolation GL_OES_texture_stencil8 GL_EXT_texture_norm16 GL_OES_surfaceless_context GL_EXT_read_format_bgra GL_KHR_blend_equation_advanced GL_KHR_blend_equation_advanced_coherent GL_EXT_copy_image GL_EXT_texture_buffer GL_EXT_texture_buffer_half_float GL_OES_texture_storage_multisample_2d_array GL_OES_sample_variables GL_OES_shader_image_atomic GL_EXT_primitive_bounding_box GL_EXT_geometry_shader GL_EXT_geometry_point_size GL_EXT_tessellation_shader GL_EXT_tessellation_point_size GL_EXT_shader_io_blocks GL_ANDROID_extension_pack_
09-24 12:36:24.301  6374  6422 W unknown:ViewManagerPropertyUpdater: Could not find generated setter for class com.facebook.react.views.text.ReactVirtualTextShadowNode
09-24 12:36:24.301  6374  6428 E EGL_emulation: tid 6428: eglSurfaceAttrib(1774): error 0x3009 (EGL_BAD_MATCH)
09-24 12:36:24.301  6374  6428 W OpenGLRenderer: Failed to set EGL_SWAP_BEHAVIOR on surface 0x7213fb574000, error=EGL_BAD_MATCH
09-24 12:36:24.302  6374  6422 W unknown:ViewManagerPropertyUpdater: Could not find generated setter for class com.facebook.react.views.unimplementedview.ReactUnimplementedViewManager
09-24 12:36:24.302  6374  6422 W unknown:ViewManagerPropertyUpdater: Could not find generated setter for class com.swmansion.gesturehandler.react.RNGestureHandlerRootViewManager
09-24 12:36:24.302  6374  6422 W unknown:ViewManagerPropertyUpdater: Could not find generated setter for class com.swmansion.gesturehandler.react.RNGestureHandlerButtonViewManager
09-24 12:36:24.303  6374  6422 W unknown:ViewManagerPropertyUpdater: Could not find generated setter for class com.BV.LinearGradient.LinearGradientManager
09-24 12:36:24.303  6374  6422 W unknown:ViewManagerPropertyUpdater: Could not find generated setter for class com.th3rdwave.safeareacontext.SafeAreaProviderManager
09-24 12:36:24.304  6374  6422 W unknown:ViewManagerPropertyUpdater: Could not find generated setter for class com.th3rdwave.safeareacontext.SafeAreaViewManager
09-24 12:36:24.304  6374  6422 W unknown:ViewManagerPropertyUpdater: Could not find generated setter for class com.th3rdwave.safeareacontext.SafeAreaViewShadowNode
09-24 12:36:24.304  6374  6422 W unknown:ViewManagerPropertyUpdater: Could not find generated setter for class com.swmansion.rnscreens.ScreenContainerViewManager
09-24 12:36:24.305  6374  6422 W unknown:ViewManagerPropertyUpdater: Could not find generated setter for class com.swmansion.rnscreens.ScreenViewManager
09-24 12:36:24.305  6374  6428 D EGL_emulation: eglMakeCurrent: 0x72141ca68000: ver 3 2 (tinfo 0x7213fb486640)
09-24 12:36:24.306  6374  6428 D emuglGLESv2_enc: GL ro.alynsampmobile.launcher ViewportNeedFlush 0
09-24 12:36:24.307  6374  6422 W unknown:ViewManagerPropertyUpdater: Could not find generated setter for class com.swmansion.rnscreens.ScreenStackViewManager
09-24 12:36:24.307  6374  6422 W unknown:ViewManagerPropertyUpdater: Could not find generated setter for class com.swmansion.rnscreens.ScreenStackHeaderConfigViewManager
09-24 12:36:24.307  6374  6422 W unknown:ViewManagerPropertyUpdater: Could not find generated setter for class com.swmansion.rnscreens.ScreenStackHeaderSubviewManager
09-24 12:36:24.309  6374  6422 W unknown:ViewManagerPropertyUpdater: Could not find generated setter for class com.swmansion.rnscreens.SearchBarManager
09-24 12:36:24.309  6374  6422 W unknown:ViewManagerPropertyUpdater: Could not find generated setter for class ro.alynsampmobile.launcher.ads.BannerAdViewManager
09-24 12:36:24.438  6374  6421 W ReactNativeJS: `new NativeEventEmitter()` was called with a non-null argument without the required `addListener` method.
09-24 12:36:24.438  6374  6421 W ReactNativeJS: `new NativeEventEmitter()` was called with a non-null argument without the required `removeListeners` method.
09-24 12:36:24.440  6374  6421 W ReactNativeJS: `new NativeEventEmitter()` was called with a non-null argument without the required `addListener` method.
09-24 12:36:24.440  6374  6421 W ReactNativeJS: `new NativeEventEmitter()` was called with a non-null argument without the required `removeListeners` method.
09-24 12:36:24.470  6374  6421 I ReactNativeJS: Running "ReactLauncher
09-24 12:36:24.492  6374  6421 I ReactNativeJS: App returned to foreground
09-24 12:36:24.502  6374  6421 I ReactNativeJS: Audio permission granted
09-24 12:36:24.504  6374  6422 I GameLauncher: Checking for crash: false (file: /storage/emulated/0/Android/data/ro.alynsampmobile.launcher/files/.crash_occurred)
09-24 12:36:24.507  6374  6422 I GameLauncher: Device Info - Android ID: 9a50cc4ae93e33c8
09-24 12:36:24.507  6374  6422 I GameLauncher: Device Info - Model: SM-S908E
09-24 12:36:24.507  6374  6422 I GameLauncher: Device Info - Board: taro
09-24 12:36:24.507  6374  6422 I GameLauncher: Device Info - Android ID: 9a50cc4ae93e33c8, Model: SM-S908E, Board: taro
09-24 12:36:24.509  6374  6421 I ReactNativeJS: 'HWID Components:', { androidId: '9a50cc4ae93e33c8',
09-24 12:36:24.509  6374  6421 I ReactNativeJS:   model: 'SM-S908E',
09-24 12:36:24.509  6374  6421 I ReactNativeJS:   board: 'taro' }
09-24 12:36:24.510  6374  6421 I ReactNativeJS: 'HWID Raw ID:', '9a50cc4ae93e33c8-SM-S908E-taro'
09-24 12:36:24.512  6374  6421 I ReactNativeJS: 'Generated HWID:', 'A4AF32F0853C114B828671798C80DA9F'
09-24 12:36:24.512  6374  6421 I ReactNativeJS: 'Full hash:', 'a4af32f0853c114b828671798c80da9ff8cc35c1981db83d9b773bac46d44673'
09-24 12:36:24.609  6374  6416 D SessionConfigFetcher: Fetched settings: {"settings_version":3,"cache_duration":172161,"features":{"collect_logged_exceptions":true,"collect_reports":true,"collect_analytics":false,"prompt_enabled":false,"push_enabled":false,"firebase_crashlytics_enabled":false,"collect_anrs":true,"collect_metric_kit":false,"collect_build_ids":true},"app":{"status":"activated","update_required":false,"report_upload_variant":2,"native_report_upload_variant":2},"fabric":{"org_id":"67c8a0288f9c1fad69abd1f7","bundle_id":"ro.alynsampmobile.launcher"},"on_demand_upload_rate_per_minute":10,"on_demand_backoff_base":1.2,"on_demand_backoff_step_duration_seconds":60,"app_quality":{"sessions_enabled":true,"sampling_rate":1,"session_timeout_seconds":1800},"on_demand_thread_recording_suspension_enabled":true}
09-24 12:36:24.628  6374  6401 D LifecycleServiceBinder: Binding service to application.
09-24 12:36:24.631  6374  6406 D SessionLifecycleClient: Queued message 1. Queue size 1
09-24 12:36:24.635  6374  6374 D SessionLifecycleService: Service bound to new client on process 6374
09-24 12:36:24.635  6374  6374 D SessionLifecycleClient: Connected to SessionLifecycleService. Queue size 1
09-24 12:36:24.635  6374  6414 D SessionLifecycleClient: Sending lifecycle 1 to service
09-24 12:36:24.636  6374  6436 D SessionLifecycleService: App has not yet foregrounded. Using previously stored session: null
09-24 12:36:24.636  6374  6436 D SessionLifecycleService: Client android.os.Messenger@b3504a1 bound at 623047. Clients: 1
09-24 12:36:24.636  6374  6436 D SessionLifecycleService: Activity foregrounding at 623047.
09-24 12:36:24.636  6374  6436 D SessionLifecycleService: Cold start detected.
09-24 12:36:24.637  6374  6436 D SessionLifecycleService: Generated new session c8d6850f3f2f4bd3be27778fa16171cb
09-24 12:36:24.637  6374  6436 D SessionLifecycleService: Broadcasting new session: SessionDetails(sessionId=c8d6850f3f2f4bd3be27778fa16171cb, firstSessionId=c8d6850f3f2f4bd3be27778fa16171cb, sessionIndex=0, sessionStartTimestampUs=1790264184637000)
09-24 12:36:24.637  6374  6435 W mobile.launche: Unknown chunk type '200'.
09-24 12:36:24.638  6374  6414 D SessionFirelogPublisher: Data Collection is enabled for at least one Subscriber
09-24 12:36:24.638  6374  6374 D SessionLifecycleClient: Session update received: c8d6850f3f2f4bd3be27778fa16171cb
09-24 12:36:24.638  6374  6401 D SessionLifecycleClient: Notified CRASHLYTICS of new session c8d6850f3f2f4bd3be27778fa16171cb
09-24 12:36:24.638  6374  6435 I WebViewFactory: Loading com.android.chrome version 129.0.6668.70 (code 666807027)
09-24 12:36:24.641  6374  6435 W mobile.launche: Unknown chunk type '200'.
09-24 12:36:24.641  6374  6414 D EventGDTLogger: Session Event: {"eventType":1,"sessionData":{"sessionId":"c8d6850f3f2f4bd3be27778fa16171cb","firstSessionId":"c8d6850f3f2f4bd3be27778fa16171cb","sessionIndex":0,"eventTimestampUs":1790264184637000,"dataCollectionStatus":{"performance":1,"crashlytics":2,"sessionSamplingRate":1.0},"firebaseInstallationId":"eRk5KTzBR8mdOO5ZlqolVD"},"applicationInfo":{"appId":"1:599679415599:android:5d524afc8cfcb15a8b1dda","deviceModel":"SM-S908E","sessionSdkVersion":"1.2.0","osVersion":"9","logEnvironment":3,"androidAppInfo":{"packageName":"ro.alynsampmobile.launcher","versionName":"20.0","appBuildVersion":"2000","deviceManufacturer":"samsung","currentProcessDetails":{"processName":"ro.alynsampmobile.launcher","pid":6374,"importance":100,"defaultProcess":true},"appProcessDetails":[{"processName":"ro.alynsampmobile.launcher","pid":6374,"importance":100,"defaultProcess":true}]}}}
09-24 12:36:24.642  6374  6414 D SessionFirelogPublisher: Successfully logged Session Start event: c8d6850f3f2f4bd3be27778fa16171cb
09-24 12:36:24.643  6374  6408 D TelephonyManager: creating subscriptionInfo Record, context : ro.alynsampmobile.launcher.MainApplication@1b68cb5
09-24 12:36:24.659  6374  6374 E unknown:ReactModalHost: Creating new dialog from context: ro.alynsampmobile.launcher.MainActivity@c50158f@206574991
09-24 12:36:24.665  6374  6422 W unknown:ViewManagerPropertyUpdater: Could not find generated setter for class com.swmansion.rnscreens.ScreensShadowNode
09-24 12:36:24.666  6374  6374 D View    : setSystemUiVisibility - uid=10074
09-24 12:36:24.676  6374  6422 D AppLovinSdk: [AppLovinSdk] 
09-24 12:36:24.676  6374  6422 D AppLovinSdk: ========================================
09-24 12:36:24.676  6374  6422 D AppLovinSdk: SDK Session Begin
09-24 12:36:24.676  6374  6422 D AppLovinSdk: ========================================
09-24 12:36:24.676  6374  6428 E EGL_emulation: tid 6428: eglSurfaceAttrib(1774): error 0x3009 (EGL_BAD_MATCH)
09-24 12:36:24.676  6374  6428 W OpenGLRenderer: Failed to set EGL_SWAP_BEHAVIOR on surface 0x7213fb574180, error=EGL_BAD_MATCH
09-24 12:36:24.681  6374  6374 E unknown:ReactModalHost: Updating existing dialog with context: ro.alynsampmobile.launcher.MainActivity@c50158f@206574991
09-24 12:36:24.684  6374  6428 D EGL_emulation: eglMakeCurrent: 0x72141ca68000: ver 3 2 (tinfo 0x7213fb486640)
09-24 12:36:24.684  6374  6422 W mobile.launche: Accessing hidden method Landroid/media/AudioTrack$Builder;->setOffloadedPlayback(Z)Landroid/media/AudioTrack$Builder; (dark greylist, linking)
09-24 12:36:24.685  6374  6422 W mobile.launche: Accessing hidden method Landroid/view/View;->setTransitionVisibility(I)V (dark greylist, linking)
09-24 12:36:24.687  6374  6422 I mobile.launche: Rejecting re-init on previously-failed class java.lang.Class<com.applovin.impl.sdk.aa$a>: java.lang.NoClassDefFoundError: Failed resolution of: Landroid/os/OutcomeReceiver;
09-24 12:36:24.687  6374  6422 I mobile.launche:   at boolean com.applovin.impl.sdk.aa.M(android.content.Context) (SourceFile:211)
09-24 12:36:24.687  6374  6422 I mobile.launche:   at java.util.Map com.applovin.impl.sdk.o.CY() (SourceFile:396)
09-24 12:36:24.687  6374  6422 I mobile.launche:   at void com.applovin.impl.sdk.o.<init>(com.applovin.impl.sdk.n) (SourceFile:177)
09-24 12:36:24.687  6374  6422 I mobile.launche:   at void com.applovin.impl.sdk.n.Bj() (SourceFile:457)
09-24 12:36:24.687  6374  6422 I mobile.launche:   at void com.applovin.impl.sdk.n.a(java.lang.String, com.applovin.sdk.AppLovinSdkSettings, android.content.Context) (SourceFile:415)
09-24 12:36:24.687  6374  6422 I mobile.launche:   at com.applovin.sdk.AppLovinSdk com.applovin.sdk.AppLovinSdk.getInstance(java.lang.String, com.applovin.sdk.AppLovinSdkSettings, android.content.Context) (SourceFile:425)
09-24 12:36:24.687  6374  6422 I mobile.launche:   at com.applovin.sdk.AppLovinSdk com.applovin.sdk.AppLovinSdk.getInstance(com.applovin.sdk.AppLovinSdkSettings, android.content.Context) (SourceFile:374)
09-24 12:36:24.687  6374  6422 I mobile.launche:   at com.applovin.sdk.AppLovinSdk com.applovin.sdk.AppLovinSdk.getInstance(android.content.Context) (SourceFile:350)
09-24 12:36:24.687  6374  6422 I mobile.launche:   at void ro.alynsampmobile.launcher.ads.AdsModule.initialize(java.lang.String, com.facebook.react.bridge.Promise) (AdsModule.java:57)
09-24 12:36:24.687  6374  6422 I mobile.launche:   at java.lang.Object java.lang.reflect.Method.invoke(java.lang.Object, java.lang.Object[]) (Method.java:-2)
09-24 12:36:24.687  6374  6422 I mobile.launche:   at void com.facebook.react.bridge.JavaMethodWrapper.invoke(com.facebook.react.bridge.JSInstance, com.facebook.react.bridge.ReadableArray) (JavaMethodWrapper.java:372)
09-24 12:36:24.687  6374  6422 I mobile.launche:   at void com.facebook.react.bridge.JavaModuleWrapper.invoke(int, com.facebook.react.bridge.ReadableNativeArray) (JavaModuleWrapper.java:149)
09-24 12:36:24.687  6374  6422 I mobile.launche:   at void com.facebook.jni.NativeRunnable.run() (NativeRunnable.java:-2)
09-24 12:36:24.687  6374  6422 I mobile.launche:   at void android.os.Handler.handleCallback(android.os.Message) (Handler.java:873)
09-24 12:36:24.687  6374  6422 I mobile.launche:   at void android.os.Handler.dispatchMessage(android.os.Message) (Handler.java:99)
09-24 12:36:24.687  6374  6422 I mobile.launche:   at void com.facebook.react.bridge.queue.MessageQueueThreadHandler.dispatchMessage(android.os.Message) (MessageQueueThreadHandler.java:29)
09-24 12:36:24.687  6374  6422 I mobile.launche:   at void android.os.Looper.loop() (Looper.java:193)
09-24 12:36:24.687  6374  6422 I mobile.launche:   at void com.facebook.react.bridge.queue.MessageQueueThreadImpl$4.run() (MessageQueueThreadImpl.java:234)
09-24 12:36:24.687  6374  6422 I mobile.launche:   at void java.lang.Thread.run() (Thread.java:764)
09-24 12:36:24.687  6374  6422 I mobile.launche: Caused by: java.lang.ClassNotFoundException: Didn't find class "android.os.OutcomeReceiver" on path: DexPathList[[zip file "/data/app/ro.alynsampmobile.launcher-1TqSFmeB_he3M2BYdMSYfQ==/base.apk"],nativeLibraryDirectories=[/data/app/ro.alynsampmobile.launcher-1TqSFmeB_he3M2BYdMSYfQ==/lib/arm64, /data/app/ro.alynsampmobile.launcher-1TqSFmeB_he3M2BYdMSYfQ==/base.apk!/lib/arm64-v8a, /system/lib64, /system/vendor/lib64]]
09-24 12:36:24.687  6374  6422 I mobile.launche:   at java.lang.Class dalvik.system.BaseDexClassLoader.findClass(java.lang.String) (BaseDexClassLoader.java:134)
09-24 12:36:24.687  6374  6422 I mobile.launche:   at java.lang.Class java.lang.ClassLoader.loadClass(java.lang.String, boolean) (ClassLoader.java:379)
09-24 12:36:24.687  6374  6422 I mobile.launche:   at java.lang.Class java.lang.ClassLoader.loadClass(java.lang.String) (ClassLoader.java:312)
09-24 12:36:24.687  6374  6422 I mobile.launche:   at boolean com.applovin.impl.sdk.aa.M(android.content.Context) (SourceFile:211)
09-24 12:36:24.687  6374  6422 I mobile.launche:   at java.util.Map com.applovin.impl.sdk.o.CY() (SourceFile:396)
09-24 12:36:24.687  6374  6422 I mobile.launche:   at void com.applovin.impl.sdk.o.<init>(com.applovin.impl.sdk.n) (SourceFile:177)
09-24 12:36:24.687  6374  6422 I mobile.launche:   at void com.applovin.impl.sdk.n.Bj() (SourceFile:457)
09-24 12:36:24.687  6374  6422 I mobile.launche:   at void com.applovin.impl.sdk.n.a(java.lang.String, com.applovin.sdk.AppLovinSdkSettings, android.content.Context) (SourceFile:415)
09-24 12:36:24.687  6374  6422 I mobile.launche:   at com.applovin.sdk.AppLovinSdk com.applovin.sdk.AppLovinSdk.getInstance(java.lang.String, com.applovin.sdk.AppLovinSdkSettings, android.content.Context) (SourceFile:425)
09-24 12:36:24.687  6374  6422 I mobile.launche:   at com.applovin.sdk.AppLovinSdk com.applovin.sdk.AppLovinSdk.getInstance(com.applovin.sdk.AppLovinSdkSettings, android.content.Context) (SourceFile:374)
09-24 12:36:24.687  6374  6422 I mobile.launche:   at com.applovin.sdk.AppLovinSdk com.applovin.sdk.AppLovinSdk.getInstance(android.content.Context) (SourceFile:350)
09-24 12:36:24.687  6374  6422 I mobile.launche:   at void ro.alynsampmobile.launcher.ads.AdsModule.initialize(java.lang.String, com.facebook.react.bridge.Promise) (AdsModule.java:57)
09-24 12:36:24.687  6374  6422 I mobile.launche:   at java.lang.Object java.lang.reflect.Method.invoke(java.lang.Object, java.lang.Object[]) (Method.java:-2)
09-24 12:36:24.687  6374  6422 I mobile.launche:   at void com.facebook.react.bridge.JavaMethodWrapper.invoke(com.facebook.react.bridge.JSInstance, com.facebook.react.bridge.ReadableArray) (JavaMethodWrapper.java:372)
09-24 12:36:24.687  6374  6422 I mobile.launche:   at void com.facebook.react.bridge.JavaModuleWrapper.invoke(int, com.facebook.react.bridge.ReadableNativeArray) (JavaModuleWrapper.java:149)
09-24 12:36:24.687  6374  6422 I mobile.launche:   at void com.facebook.jni.NativeRunnable.run() (NativeRunnable.java:-2)
09-24 12:36:24.687  6374  6422 I mobile.launche:   at void android.os.Handler.handleCallback(android.os.Message) (Handler.java:873)
09-24 12:36:24.687  6374  6422 I mobile.launche:   at void android.os.Handler.dispatchMessage(android.os.Message) (Handler.java:99)
09-24 12:36:24.687  6374  6422 I mobile.launche:   at void com.facebook.react.bridge.queue.MessageQueueThreadHandler.dispatchMessage(android.os.Message) (MessageQueueThreadHandler.java:29)
09-24 12:36:24.687  6374  6422 I mobile.launche:   at void android.os.Looper.loop() (Looper.java:193)
09-24 12:36:24.687  6374  6422 I mobile.launche:   at void com.facebook.react.bridge.queue.MessageQueueThreadImpl$4.run() (MessageQueueThreadImpl.java:234)
09-24 12:36:24.687  6374  6422 I mobile.launche:   at void java.lang.Thread.run() (Thread.java:764)
09-24 12:36:24.687  6374  6422 I mobile.launche: 
09-24 12:36:24.687  6374  6422 I mobile.launche: Rejecting re-init on previously-failed class java.lang.Class<com.applovin.impl.sdk.aa$a>: java.lang.NoClassDefFoundError: Failed resolution of: Landroid/os/OutcomeReceiver;
09-24 12:36:24.687  6374  6422 I mobile.launche:   at boolean com.applovin.impl.sdk.aa.M(android.content.Context) (SourceFile:211)
09-24 12:36:24.687  6374  6422 I mobile.launche:   at java.util.Map com.applovin.impl.sdk.o.CY() (SourceFile:396)
09-24 12:36:24.687  6374  6422 I mobile.launche:   at void com.applovin.impl.sdk.o.<init>(com.applovin.impl.sdk.n) (SourceFile:177)
09-24 12:36:24.687  6374  6422 I mobile.launche:   at void com.applovin.impl.sdk.n.Bj() (SourceFile:457)
09-24 12:36:24.687  6374  6422 I mobile.launche:   at void com.applovin.impl.sdk.n.a(java.lang.String, com.applovin.sdk.AppLovinSdkSettings, android.content.Context) (SourceFile:415)
09-24 12:36:24.687  6374  6422 I mobile.launche:   at com.applovin.sdk.AppLovinSdk com.applovin.sdk.AppLovinSdk.getInstance(java.lang.String, com.applovin.sdk.AppLovinSdkSettings, android.content.Context) (SourceFile:425)
09-24 12:36:24.687  6374  6422 I mobile.launche:   at com.applovin.sdk.AppLovinSdk com.applovin.sdk.AppLovinSdk.getInstance(com.applovin.sdk.AppLovinSdkSettings, android.content.Context) (SourceFile:374)
09-24 12:36:24.687  6374  6422 I mobile.launche:   at com.applovin.sdk.AppLovinSdk com.applovin.sdk.AppLovinSdk.getInstance(android.content.Context) (SourceFile:350)
09-24 12:36:24.687  6374  6422 I mobile.launche:   at void ro.alynsampmobile.launcher.ads.AdsModule.initialize(java.lang.String, com.facebook.react.bridge.Promise) (AdsModule.java:57)
09-24 12:36:24.687  6374  6422 I mobile.launche:   at java.lang.Object java.lang.reflect.Method.invoke(java.lang.Object, java.lang.Object[]) (Method.java:-2)
09-24 12:36:24.687  6374  6422 I mobile.launche:   at void com.facebook.react.bridge.JavaMethodWrapper.invoke(com.facebook.react.bridge.JSInstance, com.facebook.react.bridge.ReadableArray) (JavaMethodWrapper.java:372)
09-24 12:36:24.687  6374  6422 I mobile.launche:   at void com.facebook.react.bridge.JavaModuleWrapper.invoke(int, com.facebook.react.bridge.ReadableNativeArray) (JavaModuleWrapper.java:149)
09-24 12:36:24.687  6374  6422 I mobile.launche:   at void com.facebook.jni.NativeRunnable.run() (NativeRunnable.java:-2)
09-24 12:36:24.687  6374  6422 I mobile.launche:   at void android.os.Handler.handleCallback(android.os.Message) (Handler.java:873)
09-24 12:36:24.687  6374  6422 I mobile.launche:   at void android.os.Handler.dispatchMessage(android.os.Message) (Handler.java:99)
09-24 12:36:24.687  6374  6422 I mobile.launche:   at void com.facebook.react.bridge.queue.MessageQueueThreadHandler.dispatchMessage(android.os.Message) (MessageQueueThreadHandler.java:29)
09-24 12:36:24.687  6374  6422 I mobile.launche:   at void android.os.Looper.loop() (Looper.java:193)
09-24 12:36:24.687  6374  6422 I mobile.launche:   at void com.facebook.react.bridge.queue.MessageQueueThreadImpl$4.run() (MessageQueueThreadImpl.java:234)
09-24 12:36:24.687  6374  6422 I mobile.launche:   at void java.lang.Thread.run() (Thread.java:764)
09-24 12:36:24.687  6374  6422 I mobile.launche: Caused by: java.lang.ClassNotFoundException: Didn't find class "android.os.OutcomeReceiver" on path: DexPathList[[zip file "/data/app/ro.alynsampmobile.launcher-1TqSFmeB_he3M2BYdMSYfQ==/base.apk"],nativeLibraryDirectories=[/data/app/ro.alynsampmobile.launcher-1TqSFmeB_he3M2BYdMSYfQ==/lib/arm64, /data/app/ro.alynsampmobile.launcher-1TqSFmeB_he3M2BYdMSYfQ==/base.apk!/lib/arm64-v8a, /system/lib64, /system/vendor/lib64]]
09-24 12:36:24.687  6374  6422 I mobile.launche:   at java.lang.Class dalvik.system.BaseDexClassLoader.findClass(java.lang.String) (BaseDexClassLoader.java:134)
09-24 12:36:24.687  6374  6422 I mobile.launche:   at java.lang.Class java.lang.ClassLoader.loadClass(java.lang.String, boolean) (ClassLoader.java:379)
09-24 12:36:24.687  6374  6422 I mobile.launche:   at java.lang.Class java.lang.ClassLoader.loadClass(java.lang.String) (ClassLoader.java:312)
09-24 12:36:24.687  6374  6422 I mobile.launche:   at boolean com.applovin.impl.sdk.aa.M(android.content.Context) (SourceFile:211)
09-24 12:36:24.687  6374  6422 I mobile.launche:   at java.util.Map com.applovin.impl.sdk.o.CY() (SourceFile:396)
09-24 12:36:24.687  6374  6422 I mobile.launche:   at void com.applovin.impl.sdk.o.<init>(com.applovin.impl.sdk.n) (SourceFile:177)
09-24 12:36:24.687  6374  6422 I mobile.launche:   at void com.applovin.impl.sdk.n.Bj() (SourceFile:457)
09-24 12:36:24.687  6374  6422 I mobile.launche:   at void com.applovin.impl.sdk.n.a(java.lang.String, com.applovin.sdk.AppLovinSdkSettings, android.content.Context) (SourceFile:415)
09-24 12:36:24.687  6374  6422 I mobile.launche:   at com.applovin.sdk.AppLovinSdk com.applovin.sdk.AppLovinSdk.getInstance(java.lang.String, com.applovin.sdk.AppLovinSdkSettings, android.content.Context) (SourceFile:425)
09-24 12:36:24.687  6374  6422 I mobile.launche:   at com.applovin.sdk.AppLovinSdk com.applovin.sdk.AppLovinSdk.getInstance(com.applovin.sdk.AppLovinSdkSettings, android.content.Context) (SourceFile:374)
09-24 12:36:24.687  6374  6422 I mobile.launche:   at com.applovin.sdk.AppLovinSdk com.applovin.sdk.AppLovinSdk.getInstance(android.content.Context) (SourceFile:350)
09-24 12:36:24.687  6374  6422 I mobile.launche:   at void ro.alynsampmobile.launcher.ads.AdsModule.initialize(java.lang.String, com.facebook.react.bridge.Promise) (AdsModule.java:57)
09-24 12:36:24.687  6374  6422 I mobile.launche:   at java.lang.Object java.lang.reflect.Method.invoke(java.lang.Object, java.lang.Object[]) (Method.java:-2)
09-24 12:36:24.687  6374  6422 I mobile.launche:   at void com.facebook.react.bridge.JavaMethodWrapper.invoke(com.facebook.react.bridge.JSInstance, com.facebook.react.bridge.ReadableArray) (JavaMethodWrapper.java:372)
09-24 12:36:24.687  6374  6422 I mobile.launche:   at void com.facebook.react.bridge.JavaModuleWrapper.invoke(int, com.facebook.react.bridge.ReadableNativeArray) (JavaModuleWrapper.java:149)
09-24 12:36:24.687  6374  6422 I mobile.launche:   at void com.facebook.jni.NativeRunnable.run() (NativeRunnable.java:-2)
09-24 12:36:24.687  6374  6422 I mobile.launche:   at void android.os.Handler.handleCallback(android.os.Message) (Handler.java:873)
09-24 12:36:24.687  6374  6422 I mobile.launche:   at void android.os.Handler.dispatchMessage(android.os.Message) (Handler.java:99)
09-24 12:36:24.687  6374  6422 I mobile.launche:   at void com.facebook.react.bridge.queue.MessageQueueThreadHandler.dispatchMessage(android.os.Message) (MessageQueueThreadHandler.java:29)
09-24 12:36:24.687  6374  6422 I mobile.launche:   at void android.os.Looper.loop() (Looper.java:193)
09-24 12:36:24.687  6374  6422 I mobile.launche:   at void com.facebook.react.bridge.queue.MessageQueueThreadImpl$4.run() (MessageQueueThreadImpl.java:234)
09-24 12:36:24.687  6374  6422 I mobile.launche:   at void java.lang.Thread.run() (Thread.java:764)
09-24 12:36:24.687  6374  6422 I mobile.launche: 
09-24 12:36:24.687  6374  6422 I mobile.launche: Rejecting re-init on previously-failed class java.lang.Class<com.applovin.impl.sdk.aa$a>: java.lang.NoClassDefFoundError: Failed resolution of: Landroid/os/OutcomeReceiver;
09-24 12:36:24.687  6374  6422 I mobile.launche:   at boolean com.applovin.impl.sdk.aa.M(android.content.Context) (SourceFile:211)
09-24 12:36:24.687  6374  6422 I mobile.launche:   at java.util.Map com.applovin.impl.sdk.o.CY() (SourceFile:396)
09-24 12:36:24.687  6374  6422 I mobile.launche:   at void com.applovin.impl.sdk.o.<init>(com.applovin.impl.sdk.n) (SourceFile:177)
09-24 12:36:24.687  6374  6422 I mobile.launche:   at void com.applovin.impl.sdk.n.Bj() (SourceFile:457)
09-24 12:36:24.687  6374  6422 I mobile.launche:   at void com.applovin.impl.sdk.n.a(java.lang.String, com.applovin.sdk.AppLovinSdkSettings, android.content.Context) (SourceFile:415)
09-24 12:36:24.687  6374  6422 I mobile.launche:   at com.applovin.sdk.AppLovinSdk com.applovin.sdk.AppLovinSdk.getInstance(java.lang.String, com.applovin.sdk.AppLovinSdkSettings, android.content.Context) (SourceFile:425)
09-24 12:36:24.687  6374  6422 I mobile.launche:   at com.applovin.sdk.AppLovinSdk com.applovin.sdk.AppLovinSdk.getInstance(com.applovin.sdk.AppLovinSdkSettings, android.content.Context) (SourceFile:374)
09-24 12:36:24.687  6374  6422 I mobile.launche:   at com.applovin.sdk.AppLovinSdk com.applovin.sdk.AppLovinSdk.getInstance(android.content.Context) (SourceFile:350)
09-24 12:36:24.687  6374  6422 I mobile.launche:   at void ro.alynsampmobile.launcher.ads.AdsModule.initialize(java.lang.String, com.facebook.react.bridge.Promise) (AdsModule.java:57)
09-24 12:36:24.687  6374  6422 I mobile.launche:   at java.lang.Object java.lang.reflect.Method.invoke(java.lang.Object, java.lang.Object[]) (Method.java:-2)
09-24 12:36:24.687  6374  6422 I mobile.launche:   at void com.facebook.react.bridge.JavaMethodWrapper.invoke(com.facebook.react.bridge.JSInstance, com.facebook.react.bridge.ReadableArray) (JavaMethodWrapper.java:372)
09-24 12:36:24.687  6374  6422 I mobile.launche:   at void com.facebook.react.bridge.JavaModuleWrapper.invoke(int, com.facebook.react.bridge.ReadableNativeArray) (JavaModuleWrapper.java:149)
09-24 12:36:24.687  6374  6422 I mobile.launche:   at void com.facebook.jni.NativeRunnable.run() (NativeRunnable.java:-2)
09-24 12:36:24.687  6374  6422 I mobile.launche:   at void android.os.Handler.handleCallback(android.os.Message) (Handler.java:873)
09-24 12:36:24.687  6374  6422 I mobile.launche:   at void android.os.Handler.dispatchMessage(android.os.Message) (Handler.java:99)
09-24 12:36:24.687  6374  6422 I mobile.launche:   at void com.facebook.react.bridge.queue.MessageQueueThreadHandler.dispatchMessage(android.os.Message) (MessageQueueThreadHandler.java:29)
09-24 12:36:24.687  6374  6422 I mobile.launche:   at void android.os.Looper.loop() (Looper.java:193)
09-24 12:36:24.687  6374  6422 I mobile.launche:   at void com.facebook.react.bridge.queue.MessageQueueThreadImpl$4.run() (MessageQueueThreadImpl.java:234)
09-24 12:36:24.687  6374  6422 I mobile.launche:   at void java.lang.Thread.run() (Thread.java:764)
09-24 12:36:24.687  6374  6422 I mobile.launche: Caused by: java.lang.ClassNotFoundException: Didn't find class "android.os.OutcomeReceiver" on path: DexPathList[[zip file "/data/app/ro.alynsampmobile.launcher-1TqSFmeB_he3M2BYdMSYfQ==/base.apk"],nativeLibraryDirectories=[/data/app/ro.alynsampmobile.launcher-1TqSFmeB_he3M2BYdMSYfQ==/lib/arm64, /data/app/ro.alynsampmobile.launcher-1TqSFmeB_he3M2BYdMSYfQ==/base.apk!/lib/arm64-v8a, /system/lib64, /system/vendor/lib64]]
09-24 12:36:24.687  6374  6422 I mobile.launche:   at java.lang.Class dalvik.system.BaseDexClassLoader.findClass(java.lang.String) (BaseDexClassLoader.java:134)
09-24 12:36:24.687  6374  6422 I mobile.launche:   at java.lang.Class java.lang.ClassLoader.loadClass(java.lang.String, boolean) (ClassLoader.java:379)
09-24 12:36:24.687  6374  6422 I mobile.launche:   at java.lang.Class java.lang.ClassLoader.loadClass(java.lang.String) (ClassLoader.java:312)
09-24 12:36:24.687  6374  6422 I mobile.launche:   at boolean com.applovin.impl.sdk.aa.M(android.content.Context) (SourceFile:211)
09-24 12:36:24.687  6374  6422 I mobile.launche:   at java.util.Map com.applovin.impl.sdk.o.CY() (SourceFile:396)
09-24 12:36:24.687  6374  6422 I mobile.launche:   at void com.applovin.impl.sdk.o.<init>(com.applovin.impl.sdk.n) (SourceFile:177)
09-24 12:36:24.687  6374  6422 I mobile.launche:   at void com.applovin.impl.sdk.n.Bj() (SourceFile:457)
09-24 12:36:24.687  6374  6422 I mobile.launche:   at void com.applovin.impl.sdk.n.a(java.lang.String, com.applovin.sdk.AppLovinSdkSettings, android.content.Context) (SourceFile:415)
09-24 12:36:24.687  6374  6422 I mobile.launche:   at com.applovin.sdk.AppLovinSdk com.applovin.sdk.AppLovinSdk.getInstance(java.lang.String, com.applovin.sdk.AppLovinSdkSettings, android.content.Context) (SourceFile:425)
09-24 12:36:24.687  6374  6422 I mobile.launche:   at com.applovin.sdk.AppLovinSdk com.applovin.sdk.AppLovinSdk.getInstance(com.applovin.sdk.AppLovinSdkSettings, android.content.Context) (SourceFile:374)
09-24 12:36:24.687  6374  6422 I mobile.launche:   at com.applovin.sdk.AppLovinSdk com.applovin.sdk.AppLovinSdk.getInstance(android.content.Context) (SourceFile:350)
09-24 12:36:24.687  6374  6422 I mobile.launche:   at void ro.alynsampmobile.launcher.ads.AdsModule.initialize(java.lang.String, com.facebook.react.bridge.Promise) (AdsModule.java:57)
09-24 12:36:24.687  6374  6422 I mobile.launche:   at java.lang.Object java.lang.reflect.Method.invoke(java.lang.Object, java.lang.Object[]) (Method.java:-2)
09-24 12:36:24.687  6374  6422 I mobile.launche:   at void com.facebook.react.bridge.JavaMethodWrapper.invoke(com.facebook.react.bridge.JSInstance, com.facebook.react.bridge.ReadableArray) (JavaMethodWrapper.java:372)
09-24 12:36:24.687  6374  6422 I mobile.launche:   at void com.facebook.react.bridge.JavaModuleWrapper.invoke(int, com.facebook.react.bridge.ReadableNativeArray) (JavaModuleWrapper.java:149)
09-24 12:36:24.687  6374  6422 I mobile.launche:   at void com.facebook.jni.NativeRunnable.run() (NativeRunnable.java:-2)
09-24 12:36:24.687  6374  6422 I mobile.launche:   at void android.os.Handler.handleCallback(android.os.Message) (Handler.java:873)
09-24 12:36:24.687  6374  6422 I mobile.launche:   at void android.os.Handler.dispatchMessage(android.os.Message) (Handler.java:99)
09-24 12:36:24.687  6374  6422 I mobile.launche:   at void com.facebook.react.bridge.queue.MessageQueueThreadHandler.dispatchMessage(android.os.Message) (MessageQueueThreadHandler.java:29)
09-24 12:36:24.687  6374  6422 I mobile.launche:   at void android.os.Looper.loop() (Looper.java:193)
09-24 12:36:24.687  6374  6422 I mobile.launche:   at void com.facebook.react.bridge.queue.MessageQueueThreadImpl$4.run() (MessageQueueThreadImpl.java:234)
09-24 12:36:24.687  6374  6422 I mobile.launche:   at void java.lang.Thread.run() (Thread.java:764)
09-24 12:36:24.687  6374  6422 I mobile.launche: 
09-24 12:36:24.687  6374  6422 I mobile.launche: Rejecting re-init on previously-failed class java.lang.Class<com.applovin.impl.sdk.aa$a>: java.lang.NoClassDefFoundError: Failed resolution of: Landroid/os/OutcomeReceiver;
09-24 12:36:24.687  6374  6422 I mobile.launche:   at boolean com.applovin.impl.sdk.aa.M(android.content.Context) (SourceFile:211)
09-24 12:36:24.687  6374  6422 I mobile.launche:   at java.util.Map com.applovin.impl.sdk.o.CY() (SourceFile:396)
09-24 12:36:24.687  6374  6422 I mobile.launche:   at void com.applovin.impl.sdk.o.<init>(com.applovin.impl.sdk.n) (SourceFile:177)
09-24 12:36:24.687  6374  6422 I mobile.launche:   at void com.applovin.impl.sdk.n.Bj() (SourceFile:457)
09-24 12:36:24.687  6374  6422 I mobile.launche:   at void com.applovin.impl.sdk.n.a(java.lang.String, com.applovin.sdk.AppLovinSdkSettings, android.content.Context) (SourceFile:415)
09-24 12:36:24.687  6374  6422 I mobile.launche:   at com.applovin.sdk.AppLovinSdk com.applovin.sdk.AppLovinSdk.getInstance(java.lang.String, com.applovin.sdk.AppLovinSdkSettings, android.content.Context) (SourceFile:425)
09-24 12:36:24.687  6374  6422 I mobile.launche:   at com.applovin.sdk.AppLovinSdk com.applovin.sdk.AppLovinSdk.getInstance(com.applovin.sdk.AppLovinSdkSettings, android.content.Context) (SourceFile:374)
09-24 12:36:24.687  6374  6422 I mobile.launche:   at com.applovin.sdk.AppLovinSdk com.applovin.sdk.AppLovinSdk.getInstance(android.content.Context) (SourceFile:350)
09-24 12:36:24.687  6374  6422 I mobile.launche:   at void ro.alynsampmobile.launcher.ads.AdsModule.initialize(java.lang.String, com.facebook.react.bridge.Promise) (AdsModule.java:57)
09-24 12:36:24.687  6374  6422 I mobile.launche:   at java.lang.Object java.lang.reflect.Method.invoke(java.lang.Object, java.lang.Object[]) (Method.java:-2)
09-24 12:36:24.687  6374  6422 I mobile.launche:   at void com.facebook.react.bridge.JavaMethodWrapper.invoke(com.facebook.react.bridge.JSInstance, com.facebook.react.bridge.ReadableArray) (JavaMethodWrapper.java:372)
09-24 12:36:24.687  6374  6422 I mobile.launche:   at void com.facebook.react.bridge.JavaModuleWrapper.invoke(int, com.facebook.react.bridge.ReadableNativeArray) (JavaModuleWrapper.java:149)
09-24 12:36:24.687  6374  6422 I mobile.launche:   at void com.facebook.jni.NativeRunnable.run() (NativeRunnable.java:-2)
09-24 12:36:24.687  6374  6422 I mobile.launche:   at void android.os.Handler.handleCallback(android.os.Message) (Handler.java:873)
09-24 12:36:24.687  6374  6422 I mobile.launche:   at void android.os.Handler.dispatchMessage(android.os.Message) (Handler.java:99)
09-24 12:36:24.687  6374  6422 I mobile.launche:   at void com.facebook.react.bridge.queue.MessageQueueThreadHandler.dispatchMessage(android.os.Message) (MessageQueueThreadHandler.java:29)
09-24 12:36:24.687  6374  6422 I mobile.launche:   at void android.os.Looper.loop() (Looper.java:193)
09-24 12:36:24.687  6374  6422 I mobile.launche:   at void com.facebook.react.bridge.queue.MessageQueueThreadImpl$4.run() (MessageQueueThreadImpl.java:234)
09-24 12:36:24.687  6374  6422 I mobile.launche:   at void java.lang.Thread.run() (Thread.java:764)
09-24 12:36:24.687  6374  6422 I mobile.launche: Caused by: java.lang.ClassNotFoundException: Didn't find class "android.os.OutcomeReceiver" on path: DexPathList[[zip file "/data/app/ro.alynsampmobile.launcher-1TqSFmeB_he3M2BYdMSYfQ==/base.apk"],nativeLibraryDirectories=[/data/app/ro.alynsampmobile.launcher-1TqSFmeB_he3M2BYdMSYfQ==/lib/arm64, /data/app/ro.alynsampmobile.launcher-1TqSFmeB_he3M2BYdMSYfQ==/base.apk!/lib/arm64-v8a, /system/lib64, /system/vendor/lib64]]
09-24 12:36:24.687  6374  6422 I mobile.launche:   at java.lang.Class dalvik.system.BaseDexClassLoader.findClass(java.lang.String) (BaseDexClassLoader.java:134)
09-24 12:36:24.687  6374  6422 I mobile.launche:   at java.lang.Class java.lang.ClassLoader.loadClass(java.lang.String, boolean) (ClassLoader.java:379)
09-24 12:36:24.687  6374  6422 I mobile.launche:   at java.lang.Class java.lang.ClassLoader.loadClass(java.lang.String) (ClassLoader.java:312)
09-24 12:36:24.687  6374  6422 I mobile.launche:   at boolean com.applovin.impl.sdk.aa.M(android.content.Context) (SourceFile:211)
09-24 12:36:24.687  6374  6422 I mobile.launche:   at java.util.Map com.applovin.impl.sdk.o.CY() (SourceFile:396)
09-24 12:36:24.687  6374  6422 I mobile.launche:   at void com.applovin.impl.sdk.o.<init>(com.applovin.impl.sdk.n) (SourceFile:177)
09-24 12:36:24.687  6374  6422 I mobile.launche:   at void com.applovin.impl.sdk.n.Bj() (SourceFile:457)
09-24 12:36:24.687  6374  6422 I mobile.launche:   at void com.applovin.impl.sdk.n.a(java.lang.String, com.applovin.sdk.AppLovinSdkSettings, android.content.Context) (SourceFile:415)
09-24 12:36:24.687  6374  6422 I mobile.launche:   at com.applovin.sdk.AppLovinSdk com.applovin.sdk.AppLovinSdk.getInstance(java.lang.String, com.applovin.sdk.AppLovinSdkSettings, android.content.Context) (SourceFile:425)
09-24 12:36:24.687  6374  6422 I mobile.launche:   at com.applovin.sdk.AppLovinSdk com.applovin.sdk.AppLovinSdk.getInstance(com.applovin.sdk.AppLovinSdkSettings, android.content.Context) (SourceFile:374)
09-24 12:36:24.687  6374  6422 I mobile.launche:   at com.applovin.sdk.AppLovinSdk com.applovin.sdk.AppLovinSdk.getInstance(android.content.Context) (SourceFile:350)
09-24 12:36:24.687  6374  6422 I mobile.launche:   at void ro.alynsampmobile.launcher.ads.AdsModule.initialize(java.lang.String, com.facebook.react.bridge.Promise) (AdsModule.java:57)
09-24 12:36:24.687  6374  6422 I mobile.launche:   at java.lang.Object java.lang.reflect.Method.invoke(java.lang.Object, java.lang.Object[]) (Method.java:-2)
09-24 12:36:24.687  6374  6422 I mobile.launche:   at void com.facebook.react.bridge.JavaMethodWrapper.invoke(com.facebook.react.bridge.JSInstance, com.facebook.react.bridge.ReadableArray) (JavaMethodWrapper.java:372)
09-24 12:36:24.687  6374  6422 I mobile.launche:   at void com.facebook.react.bridge.JavaModuleWrapper.invoke(int, com.facebook.react.bridge.ReadableNativeArray) (JavaModuleWrapper.java:149)
09-24 12:36:24.687  6374  6422 I mobile.launche:   at void com.facebook.jni.NativeRunnable.run() (NativeRunnable.java:-2)
09-24 12:36:24.687  6374  6422 I mobile.launche:   at void android.os.Handler.handleCallback(android.os.Message) (Handler.java:873)
09-24 12:36:24.687  6374  6422 I mobile.launche:   at void android.os.Handler.dispatchMessage(android.os.Message) (Handler.java:99)
09-24 12:36:24.687  6374  6422 I mobile.launche:   at void com.facebook.react.bridge.queue.MessageQueueThreadHandler.dispatchMessage(android.os.Message) (MessageQueueThreadHandler.java:29)
09-24 12:36:24.687  6374  6422 I mobile.launche:   at void android.os.Looper.loop() (Looper.java:193)
09-24 12:36:24.687  6374  6422 I mobile.launche:   at void com.facebook.react.bridge.queue.MessageQueueThreadImpl$4.run() (MessageQueueThreadImpl.java:234)
09-24 12:36:24.687  6374  6422 I mobile.launche:   at void java.lang.Thread.run() (Thread.java:764)
09-24 12:36:24.687  6374  6422 I mobile.launche: 
09-24 12:36:24.687  6374  6435 I mobile.launche: Rejecting re-init on previously-failed class java.lang.Class<IS2>: java.lang.NoClassDefFoundError: Failed resolution of: Landroid/webkit/PacProcessor;
09-24 12:36:24.687  6374  6435 I mobile.launche:   at java.lang.Class java.lang.Class.classForName(java.lang.String, boolean, java.lang.ClassLoader) (Class.java:-2)
09-24 12:36:24.687  6374  6435 I mobile.launche:   at java.lang.Class java.lang.Class.forName(java.lang.String, boolean, java.lang.ClassLoader) (Class.java:453)
09-24 12:36:24.687  6374  6435 I mobile.launche:   at java.lang.Class android.webkit.WebViewFactory.getWebViewProviderClass(java.lang.ClassLoader) (WebViewFactory.java:176)
09-24 12:36:24.687  6374  6435 I mobile.launche:   at java.lang.Class android.webkit.WebViewFactory.getProviderClass() (WebViewFactory.java:459)
09-24 12:36:24.687  6374  6435 I mobile.launche:   at android.webkit.WebViewFactoryProvider android.webkit.WebViewFactory.getProvider() (WebViewFactory.java:251)
09-24 12:36:24.687  6374  6435 I mobile.launche:   at android.webkit.CookieManager android.webkit.CookieManager.getInstance() (CookieManager.java:40)
09-24 12:36:24.687  6374  6435 I mobile.launche:   at android.webkit.CookieManager com.facebook.react.modules.network.ForwardingCookieHandler.getCookieManager() (ForwardingCookieHandler.java:102)
09-24 12:36:24.687  6374  6435 I mobile.launche:   at java.util.Map com.facebook.react.modules.network.ForwardingCookieHandler.get(java.net.URI, java.util.Map) (ForwardingCookieHandler.java:43)
09-24 12:36:24.687  6374  6435 I mobile.launche:   at java.util.List okhttp3.JavaNetCookieJar.loadForRequest(okhttp3.HttpUrl) (JavaNetCookieJar.kt:47)
09-24 12:36:24.687  6374  6435 I mobile.launche:   at java.util.List com.facebook.react.modules.network.ReactCookieJarContainer.loadForRequest(okhttp3.HttpUrl) (ReactCookieJarContainer.java:44)
09-24 12:36:24.687  6374  6435 I mobile.launche:   at okhttp3.Response okhttp3.internal.http.BridgeInterceptor.intercept(okhttp3.Interceptor$Chain) (BridgeInterceptor.kt:74)
09-24 12:36:24.687  6374  6435 I mobile.launche:   at okhttp3.Response okhttp3.internal.http.RealInterceptorChain.proceed(okhttp3.Request) (RealInterceptorChain.kt:109)
09-24 12:36:24.687  6374  6435 I mobile.launche:   at okhttp3.Response okhttp3.internal.http.RetryAndFollowUpInterceptor.intercept(okhttp3.Interceptor$Chain) (RetryAndFollowUpInterceptor.kt:76)
09-24 12:36:24.687  6374  6435 I mobile.launche:   at okhttp3.Response okhttp3.internal.http.RealInterceptorChain.proceed(okhttp3.Request) (RealInterceptorChain.kt:109)
09-24 12:36:24.687  6374  6435 I mobile.launche:   at okhttp3.Response okhttp3.internal.connection.RealCall.getResponseWithInterceptorChain$okhttp() (RealCall.kt:201)
09-24 12:36:24.687  6374  6435 I mobile.launche:   at void okhttp3.internal.connection.RealCall$AsyncCall.run() (RealCall.kt:517)
09-24 12:36:24.687  6374  6435 I mobile.launche:   at void java.util.concurrent.ThreadPoolExecutor.runWorker(java.util.concurrent.ThreadPoolExecutor$Worker) (ThreadPoolExecutor.java:1167)
09-24 12:36:24.687  6374  6435 I mobile.launche:   at void java.util.concurrent.ThreadPoolExecutor$Worker.run() (ThreadPoolExecutor.java:641)
09-24 12:36:24.687  6374  6435 I mobile.launche:   at void java.lang.Thread.run() (Thread.java:764)
09-24 12:36:24.687  6374  6435 I mobile.launche: Caused by: java.lang.ClassNotFoundException: Didn't find class "android.webkit.PacProcessor" on path: DexPathList[[zip file "/data/downloads/com.android.chrome/base.apk"],nativeLibraryDirectories=[/data/downloads/com.android.chrome/lib/x86_64, /data/downloads/com.android.chrome/base.apk!/lib/x86_64, /system/lib64, /system/vendor/lib64, /system/lib64, /system/vendor/lib64]]
09-24 12:36:24.687  6374  6435 I mobile.launche:   at java.lang.Class dalvik.system.BaseDexClassLoader.findClass(java.lang.String) (BaseDexClassLoader.java:134)
09-24 12:36:24.687  6374  6435 I mobile.launche:   at java.lang.Class java.lang.ClassLoader.loadClass(java.lang.String, boolean) (ClassLoader.java:379)
09-24 12:36:24.687  6374  6435 I mobile.launche:   at java.lang.Class java.lang.ClassLoader.loadClass(java.lang.String) (ClassLoader.java:312)
09-24 12:36:24.687  6374  6435 I mobile.launche:   at java.lang.Class java.lang.Class.classForName(java.lang.String, boolean, java.lang.ClassLoader) (Class.java:-2)
09-24 12:36:24.687  6374  6435 I mobile.launche:   at java.lang.Class java.lang.Class.forName(java.lang.String, boolean, java.lang.ClassLoader) (Class.java:453)
09-24 12:36:24.687  6374  6435 I mobile.launche:   at java.lang.Class android.webkit.WebViewFactory.getWebViewProviderClass(java.lang.ClassLoader) (WebViewFactory.java:176)
09-24 12:36:24.687  6374  6435 I mobile.launche:   at java.lang.Class android.webkit.WebViewFactory.getProviderClass() (WebViewFactory.java:459)
09-24 12:36:24.687  6374  6435 I mobile.launche:   at android.webkit.WebViewFactoryProvider android.webkit.WebViewFactory.getProvider() (WebViewFactory.java:251)
09-24 12:36:24.687  6374  6435 I mobile.launche:   at android.webkit.CookieManager android.webkit.CookieManager.getInstance() (CookieManager.java:40)
09-24 12:36:24.687  6374  6435 I mobile.launche:   at android.webkit.CookieManager com.facebook.react.modules.network.ForwardingCookieHandler.getCookieManager() (ForwardingCookieHandler.java:102)
09-24 12:36:24.687  6374  6435 I mobile.launche:   at java.util.Map com.facebook.react.modules.network.ForwardingCookieHandler.get(java.net.URI, java.util.Map) (ForwardingCookieHandler.java:43)
09-24 12:36:24.687  6374  6435 I mobile.launche:   at java.util.List okhttp3.JavaNetCookieJar.loadForRequest(okhttp3.HttpUrl) (JavaNetCookieJar.kt:47)
09-24 12:36:24.687  6374  6435 I mobile.launche:   at java.util.List com.facebook.react.modules.network.ReactCookieJarContainer.loadForRequest(okhttp3.HttpUrl) (ReactCookieJarContainer.java:44)
09-24 12:36:24.687  6374  6435 I mobile.launche:   at okhttp3.Response okhttp3.internal.http.BridgeInterceptor.intercept(okhttp3.Interceptor$Chain) (BridgeInterceptor.kt:74)
09-24 12:36:24.687  6374  6435 I mobile.launche:   at okhttp3.Response okhttp3.internal.http.RealInterceptorChain.proceed(okhttp3.Request) (RealInterceptorChain.kt:109)
09-24 12:36:24.687  6374  6435 I mobile.launche:   at okhttp3.Response okhttp3.internal.http.RetryAndFollowUpInterceptor.intercept(okhttp3.Interceptor$Chain) (RetryAndFollowUpInterceptor.kt:76)
09-24 12:36:24.687  6374  6435 I mobile.launche:   at okhttp3.Response okhttp3.internal.http.RealInterceptorChain.proceed(okhttp3.Request) (RealInterceptorChain.kt:109)
09-24 12:36:24.687  6374  6435 I mobile.launche:   at okhttp3.Response okhttp3.internal.connection.RealCall.getResponseWithInterceptorChain$okhttp() (RealCall.kt:201)
09-24 12:36:24.687  6374  6435 I mobile.launche:   at void okhttp3.internal.connection.RealCall$AsyncCall.run() (RealCall.kt:517)
09-24 12:36:24.687  6374  6435 I mobile.launche:   at void java.util.concurrent.ThreadPoolExecutor.runWorker(java.util.concurrent.ThreadPoolExecutor$Worker) (ThreadPoolExecutor.java:1167)
09-24 12:36:24.687  6374  6435 I mobile.launche:   at void java.util.concurrent.ThreadPoolExecutor$Worker.run() (ThreadPoolExecutor.java:641)
09-24 12:36:24.687  6374  6435 I mobile.launche:   at void java.lang.Thread.run() (Thread.java:764)
09-24 12:36:24.687  6374  6435 I mobile.launche: 
09-24 12:36:24.687  6374  6435 I mobile.launche: Rejecting re-init on previously-failed class java.lang.Class<IS2>: java.lang.NoClassDefFoundError: Failed resolution of: Landroid/webkit/PacProcessor;
09-24 12:36:24.687  6374  6435 I mobile.launche:   at java.lang.Class java.lang.Class.classForName(java.lang.String, boolean, java.lang.ClassLoader) (Class.java:-2)
09-24 12:36:24.687  6374  6435 I mobile.launche:   at java.lang.Class java.lang.Class.forName(java.lang.String, boolean, java.lang.ClassLoader) (Class.java:453)
09-24 12:36:24.687  6374  6435 I mobile.launche:   at java.lang.Class android.webkit.WebViewFactory.getWebViewProviderClass(java.lang.ClassLoader) (WebViewFactory.java:176)
09-24 12:36:24.687  6374  6435 I mobile.launche:   at java.lang.Class android.webkit.WebViewFactory.getProviderClass() (WebViewFactory.java:459)
09-24 12:36:24.687  6374  6435 I mobile.launche:   at android.webkit.WebViewFactoryProvider android.webkit.WebViewFactory.getProvider() (WebViewFactory.java:251)
09-24 12:36:24.687  6374  6435 I mobile.launche:   at android.webkit.CookieManager android.webkit.CookieManager.getInstance() (CookieManager.java:40)
09-24 12:36:24.687  6374  6435 I mobile.launche:   at android.webkit.CookieManager com.facebook.react.modules.network.ForwardingCookieHandler.getCookieManager() (ForwardingCookieHandler.java:102)
09-24 12:36:24.687  6374  6435 I mobile.launche:   at java.util.Map com.facebook.react.modules.network.ForwardingCookieHandler.get(java.net.URI, java.util.Map) (ForwardingCookieHandler.java:43)
09-24 12:36:24.687  6374  6435 I mobile.launche:   at java.util.List okhttp3.JavaNetCookieJar.loadForRequest(okhttp3.HttpUrl) (JavaNetCookieJar.kt:47)
09-24 12:36:24.687  6374  6435 I mobile.launche:   at java.util.List com.facebook.react.modules.network.ReactCookieJarContainer.loadForRequest(okhttp3.HttpUrl) (ReactCookieJarContainer.java:44)
09-24 12:36:24.687  6374  6435 I mobile.launche:   at okhttp3.Response okhttp3.internal.http.BridgeInterceptor.intercept(okhttp3.Interceptor$Chain) (BridgeInterceptor.kt:74)
09-24 12:36:24.687  6374  6435 I mobile.launche:   at okhttp3.Response okhttp3.internal.http.RealInterceptorChain.proceed(okhttp3.Request) (RealInterceptorChain.kt:109)
09-24 12:36:24.687  6374  6435 I mobile.launche:   at okhttp3.Response okhttp3.internal.http.RetryAndFollowUpInterceptor.intercept(okhttp3.Interceptor$Chain) (RetryAndFollowUpInterceptor.kt:76)
09-24 12:36:24.687  6374  6435 I mobile.launche:   at okhttp3.Response okhttp3.internal.http.RealInterceptorChain.proceed(okhttp3.Request) (RealInterceptorChain.kt:109)
09-24 12:36:24.687  6374  6435 I mobile.launche:   at okhttp3.Response okhttp3.internal.connection.RealCall.getResponseWithInterceptorChain$okhttp() (RealCall.kt:201)
09-24 12:36:24.687  6374  6435 I mobile.launche:   at void okhttp3.internal.connection.RealCall$AsyncCall.run() (RealCall.kt:517)
09-24 12:36:24.687  6374  6435 I mobile.launche:   at void java.util.concurrent.ThreadPoolExecutor.runWorker(java.util.concurrent.ThreadPoolExecutor$Worker) (ThreadPoolExecutor.java:1167)
09-24 12:36:24.687  6374  6435 I mobile.launche:   at void java.util.concurrent.ThreadPoolExecutor$Worker.run() (ThreadPoolExecutor.java:641)
09-24 12:36:24.687  6374  6435 I mobile.launche:   at void java.lang.Thread.run() (Thread.java:764)
09-24 12:36:24.687  6374  6435 I mobile.launche: Caused by: java.lang.ClassNotFoundException: Didn't find class "android.webkit.PacProcessor" on path: DexPathList[[zip file "/data/downloads/com.android.chrome/base.apk"],nativeLibraryDirectories=[/data/downloads/com.android.chrome/lib/x86_64, /data/downloads/com.android.chrome/base.apk!/lib/x86_64, /system/lib64, /system/vendor/lib64, /system/lib64, /system/vendor/lib64]]
09-24 12:36:24.687  6374  6435 I mobile.launche:   at java.lang.Class dalvik.system.BaseDexClassLoader.findClass(java.lang.String) (BaseDexClassLoader.java:134)
09-24 12:36:24.687  6374  6435 I mobile.launche:   at java.lang.Class java.lang.ClassLoader.loadClass(java.lang.String, boolean) (ClassLoader.java:379)
09-24 12:36:24.687  6374  6435 I mobile.launche:   at java.lang.Class java.lang.ClassLoader.loadClass(java.lang.String) (ClassLoader.java:312)
09-24 12:36:24.687  6374  6435 I mobile.launche:   at java.lang.Class java.lang.Class.classForName(java.lang.String, boolean, java.lang.ClassLoader) (Class.java:-2)
09-24 12:36:24.687  6374  6435 I mobile.launche:   at java.lang.Class java.lang.Class.forName(java.lang.String, boolean, java.lang.ClassLoader) (Class.java:453)
09-24 12:36:24.687  6374  6435 I mobile.launche:   at java.lang.Class android.webkit.WebViewFactory.getWebViewProviderClass(java.lang.ClassLoader) (WebViewFactory.java:176)
09-24 12:36:24.687  6374  6435 I mobile.launche:   at java.lang.Class android.webkit.WebViewFactory.getProviderClass() (WebViewFactory.java:459)
09-24 12:36:24.687  6374  6435 I mobile.launche:   at android.webkit.WebViewFactoryProvider android.webkit.WebViewFactory.getProvider() (WebViewFactory.java:251)
09-24 12:36:24.687  6374  6435 I mobile.launche:   at android.webkit.CookieManager android.webkit.CookieManager.getInstance() (CookieManager.java:40)
09-24 12:36:24.687  6374  6435 I mobile.launche:   at android.webkit.CookieManager com.facebook.react.modules.network.ForwardingCookieHandler.getCookieManager() (ForwardingCookieHandler.java:102)
09-24 12:36:24.687  6374  6435 I mobile.launche:   at java.util.Map com.facebook.react.modules.network.ForwardingCookieHandler.get(java.net.URI, java.util.Map) (ForwardingCookieHandler.java:43)
09-24 12:36:24.687  6374  6435 I mobile.launche:   at java.util.List okhttp3.JavaNetCookieJar.loadForRequest(okhttp3.HttpUrl) (JavaNetCookieJar.kt:47)
09-24 12:36:24.687  6374  6435 I mobile.launche:   at java.util.List com.facebook.react.modules.network.ReactCookieJarContainer.loadForRequest(okhttp3.HttpUrl) (ReactCookieJarContainer.java:44)
09-24 12:36:24.687  6374  6435 I mobile.launche:   at okhttp3.Response okhttp3.internal.http.BridgeInterceptor.intercept(okhttp3.Interceptor$Chain) (BridgeInterceptor.kt:74)
09-24 12:36:24.687  6374  6435 I mobile.launche:   at okhttp3.Response okhttp3.internal.http.RealInterceptorChain.proceed(okhttp3.Request) (RealInterceptorChain.kt:109)
09-24 12:36:24.687  6374  6435 I mobile.launche:   at okhttp3.Response okhttp3.internal.http.RetryAndFollowUpInterceptor.intercept(okhttp3.Interceptor$Chain) (RetryAndFollowUpInterceptor.kt:76)
09-24 12:36:24.687  6374  6435 I mobile.launche:   at okhttp3.Response okhttp3.internal.http.RealInterceptorChain.proceed(okhttp3.Request) (RealInterceptorChain.kt:109)
09-24 12:36:24.687  6374  6435 I mobile.launche:   at okhttp3.Response okhttp3.internal.connection.RealCall.getResponseWithInterceptorChain$okhttp() (RealCall.kt:201)
09-24 12:36:24.687  6374  6435 I mobile.launche:   at void okhttp3.internal.connection.RealCall$AsyncCall.run() (RealCall.kt:517)
09-24 12:36:24.687  6374  6435 I mobile.launche:   at void java.util.concurrent.ThreadPoolExecutor.runWorker(java.util.concurrent.ThreadPoolExecutor$Worker) (ThreadPoolExecutor.java:1167)
09-24 12:36:24.688  6374  6435 I mobile.launche:   at void java.util.concurrent.ThreadPoolExecutor$Worker.run() (ThreadPoolExecutor.java:641)
09-24 12:36:24.688  6374  6435 I mobile.launche:   at void java.lang.Thread.run() (Thread.java:764)
09-24 12:36:24.688  6374  6435 I mobile.launche: 
09-24 12:36:24.688  6374  6422 I mobile.launche: Rejecting re-init on previously-failed class java.lang.Class<com.applovin.impl.sdk.aa$a>: java.lang.NoClassDefFoundError: Failed resolution of: Landroid/os/OutcomeReceiver;
09-24 12:36:24.688  6374  6422 I mobile.launche:   at boolean com.applovin.impl.sdk.aa.M(android.content.Context) (SourceFile:211)
09-24 12:36:24.688  6374  6422 I mobile.launche:   at java.util.Map com.applovin.impl.sdk.o.CY() (SourceFile:396)
09-24 12:36:24.688  6374  6422 I mobile.launche:   at void com.applovin.impl.sdk.o.<init>(com.applovin.impl.sdk.n) (SourceFile:177)
09-24 12:36:24.688  6374  6422 I mobile.launche:   at void com.applovin.impl.sdk.n.Bj() (SourceFile:457)
09-24 12:36:24.688  6374  6422 I mobile.launche:   at void com.applovin.impl.sdk.n.a(java.lang.String, com.applovin.sdk.AppLovinSdkSettings, android.content.Context) (SourceFile:415)
09-24 12:36:24.688  6374  6422 I mobile.launche:   at com.applovin.sdk.AppLovinSdk com.applovin.sdk.AppLovinSdk.getInstance(java.lang.String, com.applovin.sdk.AppLovinSdkSettings, android.content.Context) (SourceFile:425)
09-24 12:36:24.688  6374  6422 I mobile.launche:   at com.applovin.sdk.AppLovinSdk com.applovin.sdk.AppLovinSdk.getInstance(com.applovin.sdk.AppLovinSdkSettings, android.content.Context) (SourceFile:374)
09-24 12:36:24.688  6374  6422 I mobile.launche:   at com.applovin.sdk.AppLovinSdk com.applovin.sdk.AppLovinSdk.getInstance(android.content.Context) (SourceFile:350)
09-24 12:36:24.688  6374  6422 I mobile.launche:   at void ro.alynsampmobile.launcher.ads.AdsModule.initialize(java.lang.String, com.facebook.react.bridge.Promise) (AdsModule.java:57)
09-24 12:36:24.688  6374  6422 I mobile.launche:   at java.lang.Object java.lang.reflect.Method.invoke(java.lang.Object, java.lang.Object[]) (Method.java:-2)
09-24 12:36:24.688  6374  6422 I mobile.launche:   at void com.facebook.react.bridge.JavaMethodWrapper.invoke(com.facebook.react.bridge.JSInstance, com.facebook.react.bridge.ReadableArray) (JavaMethodWrapper.java:372)
09-24 12:36:24.688  6374  6422 I mobile.launche:   at void com.facebook.react.bridge.JavaModuleWrapper.invoke(int, com.facebook.react.bridge.ReadableNativeArray) (JavaModuleWrapper.java:149)
09-24 12:36:24.688  6374  6422 I mobile.launche:   at void com.facebook.jni.NativeRunnable.run() (NativeRunnable.java:-2)
09-24 12:36:24.688  6374  6422 I mobile.launche:   at void android.os.Handler.handleCallback(android.os.Message) (Handler.java:873)
09-24 12:36:24.688  6374  6422 I mobile.launche:   at void android.os.Handler.dispatchMessage(android.os.Message) (Handler.java:99)
09-24 12:36:24.688  6374  6422 I mobile.launche:   at void com.facebook.react.bridge.queue.MessageQueueThreadHandler.dispatchMessage(android.os.Message) (MessageQueueThreadHandler.java:29)
09-24 12:36:24.688  6374  6422 I mobile.launche:   at void android.os.Looper.loop() (Looper.java:193)
09-24 12:36:24.688  6374  6422 I mobile.launche:   at void com.facebook.react.bridge.queue.MessageQueueThreadImpl$4.run() (MessageQueueThreadImpl.java:234)
09-24 12:36:24.688  6374  6422 I mobile.launche:   at void java.lang.Thread.run() (Thread.java:764)
09-24 12:36:24.688  6374  6422 I mobile.launche: Caused by: java.lang.ClassNotFoundException: Didn't find class "android.os.OutcomeReceiver" on path: DexPathList[[zip file "/data/app/ro.alynsampmobile.launcher-1TqSFmeB_he3M2BYdMSYfQ==/base.apk"],nativeLibraryDirectories=[/data/app/ro.alynsampmobile.launcher-1TqSFmeB_he3M2BYdMSYfQ==/lib/arm64, /data/app/ro.alynsampmobile.launcher-1TqSFmeB_he3M2BYdMSYfQ==/base.apk!/lib/arm64-v8a, /system/lib64, /system/vendor/lib64]]
09-24 12:36:24.688  6374  6422 I mobile.launche:   at java.lang.Class dalvik.system.BaseDexClassLoader.findClass(java.lang.String) (BaseDexClassLoader.java:134)
09-24 12:36:24.688  6374  6422 I mobile.launche:   at java.lang.Class java.lang.ClassLoader.loadClass(java.lang.String, boolean) (ClassLoader.java:379)
09-24 12:36:24.688  6374  6422 I mobile.launche:   at java.lang.Class java.lang.ClassLoader.loadClass(java.lang.String) (ClassLoader.java:312)
09-24 12:36:24.688  6374  6422 I mobile.launche:   at boolean com.applovin.impl.sdk.aa.M(android.content.Context) (SourceFile:211)
09-24 12:36:24.688  6374  6422 I mobile.launche:   at java.util.Map com.applovin.impl.sdk.o.CY() (SourceFile:396)
09-24 12:36:24.688  6374  6422 I mobile.launche:   at void com.applovin.impl.sdk.o.<init>(com.applovin.impl.sdk.n) (SourceFile:177)
09-24 12:36:24.688  6374  6422 I mobile.launche:   at void com.applovin.impl.sdk.n.Bj() (SourceFile:457)
09-24 12:36:24.688  6374  6422 I mobile.launche:   at void com.applovin.impl.sdk.n.a(java.lang.String, com.applovin.sdk.AppLovinSdkSettings, android.content.Context) (SourceFile:415)
09-24 12:36:24.688  6374  6422 I mobile.launche:   at com.applovin.sdk.AppLovinSdk com.applovin.sdk.AppLovinSdk.getInstance(java.lang.String, com.applovin.sdk.AppLovinSdkSettings, android.content.Context) (SourceFile:425)
09-24 12:36:24.688  6374  6422 I mobile.launche:   at com.applovin.sdk.AppLovinSdk com.applovin.sdk.AppLovinSdk.getInstance(com.applovin.sdk.AppLovinSdkSettings, android.content.Context) (SourceFile:374)
09-24 12:36:24.688  6374  6422 I mobile.launche:   at com.applovin.sdk.AppLovinSdk com.applovin.sdk.AppLovinSdk.getInstance(android.content.Context) (SourceFile:350)
09-24 12:36:24.688  6374  6422 I mobile.launche:   at void ro.alynsampmobile.launcher.ads.AdsModule.initialize(java.lang.String, com.facebook.react.bridge.Promise) (AdsModule.java:57)
09-24 12:36:24.688  6374  6422 I mobile.launche:   at java.lang.Object java.lang.reflect.Method.invoke(java.lang.Object, java.lang.Object[]) (Method.java:-2)
09-24 12:36:24.688  6374  6422 I mobile.launche:   at void com.facebook.react.bridge.JavaMethodWrapper.invoke(com.facebook.react.bridge.JSInstance, com.facebook.react.bridge.ReadableArray) (JavaMethodWrapper.java:372)
09-24 12:36:24.688  6374  6422 I mobile.launche:   at void com.facebook.react.bridge.JavaModuleWrapper.invoke(int, com.facebook.react.bridge.ReadableNativeArray) (JavaModuleWrapper.java:149)
09-24 12:36:24.688  6374  6422 I mobile.launche:   at void com.facebook.jni.NativeRunnable.run() (NativeRunnable.java:-2)
09-24 12:36:24.688  6374  6422 I mobile.launche:   at void android.os.Handler.handleCallback(android.os.Message) (Handler.java:873)
09-24 12:36:24.688  6374  6422 I mobile.launche:   at void android.os.Handler.dispatchMessage(android.os.Message) (Handler.java:99)
09-24 12:36:24.688  6374  6422 I mobile.launche:   at void com.facebook.react.bridge.queue.MessageQueueThreadHandler.dispatchMessage(android.os.Message) (MessageQueueThreadHandler.java:29)
09-24 12:36:24.688  6374  6422 I mobile.launche:   at void android.os.Looper.loop() (Looper.java:193)
09-24 12:36:24.688  6374  6422 I mobile.launche:   at void com.facebook.react.bridge.queue.MessageQueueThreadImpl$4.run() (MessageQueueThreadImpl.java:234)
09-24 12:36:24.688  6374  6422 I mobile.launche:   at void java.lang.Thread.run() (Thread.java:764)
09-24 12:36:24.688  6374  6422 I mobile.launche: 
09-24 12:36:24.688  6374  6422 I mobile.launche: Rejecting re-init on previously-failed class java.lang.Class<com.applovin.impl.sdk.aa$a>: java.lang.NoClassDefFoundError: Failed resolution of: Landroid/os/OutcomeReceiver;
09-24 12:36:24.688  6374  6422 I mobile.launche:   at boolean com.applovin.impl.sdk.aa.M(android.content.Context) (SourceFile:211)
09-24 12:36:24.688  6374  6422 I mobile.launche:   at java.util.Map com.applovin.impl.sdk.o.CY() (SourceFile:396)
09-24 12:36:24.688  6374  6422 I mobile.launche:   at void com.applovin.impl.sdk.o.<init>(com.applovin.impl.sdk.n) (SourceFile:177)
09-24 12:36:24.688  6374  6422 I mobile.launche:   at void com.applovin.impl.sdk.n.Bj() (SourceFile:457)
09-24 12:36:24.688  6374  6422 I mobile.launche:   at void com.applovin.impl.sdk.n.a(java.lang.String, com.applovin.sdk.AppLovinSdkSettings, android.content.Context) (SourceFile:415)
09-24 12:36:24.688  6374  6422 I mobile.launche:   at com.applovin.sdk.AppLovinSdk com.applovin.sdk.AppLovinSdk.getInstance(java.lang.String, com.applovin.sdk.AppLovinSdkSettings, android.content.Context) (SourceFile:425)
09-24 12:36:24.688  6374  6422 I mobile.launche:   at com.applovin.sdk.AppLovinSdk com.applovin.sdk.AppLovinSdk.getInstance(com.applovin.sdk.AppLovinSdkSettings, android.content.Context) (SourceFile:374)
09-24 12:36:24.688  6374  6422 I mobile.launche:   at com.applovin.sdk.AppLovinSdk com.applovin.sdk.AppLovinSdk.getInstance(android.content.Context) (SourceFile:350)
09-24 12:36:24.688  6374  6422 I mobile.launche:   at void ro.alynsampmobile.launcher.ads.AdsModule.initialize(java.lang.String, com.facebook.react.bridge.Promise) (AdsModule.java:57)
09-24 12:36:24.688  6374  6422 I mobile.launche:   at java.lang.Object java.lang.reflect.Method.invoke(java.lang.Object, java.lang.Object[]) (Method.java:-2)
09-24 12:36:24.688  6374  6422 I mobile.launche:   at void com.facebook.react.bridge.JavaMethodWrapper.invoke(com.facebook.react.bridge.JSInstance, com.facebook.react.bridge.ReadableArray) (JavaMethodWrapper.java:372)
09-24 12:36:24.688  6374  6422 I mobile.launche:   at void com.facebook.react.bridge.JavaModuleWrapper.invoke(int, com.facebook.react.bridge.ReadableNativeArray) (JavaModuleWrapper.java:149)
09-24 12:36:24.688  6374  6422 I mobile.launche:   at void com.facebook.jni.NativeRunnable.run() (NativeRunnable.java:-2)
09-24 12:36:24.688  6374  6422 I mobile.launche:   at void android.os.Handler.handleCallback(android.os.Message) (Handler.java:873)
09-24 12:36:24.688  6374  6422 I mobile.launche:   at void android.os.Handler.dispatchMessage(android.os.Message) (Handler.java:99)
09-24 12:36:24.688  6374  6422 I mobile.launche:   at void com.facebook.react.bridge.queue.MessageQueueThreadHandler.dispatchMessage(android.os.Message) (MessageQueueThreadHandler.java:29)
09-24 12:36:24.688  6374  6422 I mobile.launche:   at void android.os.Looper.loop() (Looper.java:193)
09-24 12:36:24.688  6374  6422 I mobile.launche:   at void com.facebook.react.bridge.queue.MessageQueueThreadImpl$4.run() (MessageQueueThreadImpl.java:234)
09-24 12:36:24.688  6374  6422 I mobile.launche:   at void java.lang.Thread.run() (Thread.java:764)
09-24 12:36:24.688  6374  6422 I mobile.launche: Caused by: java.lang.ClassNotFoundException: Didn't find class "android.os.OutcomeReceiver" on path: DexPathList[[zip file "/data/app/ro.alynsampmobile.launcher-1TqSFmeB_he3M2BYdMSYfQ==/base.apk"],nativeLibraryDirectories=[/data/app/ro.alynsampmobile.launcher-1TqSFmeB_he3M2BYdMSYfQ==/lib/arm64, /data/app/ro.alynsampmobile.launcher-1TqSFmeB_he3M2BYdMSYfQ==/base.apk!/lib/arm64-v8a, /system/lib64, /system/vendor/lib64]]
09-24 12:36:24.688  6374  6422 I mobile.launche:   at java.lang.Class dalvik.system.BaseDexClassLoader.findClass(java.lang.String) (BaseDexClassLoader.java:134)
09-24 12:36:24.688  6374  6422 I mobile.launche:   at java.lang.Class java.lang.ClassLoader.loadClass(java.lang.String, boolean) (ClassLoader.java:379)
09-24 12:36:24.688  6374  6422 I mobile.launche:   at java.lang.Class java.lang.ClassLoader.loadClass(java.lang.String) (ClassLoader.java:312)
09-24 12:36:24.688  6374  6422 I mobile.launche:   at boolean com.applovin.impl.sdk.aa.M(android.content.Context) (SourceFile:211)
09-24 12:36:24.688  6374  6422 I mobile.launche:   at java.util.Map com.applovin.impl.sdk.o.CY() (SourceFile:396)
09-24 12:36:24.688  6374  6422 I mobile.launche:   at void com.applovin.impl.sdk.o.<init>(com.applovin.impl.sdk.n) (SourceFile:177)
09-24 12:36:24.688  6374  6422 I mobile.launche:   at void com.applovin.impl.sdk.n.Bj() (SourceFile:457)
09-24 12:36:24.688  6374  6422 I mobile.launche:   at void com.applovin.impl.sdk.n.a(java.lang.String, com.applovin.sdk.AppLovinSdkSettings, android.content.Context) (SourceFile:415)
09-24 12:36:24.688  6374  6422 I mobile.launche:   at com.applovin.sdk.AppLovinSdk com.applovin.sdk.AppLovinSdk.getInstance(java.lang.String, com.applovin.sdk.AppLovinSdkSettings, android.content.Context) (SourceFile:425)
09-24 12:36:24.688  6374  6422 I mobile.launche:   at com.applovin.sdk.AppLovinSdk com.applovin.sdk.AppLovinSdk.getInstance(com.applovin.sdk.AppLovinSdkSettings, android.content.Context) (SourceFile:374)
09-24 12:36:24.688  6374  6422 I mobile.launche:   at com.applovin.sdk.AppLovinSdk com.applovin.sdk.AppLovinSdk.getInstance(android.content.Context) (SourceFile:350)
09-24 12:36:24.688  6374  6422 I mobile.launche:   at void ro.alynsampmobile.launcher.ads.AdsModule.initialize(java.lang.String, com.facebook.react.bridge.Promise) (AdsModule.java:57)
09-24 12:36:24.688  6374  6422 I mobile.launche:   at java.lang.Object java.lang.reflect.Method.invoke(java.lang.Object, java.lang.Object[]) (Method.java:-2)
09-24 12:36:24.688  6374  6422 I mobile.launche:   at void com.facebook.react.bridge.JavaMethodWrapper.invoke(com.facebook.react.bridge.JSInstance, com.facebook.react.bridge.ReadableArray) (JavaMethodWrapper.java:372)
09-24 12:36:24.688  6374  6422 I mobile.launche:   at void com.facebook.react.bridge.JavaModuleWrapper.invoke(int, com.facebook.react.bridge.ReadableNativeArray) (JavaModuleWrapper.java:149)
09-24 12:36:24.688  6374  6422 I mobile.launche:   at void com.facebook.jni.NativeRunnable.run() (NativeRunnable.java:-2)
09-24 12:36:24.688  6374  6422 I mobile.launche:   at void android.os.Handler.handleCallback(android.os.Message) (Handler.java:873)
09-24 12:36:24.688  6374  6422 I mobile.launche:   at void android.os.Handler.dispatchMessage(android.os.Message) (Handler.java:99)
09-24 12:36:24.688  6374  6422 I mobile.launche:   at void com.facebook.react.bridge.queue.MessageQueueThreadHandler.dispatchMessage(android.os.Message) (MessageQueueThreadHandler.java:29)
09-24 12:36:24.688  6374  6422 I mobile.launche:   at void android.os.Looper.loop() (Looper.java:193)
09-24 12:36:24.688  6374  6422 I mobile.launche:   at void com.facebook.react.bridge.queue.MessageQueueThreadImpl$4.run() (MessageQueueThreadImpl.java:234)
09-24 12:36:24.688  6374  6422 I mobile.launche:   at void java.lang.Thread.run() (Thread.java:764)
09-24 12:36:24.688  6374  6422 I mobile.launche: 
09-24 12:36:24.688  6374  6422 I mobile.launche: Rejecting re-init on previously-failed class java.lang.Class<com.applovin.impl.sdk.aa$1>: java.lang.NoClassDefFoundError: Failed resolution of: Landroid/os/OutcomeReceiver;
09-24 12:36:24.688  6374  6422 I mobile.launche:   at boolean com.applovin.impl.sdk.aa.M(android.content.Context) (SourceFile:211)
09-24 12:36:24.688  6374  6422 I mobile.launche:   at java.util.Map com.applovin.impl.sdk.o.CY() (SourceFile:396)
09-24 12:36:24.688  6374  6422 I mobile.launche:   at void com.applovin.impl.sdk.o.<init>(com.applovin.impl.sdk.n) (SourceFile:177)
09-24 12:36:24.688  6374  6422 I mobile.launche:   at void com.applovin.impl.sdk.n.Bj() (SourceFile:457)
09-24 12:36:24.688  6374  6422 I mobile.launche:   at void com.applovin.impl.sdk.n.a(java.lang.String, com.applovin.sdk.AppLovinSdkSettings, android.content.Context) (SourceFile:415)
09-24 12:36:24.688  6374  6422 I mobile.launche:   at com.applovin.sdk.AppLovinSdk com.applovin.sdk.AppLovinSdk.getInstance(java.lang.String, com.applovin.sdk.AppLovinSdkSettings, android.content.Context) (SourceFile:425)
09-24 12:36:24.688  6374  6422 I mobile.launche:   at com.applovin.sdk.AppLovinSdk com.applovin.sdk.AppLovinSdk.getInstance(com.applovin.sdk.AppLovinSdkSettings, android.content.Context) (SourceFile:374)
09-24 12:36:24.688  6374  6422 I mobile.launche:   at com.applovin.sdk.AppLovinSdk com.applovin.sdk.AppLovinSdk.getInstance(android.content.Context) (SourceFile:350)
09-24 12:36:24.688  6374  6422 I mobile.launche:   at void ro.alynsampmobile.launcher.ads.AdsModule.initialize(java.lang.String, com.facebook.react.bridge.Promise) (AdsModule.java:57)
09-24 12:36:24.688  6374  6422 I mobile.launche:   at java.lang.Object java.lang.reflect.Method.invoke(java.lang.Object, java.lang.Object[]) (Method.java:-2)
09-24 12:36:24.688  6374  6422 I mobile.launche:   at void com.facebook.react.bridge.JavaMethodWrapper.invoke(com.facebook.react.bridge.JSInstance, com.facebook.react.bridge.ReadableArray) (JavaMethodWrapper.java:372)
09-24 12:36:24.688  6374  6422 I mobile.launche:   at void com.facebook.react.bridge.JavaModuleWrapper.invoke(int, com.facebook.react.bridge.ReadableNativeArray) (JavaModuleWrapper.java:149)
09-24 12:36:24.688  6374  6422 I mobile.launche:   at void com.facebook.jni.NativeRunnable.run() (NativeRunnable.java:-2)
09-24 12:36:24.688  6374  6422 I mobile.launche:   at void android.os.Handler.handleCallback(android.os.Message) (Handler.java:873)
09-24 12:36:24.688  6374  6422 I mobile.launche:   at void android.os.Handler.dispatchMessage(android.os.Message) (Handler.java:99)
09-24 12:36:24.688  6374  6422 I mobile.launche:   at void com.facebook.react.bridge.queue.MessageQueueThreadHandler.dispatchMessage(android.os.Message) (MessageQueueThreadHandler.java:29)
09-24 12:36:24.688  6374  6422 I mobile.launche:   at void android.os.Looper.loop() (Looper.java:193)
09-24 12:36:24.688  6374  6422 I mobile.launche:   at void com.facebook.react.bridge.queue.MessageQueueThreadImpl$4.run() (MessageQueueThreadImpl.java:234)
09-24 12:36:24.688  6374  6422 I mobile.launche:   at void java.lang.Thread.run() (Thread.java:764)
09-24 12:36:24.688  6374  6422 I mobile.launche: Caused by: java.lang.ClassNotFoundException: Didn't find class "android.os.OutcomeReceiver" on path: DexPathList[[zip file "/data/app/ro.alynsampmobile.launcher-1TqSFmeB_he3M2BYdMSYfQ==/base.apk"],nativeLibraryDirectories=[/data/app/ro.alynsampmobile.launcher-1TqSFmeB_he3M2BYdMSYfQ==/lib/arm64, /data/app/ro.alynsampmobile.launcher-1TqSFmeB_he3M2BYdMSYfQ==/base.apk!/lib/arm64-v8a, /system/lib64, /system/vendor/lib64]]
09-24 12:36:24.688  6374  6422 I mobile.launche:   at java.lang.Class dalvik.system.BaseDexClassLoader.findClass(java.lang.String) (BaseDexClassLoader.java:134)
09-24 12:36:24.688  6374  6422 I mobile.launche:   at java.lang.Class java.lang.ClassLoader.loadClass(java.lang.String, boolean) (ClassLoader.java:379)
09-24 12:36:24.688  6374  6422 I mobile.launche:   at java.lang.Class java.lang.ClassLoader.loadClass(java.lang.String) (ClassLoader.java:312)
09-24 12:36:24.688  6374  6422 I mobile.launche:   at boolean com.applovin.impl.sdk.aa.M(android.content.Context) (SourceFile:211)
09-24 12:36:24.688  6374  6422 I mobile.launche:   at java.util.Map com.applovin.impl.sdk.o.CY() (SourceFile:396)
09-24 12:36:24.688  6374  6422 I mobile.launche:   at void com.applovin.impl.sdk.o.<init>(com.applovin.impl.sdk.n) (SourceFile:177)
09-24 12:36:24.688  6374  6422 I mobile.launche:   at void com.applovin.impl.sdk.n.Bj() (SourceFile:457)
09-24 12:36:24.688  6374  6422 I mobile.launche:   at void com.applovin.impl.sdk.n.a(java.lang.String, com.applovin.sdk.AppLovinSdkSettings, android.content.Context) (SourceFile:415)
09-24 12:36:24.688  6374  6422 I mobile.launche:   at com.applovin.sdk.AppLovinSdk com.applovin.sdk.AppLovinSdk.getInstance(java.lang.String, com.applovin.sdk.AppLovinSdkSettings, android.content.Context) (SourceFile:425)
09-24 12:36:24.688  6374  6422 I mobile.launche:   at com.applovin.sdk.AppLovinSdk com.applovin.sdk.AppLovinSdk.getInstance(com.applovin.sdk.AppLovinSdkSettings, android.content.Context) (SourceFile:374)
09-24 12:36:24.688  6374  6422 I mobile.launche:   at com.applovin.sdk.AppLovinSdk com.applovin.sdk.AppLovinSdk.getInstance(android.content.Context) (SourceFile:350)
09-24 12:36:24.688  6374  6422 I mobile.launche:   at void ro.alynsampmobile.launcher.ads.AdsModule.initialize(java.lang.String, com.facebook.react.bridge.Promise) (AdsModule.java:57)
09-24 12:36:24.688  6374  6422 I mobile.launche:   at java.lang.Object java.lang.reflect.Method.invoke(java.lang.Object, java.lang.Object[]) (Method.java:-2)
09-24 12:36:24.688  6374  6422 I mobile.launche:   at void com.facebook.react.bridge.JavaMethodWrapper.invoke(com.facebook.react.bridge.JSInstance, com.facebook.react.bridge.ReadableArray) (JavaMethodWrapper.java:372)
09-24 12:36:24.688  6374  6422 I mobile.launche:   at void com.facebook.react.bridge.JavaModuleWrapper.invoke(int, com.facebook.react.bridge.ReadableNativeArray) (JavaModuleWrapper.java:149)
09-24 12:36:24.688  6374  6422 I mobile.launche:   at void com.facebook.jni.NativeRunnable.run() (NativeRunnable.java:-2)
09-24 12:36:24.688  6374  6422 I mobile.launche:   at void android.os.Handler.handleCallback(android.os.Message) (Handler.java:873)
09-24 12:36:24.688  6374  6422 I mobile.launche:   at void android.os.Handler.dispatchMessage(android.os.Message) (Handler.java:99)
09-24 12:36:24.688  6374  6422 I mobile.launche:   at void com.facebook.react.bridge.queue.MessageQueueThreadHandler.dispatchMessage(android.os.Message) (MessageQueueThreadHandler.java:29)
09-24 12:36:24.688  6374  6422 I mobile.launche:   at void android.os.Looper.loop() (Looper.java:193)
09-24 12:36:24.688  6374  6422 I mobile.launche:   at void com.facebook.react.bridge.queue.MessageQueueThreadImpl$4.run() (MessageQueueThreadImpl.java:234)
09-24 12:36:24.688  6374  6422 I mobile.launche:   at void java.lang.Thread.run() (Thread.java:764)
09-24 12:36:24.688  6374  6422 I mobile.launche: 
09-24 12:36:24.688  6374  6422 I mobile.launche: Rejecting re-init on previously-failed class java.lang.Class<com.applovin.impl.sdk.aa$1>: java.lang.NoClassDefFoundError: Failed resolution of: Landroid/os/OutcomeReceiver;
09-24 12:36:24.688  6374  6422 I mobile.launche:   at boolean com.applovin.impl.sdk.aa.M(android.content.Context) (SourceFile:211)
09-24 12:36:24.688  6374  6422 I mobile.launche:   at java.util.Map com.applovin.impl.sdk.o.CY() (SourceFile:396)
09-24 12:36:24.688  6374  6422 I mobile.launche:   at void com.applovin.impl.sdk.o.<init>(com.applovin.impl.sdk.n) (SourceFile:177)
09-24 12:36:24.688  6374  6422 I mobile.launche:   at void com.applovin.impl.sdk.n.Bj() (SourceFile:457)
09-24 12:36:24.688  6374  6422 I mobile.launche:   at void com.applovin.impl.sdk.n.a(java.lang.String, com.applovin.sdk.AppLovinSdkSettings, android.content.Context) (SourceFile:415)
09-24 12:36:24.688  6374  6422 I mobile.launche:   at com.applovin.sdk.AppLovinSdk com.applovin.sdk.AppLovinSdk.getInstance(java.lang.String, com.applovin.sdk.AppLovinSdkSettings, android.content.Context) (SourceFile:425)
09-24 12:36:24.688  6374  6422 I mobile.launche:   at com.applovin.sdk.AppLovinSdk com.applovin.sdk.AppLovinSdk.getInstance(com.applovin.sdk.AppLovinSdkSettings, android.content.Context) (SourceFile:374)
09-24 12:36:24.688  6374  6422 I mobile.launche:   at com.applovin.sdk.AppLovinSdk com.applovin.sdk.AppLovinSdk.getInstance(android.content.Context) (SourceFile:350)
09-24 12:36:24.688  6374  6422 I mobile.launche:   at void ro.alynsampmobile.launcher.ads.AdsModule.initialize(java.lang.String, com.facebook.react.bridge.Promise) (AdsModule.java:57)
09-24 12:36:24.688  6374  6422 I mobile.launche:   at java.lang.Object java.lang.reflect.Method.invoke(java.lang.Object, java.lang.Object[]) (Method.java:-2)
09-24 12:36:24.688  6374  6422 I mobile.launche:   at void com.facebook.react.bridge.JavaMethodWrapper.invoke(com.facebook.react.bridge.JSInstance, com.facebook.react.bridge.ReadableArray) (JavaMethodWrapper.java:372)
09-24 12:36:24.688  6374  6422 I mobile.launche:   at void com.facebook.react.bridge.JavaModuleWrapper.invoke(int, com.facebook.react.bridge.ReadableNativeArray) (JavaModuleWrapper.java:149)
09-24 12:36:24.688  6374  6422 I mobile.launche:   at void com.facebook.jni.NativeRunnable.run() (NativeRunnable.java:-2)
09-24 12:36:24.688  6374  6422 I mobile.launche:   at void android.os.Handler.handleCallback(android.os.Message) (Handler.java:873)
09-24 12:36:24.688  6374  6422 I mobile.launche:   at void android.os.Handler.dispatchMessage(android.os.Message) (Handler.java:99)
09-24 12:36:24.688  6374  6422 I mobile.launche:   at void com.facebook.react.bridge.queue.MessageQueueThreadHandler.dispatchMessage(android.os.Message) (MessageQueueThreadHandler.java:29)
09-24 12:36:24.688  6374  6422 I mobile.launche:   at void android.os.Looper.loop() (Looper.java:193)
09-24 12:36:24.688  6374  6422 I mobile.launche:   at void com.facebook.react.bridge.queue.MessageQueueThreadImpl$4.run() (MessageQueueThreadImpl.java:234)
09-24 12:36:24.688  6374  6422 I mobile.launche:   at void java.lang.Thread.run() (Thread.java:764)
09-24 12:36:24.688  6374  6422 I mobile.launche: Caused by: java.lang.ClassNotFoundException: Didn't find class "android.os.OutcomeReceiver" on path: DexPathList[[zip file "/data/app/ro.alynsampmobile.launcher-1TqSFmeB_he3M2BYdMSYfQ==/base.apk"],nativeLibraryDirectories=[/data/app/ro.alynsampmobile.launcher-1TqSFmeB_he3M2BYdMSYfQ==/lib/arm64, /data/app/ro.alynsampmobile.launcher-1TqSFmeB_he3M2BYdMSYfQ==/base.apk!/lib/arm64-v8a, /system/lib64, /system/vendor/lib64]]
09-24 12:36:24.688  6374  6422 I mobile.launche:   at java.lang.Class dalvik.system.BaseDexClassLoader.findClass(java.lang.String) (BaseDexClassLoader.java:134)
09-24 12:36:24.688  6374  6422 I mobile.launche:   at java.lang.Class java.lang.ClassLoader.loadClass(java.lang.String, boolean) (ClassLoader.java:379)
09-24 12:36:24.688  6374  6422 I mobile.launche:   at java.lang.Class java.lang.ClassLoader.loadClass(java.lang.String) (ClassLoader.java:312)
09-24 12:36:24.688  6374  6422 I mobile.launche:   at boolean com.applovin.impl.sdk.aa.M(android.content.Context) (SourceFile:211)
09-24 12:36:24.688  6374  6422 I mobile.launche:   at java.util.Map com.applovin.impl.sdk.o.CY() (SourceFile:396)
09-24 12:36:24.688  6374  6422 I mobile.launche:   at void com.applovin.impl.sdk.o.<init>(com.applovin.impl.sdk.n) (SourceFile:177)
09-24 12:36:24.688  6374  6422 I mobile.launche:   at void com.applovin.impl.sdk.n.Bj() (SourceFile:457)
09-24 12:36:24.688  6374  6422 I mobile.launche:   at void com.applovin.impl.sdk.n.a(java.lang.String, com.applovin.sdk.AppLovinSdkSettings, android.content.Context) (SourceFile:415)
09-24 12:36:24.688  6374  6422 I mobile.launche:   at com.applovin.sdk.AppLovinSdk com.applovin.sdk.AppLovinSdk.getInstance(java.lang.String, com.applovin.sdk.AppLovinSdkSettings, android.content.Context) (SourceFile:425)
09-24 12:36:24.688  6374  6422 I mobile.launche:   at com.applovin.sdk.AppLovinSdk com.applovin.sdk.AppLovinSdk.getInstance(com.applovin.sdk.AppLovinSdkSettings, android.content.Context) (SourceFile:374)
09-24 12:36:24.688  6374  6422 I mobile.launche:   at com.applovin.sdk.AppLovinSdk com.applovin.sdk.AppLovinSdk.getInstance(android.content.Context) (SourceFile:350)
09-24 12:36:24.688  6374  6422 I mobile.launche:   at void ro.alynsampmobile.launcher.ads.AdsModule.initialize(java.lang.String, com.facebook.react.bridge.Promise) (AdsModule.java:57)
09-24 12:36:24.688  6374  6422 I mobile.launche:   at java.lang.Object java.lang.reflect.Method.invoke(java.lang.Object, java.lang.Object[]) (Method.java:-2)
09-24 12:36:24.688  6374  6422 I mobile.launche:   at void com.facebook.react.bridge.JavaMethodWrapper.invoke(com.facebook.react.bridge.JSInstance, com.facebook.react.bridge.ReadableArray) (JavaMethodWrapper.java:372)
09-24 12:36:24.688  6374  6422 I mobile.launche:   at void com.facebook.react.bridge.JavaModuleWrapper.invoke(int, com.facebook.react.bridge.ReadableNativeArray) (JavaModuleWrapper.java:149)
09-24 12:36:24.688  6374  6422 I mobile.launche:   at void com.facebook.jni.NativeRunnable.run() (NativeRunnable.java:-2)
09-24 12:36:24.688  6374  6422 I mobile.launche:   at void android.os.Handler.handleCallback(android.os.Message) (Handler.java:873)
09-24 12:36:24.688  6374  6422 I mobile.launche:   at void android.os.Handler.dispatchMessage(android.os.Message) (Handler.java:99)
09-24 12:36:24.688  6374  6422 I mobile.launche:   at void com.facebook.react.bridge.queue.MessageQueueThreadHandler.dispatchMessage(android.os.Message) (MessageQueueThreadHandler.java:29)
09-24 12:36:24.688  6374  6422 I mobile.launche:   at void android.os.Looper.loop() (Looper.java:193)
09-24 12:36:24.688  6374  6422 I mobile.launche:   at void com.facebook.react.bridge.queue.MessageQueueThreadImpl$4.run() (MessageQueueThreadImpl.java:234)
09-24 12:36:24.688  6374  6422 I mobile.launche:   at void java.lang.Thread.run() (Thread.java:764)
09-24 12:36:24.688  6374  6422 I mobile.launche: 
09-24 12:36:24.688  6374  6422 I mobile.launche: Rejecting re-init on previously-failed class java.lang.Class<com.applovin.impl.sdk.aa$2>: java.lang.NoClassDefFoundError: Failed resolution of: Landroid/os/OutcomeReceiver;
09-24 12:36:24.688  6374  6422 I mobile.launche:   at boolean com.applovin.impl.sdk.aa.M(android.content.Context) (SourceFile:211)
09-24 12:36:24.688  6374  6422 I mobile.launche:   at java.util.Map com.applovin.impl.sdk.o.CY() (SourceFile:396)
09-24 12:36:24.688  6374  6422 I mobile.launche:   at void com.applovin.impl.sdk.o.<init>(com.applovin.impl.sdk.n) (SourceFile:177)
09-24 12:36:24.688  6374  6422 I mobile.launche:   at void com.applovin.impl.sdk.n.Bj() (SourceFile:457)
09-24 12:36:24.688  6374  6422 I mobile.launche:   at void com.applovin.impl.sdk.n.a(java.lang.String, com.applovin.sdk.AppLovinSdkSettings, android.content.Context) (SourceFile:415)
09-24 12:36:24.688  6374  6422 I mobile.launche:   at com.applovin.sdk.AppLovinSdk com.applovin.sdk.AppLovinSdk.getInstance(java.lang.String, com.applovin.sdk.AppLovinSdkSettings, android.content.Context) (SourceFile:425)
09-24 12:36:24.688  6374  6422 I mobile.launche:   at com.applovin.sdk.AppLovinSdk com.applovin.sdk.AppLovinSdk.getInstance(com.applovin.sdk.AppLovinSdkSettings, android.content.Context) (SourceFile:374)
09-24 12:36:24.688  6374  6422 I mobile.launche:   at com.applovin.sdk.AppLovinSdk com.applovin.sdk.AppLovinSdk.getInstance(android.content.Context) (SourceFile:350)
09-24 12:36:24.688  6374  6422 I mobile.launche:   at void ro.alynsampmobile.launcher.ads.AdsModule.initialize(java.lang.String, com.facebook.react.bridge.Promise) (AdsModule.java:57)
09-24 12:36:24.688  6374  6422 I mobile.launche:   at java.lang.Object java.lang.reflect.Method.invoke(java.lang.Object, java.lang.Object[]) (Method.java:-2)
09-24 12:36:24.688  6374  6422 I mobile.launche:   at void com.facebook.react.bridge.JavaMethodWrapper.invoke(com.facebook.react.bridge.JSInstance, com.facebook.react.bridge.ReadableArray) (JavaMethodWrapper.java:372)
09-24 12:36:24.688  6374  6422 I mobile.launche:   at void com.facebook.react.bridge.JavaModuleWrapper.invoke(int, com.facebook.react.bridge.ReadableNativeArray) (JavaModuleWrapper.java:149)
09-24 12:36:24.688  6374  6422 I mobile.launche:   at void com.facebook.jni.NativeRunnable.run() (NativeRunnable.java:-2)
09-24 12:36:24.688  6374  6422 I mobile.launche:   at void android.os.Handler.handleCallback(android.os.Message) (Handler.java:873)
09-24 12:36:24.688  6374  6422 I mobile.launche:   at void android.os.Handler.dispatchMessage(android.os.Message) (Handler.java:99)
09-24 12:36:24.688  6374  6422 I mobile.launche:   at void com.facebook.react.bridge.queue.MessageQueueThreadHandler.dispatchMessage(android.os.Message) (MessageQueueThreadHandler.java:29)
09-24 12:36:24.688  6374  6422 I mobile.launche:   at void android.os.Looper.loop() (Looper.java:193)
09-24 12:36:24.688  6374  6422 I mobile.launche:   at void com.facebook.react.bridge.queue.MessageQueueThreadImpl$4.run() (MessageQueueThreadImpl.java:234)
09-24 12:36:24.688  6374  6422 I mobile.launche:   at void java.lang.Thread.run() (Thread.java:764)
09-24 12:36:24.688  6374  6422 I mobile.launche: Caused by: java.lang.ClassNotFoundException: Didn't find class "android.os.OutcomeReceiver" on path: DexPathList[[zip file "/data/app/ro.alynsampmobile.launcher-1TqSFmeB_he3M2BYdMSYfQ==/base.apk"],nativeLibraryDirectories=[/data/app/ro.alynsampmobile.launcher-1TqSFmeB_he3M2BYdMSYfQ==/lib/arm64, /data/app/ro.alynsampmobile.launcher-1TqSFmeB_he3M2BYdMSYfQ==/base.apk!/lib/arm64-v8a, /system/lib64, /system/vendor/lib64]]
09-24 12:36:24.688  6374  6422 I mobile.launche:   at java.lang.Class dalvik.system.BaseDexClassLoader.findClass(java.lang.String) (BaseDexClassLoader.java:134)
09-24 12:36:24.688  6374  6422 I mobile.launche:   at java.lang.Class java.lang.ClassLoader.loadClass(java.lang.String, boolean) (ClassLoader.java:379)
09-24 12:36:24.688  6374  6422 I mobile.launche:   at java.lang.Class java.lang.ClassLoader.loadClass(java.lang.String) (ClassLoader.java:312)
09-24 12:36:24.688  6374  6422 I mobile.launche:   at boolean com.applovin.impl.sdk.aa.M(android.content.Context) (SourceFile:211)
09-24 12:36:24.688  6374  6422 I mobile.launche:   at java.util.Map com.applovin.impl.sdk.o.CY() (SourceFile:396)
09-24 12:36:24.688  6374  6422 I mobile.launche:   at void com.applovin.impl.sdk.o.<init>(com.applovin.impl.sdk.n) (SourceFile:177)
09-24 12:36:24.688  6374  6422 I mobile.launche:   at void com.applovin.impl.sdk.n.Bj() (SourceFile:457)
09-24 12:36:24.688  6374  6422 I mobile.launche:   at void com.applovin.impl.sdk.n.a(java.lang.String, com.applovin.sdk.AppLovinSdkSettings, android.content.Context) (SourceFile:415)
09-24 12:36:24.688  6374  6422 I mobile.launche:   at com.applovin.sdk.AppLovinSdk com.applovin.sdk.AppLovinSdk.getInstance(java.lang.String, com.applovin.sdk.AppLovinSdkSettings, android.content.Context) (SourceFile:425)
09-24 12:36:24.688  6374  6422 I mobile.launche:   at com.applovin.sdk.AppLovinSdk com.applovin.sdk.AppLovinSdk.getInstance(com.applovin.sdk.AppLovinSdkSettings, android.content.Context) (SourceFile:374)
09-24 12:36:24.688  6374  6422 I mobile.launche:   at com.applovin.sdk.AppLovinSdk com.applovin.sdk.AppLovinSdk.getInstance(android.content.Context) (SourceFile:350)
09-24 12:36:24.688  6374  6422 I mobile.launche:   at void ro.alynsampmobile.launcher.ads.AdsModule.initialize(java.lang.String, com.facebook.react.bridge.Promise) (AdsModule.java:57)
09-24 12:36:24.688  6374  6422 I mobile.launche:   at java.lang.Object java.lang.reflect.Method.invoke(java.lang.Object, java.lang.Object[]) (Method.java:-2)
09-24 12:36:24.688  6374  6422 I mobile.launche:   at void com.facebook.react.bridge.JavaMethodWrapper.invoke(com.facebook.react.bridge.JSInstance, com.facebook.react.bridge.ReadableArray) (JavaMethodWrapper.java:372)
09-24 12:36:24.688  6374  6422 I mobile.launche:   at void com.facebook.react.bridge.JavaModuleWrapper.invoke(int, com.facebook.react.bridge.ReadableNativeArray) (JavaModuleWrapper.java:149)
09-24 12:36:24.688  6374  6422 I mobile.launche:   at void com.facebook.jni.NativeRunnable.run() (NativeRunnable.java:-2)
09-24 12:36:24.688  6374  6422 I mobile.launche:   at void android.os.Handler.handleCallback(android.os.Message) (Handler.java:873)
09-24 12:36:24.688  6374  6422 I mobile.launche:   at void android.os.Handler.dispatchMessage(android.os.Message) (Handler.java:99)
09-24 12:36:24.688  6374  6422 I mobile.launche:   at void com.facebook.react.bridge.queue.MessageQueueThreadHandler.dispatchMessage(android.os.Message) (MessageQueueThreadHandler.java:29)
09-24 12:36:24.688  6374  6422 I mobile.launche:   at void android.os.Looper.loop() (Looper.java:193)
09-24 12:36:24.688  6374  6422 I mobile.launche:   at void com.facebook.react.bridge.queue.MessageQueueThreadImpl$4.run() (MessageQueueThreadImpl.java:234)
09-24 12:36:24.688  6374  6422 I mobile.launche:   at void java.lang.Thread.run() (Thread.java:764)
09-24 12:36:24.688  6374  6422 I mobile.launche: 
09-24 12:36:24.688  6374  6435 I mobile.launche: Rejecting re-init on previously-failed class java.lang.Class<IS2>: java.lang.NoClassDefFoundError: Failed resolution of: Landroid/webkit/PacProcessor;
09-24 12:36:24.688  6374  6435 I mobile.launche:   at java.lang.Class java.lang.Class.classForName(java.lang.String, boolean, java.lang.ClassLoader) (Class.java:-2)
09-24 12:36:24.688  6374  6435 I mobile.launche:   at java.lang.Class java.lang.Class.forName(java.lang.String, boolean, java.lang.ClassLoader) (Class.java:453)
09-24 12:36:24.688  6374  6435 I mobile.launche:   at java.lang.Class android.webkit.WebViewFactory.getWebViewProviderClass(java.lang.ClassLoader) (WebViewFactory.java:176)
09-24 12:36:24.688  6374  6435 I mobile.launche:   at java.lang.Class android.webkit.WebViewFactory.getProviderClass() (WebViewFactory.java:459)
09-24 12:36:24.688  6374  6435 I mobile.launche:   at android.webkit.WebViewFactoryProvider android.webkit.WebViewFactory.getProvider() (WebViewFactory.java:251)
09-24 12:36:24.688  6374  6435 I mobile.launche:   at android.webkit.CookieManager android.webkit.CookieManager.getInstance() (CookieManager.java:40)
09-24 12:36:24.688  6374  6435 I mobile.launche:   at android.webkit.CookieManager com.facebook.react.modules.network.ForwardingCookieHandler.getCookieManager() (ForwardingCookieHandler.java:102)
09-24 12:36:24.688  6374  6435 I mobile.launche:   at java.util.Map com.facebook.react.modules.network.ForwardingCookieHandler.get(java.net.URI, java.util.Map) (ForwardingCookieHandler.java:43)
09-24 12:36:24.688  6374  6435 I mobile.launche:   at java.util.List okhttp3.JavaNetCookieJar.loadForRequest(okhttp3.HttpUrl) (JavaNetCookieJar.kt:47)
09-24 12:36:24.688  6374  6435 I mobile.launche:   at java.util.List com.facebook.react.modules.network.ReactCookieJarContainer.loadForRequest(okhttp3.HttpUrl) (ReactCookieJarContainer.java:44)
09-24 12:36:24.688  6374  6435 I mobile.launche:   at okhttp3.Response okhttp3.internal.http.BridgeInterceptor.intercept(okhttp3.Interceptor$Chain) (BridgeInterceptor.kt:74)
09-24 12:36:24.688  6374  6435 I mobile.launche:   at okhttp3.Response okhttp3.internal.http.RealInterceptorChain.proceed(okhttp3.Request) (RealInterceptorChain.kt:109)
09-24 12:36:24.688  6374  6435 I mobile.launche:   at okhttp3.Response okhttp3.internal.http.RetryAndFollowUpInterceptor.intercept(okhttp3.Interceptor$Chain) (RetryAndFollowUpInterceptor.kt:76)
09-24 12:36:24.688  6374  6435 I mobile.launche:   at okhttp3.Response okhttp3.internal.http.RealInterceptorChain.proceed(okhttp3.Request) (RealInterceptorChain.kt:109)
09-24 12:36:24.688  6374  6435 I mobile.launche:   at okhttp3.Response okhttp3.internal.connection.RealCall.getResponseWithInterceptorChain$okhttp() (RealCall.kt:201)
09-24 12:36:24.688  6374  6435 I mobile.launche:   at void okhttp3.internal.connection.RealCall$AsyncCall.run() (RealCall.kt:517)
09-24 12:36:24.688  6374  6435 I mobile.launche:   at void java.util.concurrent.ThreadPoolExecutor.runWorker(java.util.concurrent.ThreadPoolExecutor$Worker) (ThreadPoolExecutor.java:1167)
09-24 12:36:24.688  6374  6435 I mobile.launche:   at void java.util.concurrent.ThreadPoolExecutor$Worker.run() (ThreadPoolExecutor.java:641)
09-24 12:36:24.688  6374  6435 I mobile.launche:   at void java.lang.Thread.run() (Thread.java:764)
09-24 12:36:24.688  6374  6435 I mobile.launche: Caused by: java.lang.ClassNotFoundException: Didn't find class "android.webkit.PacProcessor" on path: DexPathList[[zip file "/data/downloads/com.android.chrome/base.apk"],nativeLibraryDirectories=[/data/downloads/com.android.chrome/lib/x86_64, /data/downloads/com.android.chrome/base.apk!/lib/x86_64, /system/lib64, /system/vendor/lib64, /system/lib64, /system/vendor/lib64]]
09-24 12:36:24.688  6374  6435 I mobile.launche:   at java.lang.Class dalvik.system.BaseDexClassLoader.findClass(java.lang.String) (BaseDexClassLoader.java:134)
09-24 12:36:24.688  6374  6435 I mobile.launche:   at java.lang.Class java.lang.ClassLoader.loadClass(java.lang.String, boolean) (ClassLoader.java:379)
09-24 12:36:24.688  6374  6435 I mobile.launche:   at java.lang.Class java.lang.ClassLoader.loadClass(java.lang.String) (ClassLoader.java:312)
09-24 12:36:24.688  6374  6435 I mobile.launche:   at java.lang.Class java.lang.Class.classForName(java.lang.String, boolean, java.lang.ClassLoader) (Class.java:-2)
09-24 12:36:24.688  6374  6435 I mobile.launche:   at java.lang.Class java.lang.Class.forName(java.lang.String, boolean, java.lang.ClassLoader) (Class.java:453)
09-24 12:36:24.688  6374  6435 I mobile.launche:   at java.lang.Class android.webkit.WebViewFactory.getWebViewProviderClass(java.lang.ClassLoader) (WebViewFactory.java:176)
09-24 12:36:24.688  6374  6435 I mobile.launche:   at java.lang.Class android.webkit.WebViewFactory.getProviderClass() (WebViewFactory.java:459)
09-24 12:36:24.688  6374  6435 I mobile.launche:   at android.webkit.WebViewFactoryProvider android.webkit.WebViewFactory.getProvider() (WebViewFactory.java:251)
09-24 12:36:24.688  6374  6435 I mobile.launche:   at android.webkit.CookieManager android.webkit.CookieManager.getInstance() (CookieManager.java:40)
09-24 12:36:24.688  6374  6435 I mobile.launche:   at android.webkit.CookieManager com.facebook.react.modules.network.ForwardingCookieHandler.getCookieManager() (ForwardingCookieHandler.java:102)
09-24 12:36:24.688  6374  6435 I mobile.launche:   at java.util.Map com.facebook.react.modules.network.ForwardingCookieHandler.get(java.net.URI, java.util.Map) (ForwardingCookieHandler.java:43)
09-24 12:36:24.688  6374  6435 I mobile.launche:   at java.util.List okhttp3.JavaNetCookieJar.loadForRequest(okhttp3.HttpUrl) (JavaNetCookieJar.kt:47)
09-24 12:36:24.688  6374  6435 I mobile.launche:   at java.util.List com.facebook.react.modules.network.ReactCookieJarContainer.loadForRequest(okhttp3.HttpUrl) (ReactCookieJarContainer.java:44)
09-24 12:36:24.688  6374  6435 I mobile.launche:   at okhttp3.Response okhttp3.internal.http.BridgeInterceptor.intercept(okhttp3.Interceptor$Chain) (BridgeInterceptor.kt:74)
09-24 12:36:24.688  6374  6435 I mobile.launche:   at okhttp3.Response okhttp3.internal.http.RealInterceptorChain.proceed(okhttp3.Request) (RealInterceptorChain.kt:109)
09-24 12:36:24.688  6374  6435 I mobile.launche:   at okhttp3.Response okhttp3.internal.http.RetryAndFollowUpInterceptor.intercept(okhttp3.Interceptor$Chain) (RetryAndFollowUpInterceptor.kt:76)
09-24 12:36:24.688  6374  6435 I mobile.launche:   at okhttp3.Response okhttp3.internal.http.RealInterceptorChain.proceed(okhttp3.Request) (RealInterceptorChain.kt:109)
09-24 12:36:24.688  6374  6435 I mobile.launche:   at okhttp3.Response okhttp3.internal.connection.RealCall.getResponseWithInterceptorChain$okhttp() (RealCall.kt:201)
09-24 12:36:24.688  6374  6435 I mobile.launche:   at void okhttp3.internal.connection.RealCall$AsyncCall.run() (RealCall.kt:517)
09-24 12:36:24.688  6374  6435 I mobile.launche:   at void java.util.concurrent.ThreadPoolExecutor.runWorker(java.util.concurrent.ThreadPoolExecutor$Worker) (ThreadPoolExecutor.java:1167)
09-24 12:36:24.688  6374  6435 I mobile.launche:   at void java.util.concurrent.ThreadPoolExecutor$Worker.run() (ThreadPoolExecutor.java:641)
09-24 12:36:24.688  6374  6435 I mobile.launche:   at void java.lang.Thread.run() (Thread.java:764)
09-24 12:36:24.688  6374  6435 I mobile.launche: 
09-24 12:36:24.688  6374  6422 I mobile.launche: Rejecting re-init on previously-failed class java.lang.Class<com.applovin.impl.sdk.aa$2>: java.lang.NoClassDefFoundError: Failed resolution of: Landroid/os/OutcomeReceiver;
09-24 12:36:24.688  6374  6422 I mobile.launche:   at boolean com.applovin.impl.sdk.aa.M(android.content.Context) (SourceFile:211)
09-24 12:36:24.688  6374  6422 I mobile.launche:   at java.util.Map com.applovin.impl.sdk.o.CY() (SourceFile:396)
09-24 12:36:24.688  6374  6422 I mobile.launche:   at void com.applovin.impl.sdk.o.<init>(com.applovin.impl.sdk.n) (SourceFile:177)
09-24 12:36:24.688  6374  6422 I mobile.launche:   at void com.applovin.impl.sdk.n.Bj() (SourceFile:457)
09-24 12:36:24.688  6374  6422 I mobile.launche:   at void com.applovin.impl.sdk.n.a(java.lang.String, com.applovin.sdk.AppLovinSdkSettings, android.content.Context) (SourceFile:415)
09-24 12:36:24.688  6374  6422 I mobile.launche:   at com.applovin.sdk.AppLovinSdk com.applovin.sdk.AppLovinSdk.getInstance(java.lang.String, com.applovin.sdk.AppLovinSdkSettings, android.content.Context) (SourceFile:425)
09-24 12:36:24.688  6374  6422 I mobile.launche:   at com.applovin.sdk.AppLovinSdk com.applovin.sdk.AppLovinSdk.getInstance(com.applovin.sdk.AppLovinSdkSettings, android.content.Context) (SourceFile:374)
09-24 12:36:24.688  6374  6422 I mobile.launche:   at com.applovin.sdk.AppLovinSdk com.applovin.sdk.AppLovinSdk.getInstance(android.content.Context) (SourceFile:350)
09-24 12:36:24.688  6374  6422 I mobile.launche:   at void ro.alynsampmobile.launcher.ads.AdsModule.initialize(java.lang.String, com.facebook.react.bridge.Promise) (AdsModule.java:57)
09-24 12:36:24.688  6374  6422 I mobile.launche:   at java.lang.Object java.lang.reflect.Method.invoke(java.lang.Object, java.lang.Object[]) (Method.java:-2)
09-24 12:36:24.688  6374  6422 I mobile.launche:   at void com.facebook.react.bridge.JavaMethodWrapper.invoke(com.facebook.react.bridge.JSInstance, com.facebook.react.bridge.ReadableArray) (JavaMethodWrapper.java:372)
09-24 12:36:24.688  6374  6422 I mobile.launche:   at void com.facebook.react.bridge.JavaModuleWrapper.invoke(int, com.facebook.react.bridge.ReadableNativeArray) (JavaModuleWrapper.java:149)
09-24 12:36:24.688  6374  6422 I mobile.launche:   at void com.facebook.jni.NativeRunnable.run() (NativeRunnable.java:-2)
09-24 12:36:24.688  6374  6422 I mobile.launche:   at void android.os.Handler.handleCallback(android.os.Message) (Handler.java:873)
09-24 12:36:24.688  6374  6422 I mobile.launche:   at void android.os.Handler.dispatchMessage(android.os.Message) (Handler.java:99)
09-24 12:36:24.688  6374  6422 I mobile.launche:   at void com.facebook.react.bridge.queue.MessageQueueThreadHandler.dispatchMessage(android.os.Message) (MessageQueueThreadHandler.java:29)
09-24 12:36:24.688  6374  6422 I mobile.launche:   at void android.os.Looper.loop() (Looper.java:193)
09-24 12:36:24.688  6374  6422 I mobile.launche:   at void com.facebook.react.bridge.queue.MessageQueueThreadImpl$4.run() (MessageQueueThreadImpl.java:234)
09-24 12:36:24.688  6374  6422 I mobile.launche:   at void java.lang.Thread.run() (Thread.java:764)
09-24 12:36:24.688  6374  6422 I mobile.launche: Caused by: java.lang.ClassNotFoundException: Didn't find class "android.os.OutcomeReceiver" on path: DexPathList[[zip file "/data/app/ro.alynsampmobile.launcher-1TqSFmeB_he3M2BYdMSYfQ==/base.apk"],nativeLibraryDirectories=[/data/app/ro.alynsampmobile.launcher-1TqSFmeB_he3M2BYdMSYfQ==/lib/arm64, /data/app/ro.alynsampmobile.launcher-1TqSFmeB_he3M2BYdMSYfQ==/base.apk!/lib/arm64-v8a, /system/lib64, /system/vendor/lib64]]
09-24 12:36:24.688  6374  6422 I mobile.launche:   at java.lang.Class dalvik.system.BaseDexClassLoader.findClass(java.lang.String) (BaseDexClassLoader.java:134)
09-24 12:36:24.688  6374  6422 I mobile.launche:   at java.lang.Class java.lang.ClassLoader.loadClass(java.lang.String, boolean) (ClassLoader.java:379)
09-24 12:36:24.688  6374  6422 I mobile.launche:   at java.lang.Class java.lang.ClassLoader.loadClass(java.lang.String) (ClassLoader.java:312)
09-24 12:36:24.688  6374  6422 I mobile.launche:   at boolean com.applovin.impl.sdk.aa.M(android.content.Context) (SourceFile:211)
09-24 12:36:24.688  6374  6422 I mobile.launche:   at java.util.Map com.applovin.impl.sdk.o.CY() (SourceFile:396)
09-24 12:36:24.688  6374  6422 I mobile.launche:   at void com.applovin.impl.sdk.o.<init>(com.applovin.impl.sdk.n) (SourceFile:177)
09-24 12:36:24.688  6374  6422 I mobile.launche:   at void com.applovin.impl.sdk.n.Bj() (SourceFile:457)
09-24 12:36:24.688  6374  6422 I mobile.launche:   at void com.applovin.impl.sdk.n.a(java.lang.String, com.applovin.sdk.AppLovinSdkSettings, android.content.Context) (SourceFile:415)
09-24 12:36:24.688  6374  6422 I mobile.launche:   at com.applovin.sdk.AppLovinSdk com.applovin.sdk.AppLovinSdk.getInstance(java.lang.String, com.applovin.sdk.AppLovinSdkSettings, android.content.Context) (SourceFile:425)
09-24 12:36:24.688  6374  6422 I mobile.launche:   at com.applovin.sdk.AppLovinSdk com.applovin.sdk.AppLovinSdk.getInstance(com.applovin.sdk.AppLovinSdkSettings, android.content.Context) (SourceFile:374)
09-24 12:36:24.688  6374  6422 I mobile.launche:   at com.applovin.sdk.AppLovinSdk com.applovin.sdk.AppLovinSdk.getInstance(android.content.Context) (SourceFile:350)
09-24 12:36:24.688  6374  6422 I mobile.launche:   at void ro.alynsampmobile.launcher.ads.AdsModule.initialize(java.lang.String, com.facebook.react.bridge.Promise) (AdsModule.java:57)
09-24 12:36:24.688  6374  6422 I mobile.launche:   at java.lang.Object java.lang.reflect.Method.invoke(java.lang.Object, java.lang.Object[]) (Method.java:-2)
09-24 12:36:24.688  6374  6422 I mobile.launche:   at void com.facebook.react.bridge.JavaMethodWrapper.invoke(com.facebook.react.bridge.JSInstance, com.facebook.react.bridge.ReadableArray) (JavaMethodWrapper.java:372)
09-24 12:36:24.688  6374  6422 I mobile.launche:   at void com.facebook.react.bridge.JavaModuleWrapper.invoke(int, com.facebook.react.bridge.ReadableNativeArray) (JavaModuleWrapper.java:149)
09-24 12:36:24.688  6374  6422 I mobile.launche:   at void com.facebook.jni.NativeRunnable.run() (NativeRunnable.java:-2)
09-24 12:36:24.688  6374  6422 I mobile.launche:   at void android.os.Handler.handleCallback(android.os.Message) (Handler.java:873)
09-24 12:36:24.688  6374  6422 I mobile.launche:   at void android.os.Handler.dispatchMessage(android.os.Message) (Handler.java:99)
09-24 12:36:24.688  6374  6422 I mobile.launche:   at void com.facebook.react.bridge.queue.MessageQueueThreadHandler.dispatchMessage(android.os.Message) (MessageQueueThreadHandler.java:29)
09-24 12:36:24.688  6374  6422 I mobile.launche:   at void android.os.Looper.loop() (Looper.java:193)
09-24 12:36:24.688  6374  6422 I mobile.launche:   at void com.facebook.react.bridge.queue.MessageQueueThreadImpl$4.run() (MessageQueueThreadImpl.java:234)
09-24 12:36:24.688  6374  6422 I mobile.launche:   at void java.lang.Thread.run() (Thread.java:764)
09-24 12:36:24.688  6374  6422 I mobile.launche: 
09-24 12:36:24.688  6374  6435 I mobile.launche: Rejecting re-init on previously-failed class java.lang.Class<IS2>: java.lang.NoClassDefFoundError: Failed resolution of: Landroid/webkit/PacProcessor;
09-24 12:36:24.688  6374  6435 I mobile.launche:   at java.lang.Class java.lang.Class.classForName(java.lang.String, boolean, java.lang.ClassLoader) (Class.java:-2)
09-24 12:36:24.688  6374  6435 I mobile.launche:   at java.lang.Class java.lang.Class.forName(java.lang.String, boolean, java.lang.ClassLoader) (Class.java:453)
09-24 12:36:24.688  6374  6435 I mobile.launche:   at java.lang.Class android.webkit.WebViewFactory.getWebViewProviderClass(java.lang.ClassLoader) (WebViewFactory.java:176)
09-24 12:36:24.688  6374  6435 I mobile.launche:   at java.lang.Class android.webkit.WebViewFactory.getProviderClass() (WebViewFactory.java:459)
09-24 12:36:24.688  6374  6435 I mobile.launche:   at android.webkit.WebViewFactoryProvider android.webkit.WebViewFactory.getProvider() (WebViewFactory.java:251)
09-24 12:36:24.688  6374  6435 I mobile.launche:   at android.webkit.CookieManager android.webkit.CookieManager.getInstance() (CookieManager.java:40)
09-24 12:36:24.688  6374  6435 I mobile.launche:   at android.webkit.CookieManager com.facebook.react.modules.network.ForwardingCookieHandler.getCookieManager() (ForwardingCookieHandler.java:102)
09-24 12:36:24.688  6374  6435 I mobile.launche:   at java.util.Map com.facebook.react.modules.network.ForwardingCookieHandler.get(java.net.URI, java.util.Map) (ForwardingCookieHandler.java:43)
09-24 12:36:24.688  6374  6435 I mobile.launche:   at java.util.List okhttp3.JavaNetCookieJar.loadForRequest(okhttp3.HttpUrl) (JavaNetCookieJar.kt:47)
09-24 12:36:24.688  6374  6435 I mobile.launche:   at java.util.List com.facebook.react.modules.network.ReactCookieJarContainer.loadForRequest(okhttp3.HttpUrl) (ReactCookieJarContainer.java:44)
09-24 12:36:24.688  6374  6435 I mobile.launche:   at okhttp3.Response okhttp3.internal.http.BridgeInterceptor.intercept(okhttp3.Interceptor$Chain) (BridgeInterceptor.kt:74)
09-24 12:36:24.688  6374  6435 I mobile.launche:   at okhttp3.Response okhttp3.internal.http.RealInterceptorChain.proceed(okhttp3.Request) (RealInterceptorChain.kt:109)
09-24 12:36:24.688  6374  6435 I mobile.launche:   at okhttp3.Response okhttp3.internal.http.RetryAndFollowUpInterceptor.intercept(okhttp3.Interceptor$Chain) (RetryAndFollowUpInterceptor.kt:76)
09-24 12:36:24.688  6374  6435 I mobile.launche:   at okhttp3.Response okhttp3.internal.http.RealInterceptorChain.proceed(okhttp3.Request) (RealInterceptorChain.kt:109)
09-24 12:36:24.688  6374  6435 I mobile.launche:   at okhttp3.Response okhttp3.internal.connection.RealCall.getResponseWithInterceptorChain$okhttp() (RealCall.kt:201)
09-24 12:36:24.688  6374  6435 I mobile.launche:   at void okhttp3.internal.connection.RealCall$AsyncCall.run() (RealCall.kt:517)
09-24 12:36:24.688  6374  6435 I mobile.launche:   at void java.util.concurrent.ThreadPoolExecutor.runWorker(java.util.concurrent.ThreadPoolExecutor$Worker) (ThreadPoolExecutor.java:1167)
09-24 12:36:24.688  6374  6435 I mobile.launche:   at void java.util.concurrent.ThreadPoolExecutor$Worker.run() (ThreadPoolExecutor.java:641)
09-24 12:36:24.688  6374  6435 I mobile.launche:   at void java.lang.Thread.run() (Thread.java:764)
09-24 12:36:24.688  6374  6435 I mobile.launche: Caused by: java.lang.ClassNotFoundException: Didn't find class "android.webkit.PacProcessor" on path: DexPathList[[zip file "/data/downloads/com.android.chrome/base.apk"],nativeLibraryDirectories=[/data/downloads/com.android.chrome/lib/x86_64, /data/downloads/com.android.chrome/base.apk!/lib/x86_64, /system/lib64, /system/vendor/lib64, /system/lib64, /system/vendor/lib64]]
09-24 12:36:24.688  6374  6435 I mobile.launche:   at java.lang.Class dalvik.system.BaseDexClassLoader.findClass(java.lang.String) (BaseDexClassLoader.java:134)
09-24 12:36:24.688  6374  6435 I mobile.launche:   at java.lang.Class java.lang.ClassLoader.loadClass(java.lang.String, boolean) (ClassLoader.java:379)
09-24 12:36:24.688  6374  6435 I mobile.launche:   at java.lang.Class java.lang.ClassLoader.loadClass(java.lang.String) (ClassLoader.java:312)
09-24 12:36:24.688  6374  6435 I mobile.launche:   at java.lang.Class java.lang.Class.classForName(java.lang.String, boolean, java.lang.ClassLoader) (Class.java:-2)
09-24 12:36:24.688  6374  6435 I mobile.launche:   at java.lang.Class java.lang.Class.forName(java.lang.String, boolean, java.lang.ClassLoader) (Class.java:453)
09-24 12:36:24.688  6374  6435 I mobile.launche:   at java.lang.Class android.webkit.WebViewFactory.getWebViewProviderClass(java.lang.ClassLoader) (WebViewFactory.java:176)
09-24 12:36:24.688  6374  6435 I mobile.launche:   at java.lang.Class android.webkit.WebViewFactory.getProviderClass() (WebViewFactory.java:459)
09-24 12:36:24.688  6374  6435 I mobile.launche:   at android.webkit.WebViewFactoryProvider android.webkit.WebViewFactory.getProvider() (WebViewFactory.java:251)
09-24 12:36:24.688  6374  6435 I mobile.launche:   at android.webkit.CookieManager android.webkit.CookieManager.getInstance() (CookieManager.java:40)
09-24 12:36:24.688  6374  6435 I mobile.launche:   at android.webkit.CookieManager com.facebook.react.modules.network.ForwardingCookieHandler.getCookieManager() (ForwardingCookieHandler.java:102)
09-24 12:36:24.688  6374  6435 I mobile.launche:   at java.util.Map com.facebook.react.modules.network.ForwardingCookieHandler.get(java.net.URI, java.util.Map) (ForwardingCookieHandler.java:43)
09-24 12:36:24.688  6374  6435 I mobile.launche:   at java.util.List okhttp3.JavaNetCookieJar.loadForRequest(okhttp3.HttpUrl) (JavaNetCookieJar.kt:47)
09-24 12:36:24.688  6374  6435 I mobile.launche:   at java.util.List com.facebook.react.modules.network.ReactCookieJarContainer.loadForRequest(okhttp3.HttpUrl) (ReactCookieJarContainer.java:44)
09-24 12:36:24.688  6374  6435 I mobile.launche:   at okhttp3.Response okhttp3.internal.http.BridgeInterceptor.intercept(okhttp3.Interceptor$Chain) (BridgeInterceptor.kt:74)
09-24 12:36:24.688  6374  6435 I mobile.launche:   at okhttp3.Response okhttp3.internal.http.RealInterceptorChain.proceed(okhttp3.Request) (RealInterceptorChain.kt:109)
09-24 12:36:24.688  6374  6435 I mobile.launche:   at okhttp3.Response okhttp3.internal.http.RetryAndFollowUpInterceptor.intercept(okhttp3.Interceptor$Chain) (RetryAndFollowUpInterceptor.kt:76)
09-24 12:36:24.688  6374  6435 I mobile.launche:   at okhttp3.Response okhttp3.internal.http.RealInterceptorChain.proceed(okhttp3.Request) (RealInterceptorChain.kt:109)
09-24 12:36:24.688  6374  6435 I mobile.launche:   at okhttp3.Response okhttp3.internal.connection.RealCall.getResponseWithInterceptorChain$okhttp() (RealCall.kt:201)
09-24 12:36:24.688  6374  6435 I mobile.launche:   at void okhttp3.internal.connection.RealCall$AsyncCall.run() (RealCall.kt:517)
09-24 12:36:24.688  6374  6435 I mobile.launche:   at void java.util.concurrent.ThreadPoolExecutor.runWorker(java.util.concurrent.ThreadPoolExecutor$Worker) (ThreadPoolExecutor.java:1167)
09-24 12:36:24.688  6374  6435 I mobile.launche:   at void java.util.concurrent.ThreadPoolExecutor$Worker.run() (ThreadPoolExecutor.java:641)
09-24 12:36:24.688  6374  6435 I mobile.launche:   at void java.lang.Thread.run() (Thread.java:764)
09-24 12:36:24.688  6374  6435 I mobile.launche: 
09-24 12:36:24.689  6374  6422 I mobile.launche: Rejecting re-init on previously-failed class java.lang.Class<com.applovin.impl.sdk.aa$3>: java.lang.NoClassDefFoundError: Failed resolution of: Landroid/os/OutcomeReceiver;
09-24 12:36:24.689  6374  6422 I mobile.launche:   at boolean com.applovin.impl.sdk.aa.M(android.content.Context) (SourceFile:211)
09-24 12:36:24.689  6374  6422 I mobile.launche:   at java.util.Map com.applovin.impl.sdk.o.CY() (SourceFile:396)
09-24 12:36:24.689  6374  6422 I mobile.launche:   at void com.applovin.impl.sdk.o.<init>(com.applovin.impl.sdk.n) (SourceFile:177)
09-24 12:36:24.689  6374  6422 I mobile.launche:   at void com.applovin.impl.sdk.n.Bj() (SourceFile:457)
09-24 12:36:24.689  6374  6422 I mobile.launche:   at void com.applovin.impl.sdk.n.a(java.lang.String, com.applovin.sdk.AppLovinSdkSettings, android.content.Context) (SourceFile:415)
09-24 12:36:24.689  6374  6422 I mobile.launche:   at com.applovin.sdk.AppLovinSdk com.applovin.sdk.AppLovinSdk.getInstance(java.lang.String, com.applovin.sdk.AppLovinSdkSettings, android.content.Context) (SourceFile:425)
09-24 12:36:24.689  6374  6422 I mobile.launche:   at com.applovin.sdk.AppLovinSdk com.applovin.sdk.AppLovinSdk.getInstance(com.applovin.sdk.AppLovinSdkSettings, android.content.Context) (SourceFile:374)
09-24 12:36:24.689  6374  6422 I mobile.launche:   at com.applovin.sdk.AppLovinSdk com.applovin.sdk.AppLovinSdk.getInstance(android.content.Context) (SourceFile:350)
09-24 12:36:24.689  6374  6422 I mobile.launche:   at void ro.alynsampmobile.launcher.ads.AdsModule.initialize(java.lang.String, com.facebook.react.bridge.Promise) (AdsModule.java:57)
09-24 12:36:24.689  6374  6422 I mobile.launche:   at java.lang.Object java.lang.reflect.Method.invoke(java.lang.Object, java.lang.Object[]) (Method.java:-2)
09-24 12:36:24.689  6374  6422 I mobile.launche:   at void com.facebook.react.bridge.JavaMethodWrapper.invoke(com.facebook.react.bridge.JSInstance, com.facebook.react.bridge.ReadableArray) (JavaMethodWrapper.java:372)
09-24 12:36:24.689  6374  6422 I mobile.launche:   at void com.facebook.react.bridge.JavaModuleWrapper.invoke(int, com.facebook.react.bridge.ReadableNativeArray) (JavaModuleWrapper.java:149)
09-24 12:36:24.689  6374  6422 I mobile.launche:   at void com.facebook.jni.NativeRunnable.run() (NativeRunnable.java:-2)
09-24 12:36:24.689  6374  6422 I mobile.launche:   at void android.os.Handler.handleCallback(android.os.Message) (Handler.java:873)
09-24 12:36:24.689  6374  6422 I mobile.launche:   at void android.os.Handler.dispatchMessage(android.os.Message) (Handler.java:99)
09-24 12:36:24.689  6374  6422 I mobile.launche:   at void com.facebook.react.bridge.queue.MessageQueueThreadHandler.dispatchMessage(android.os.Message) (MessageQueueThreadHandler.java:29)
09-24 12:36:24.689  6374  6422 I mobile.launche:   at void android.os.Looper.loop() (Looper.java:193)
09-24 12:36:24.689  6374  6422 I mobile.launche:   at void com.facebook.react.bridge.queue.MessageQueueThreadImpl$4.run() (MessageQueueThreadImpl.java:234)
09-24 12:36:24.689  6374  6422 I mobile.launche:   at void java.lang.Thread.run() (Thread.java:764)
09-24 12:36:24.689  6374  6422 I mobile.launche: Caused by: java.lang.ClassNotFoundException: Didn't find class "android.os.OutcomeReceiver" on path: DexPathList[[zip file "/data/app/ro.alynsampmobile.launcher-1TqSFmeB_he3M2BYdMSYfQ==/base.apk"],nativeLibraryDirectories=[/data/app/ro.alynsampmobile.launcher-1TqSFmeB_he3M2BYdMSYfQ==/lib/arm64, /data/app/ro.alynsampmobile.launcher-1TqSFmeB_he3M2BYdMSYfQ==/base.apk!/lib/arm64-v8a, /system/lib64, /system/vendor/lib64]]
09-24 12:36:24.689  6374  6422 I mobile.launche:   at java.lang.Class dalvik.system.BaseDexClassLoader.findClass(java.lang.String) (BaseDexClassLoader.java:134)
09-24 12:36:24.689  6374  6422 I mobile.launche:   at java.lang.Class java.lang.ClassLoader.loadClass(java.lang.String, boolean) (ClassLoader.java:379)
09-24 12:36:24.689  6374  6422 I mobile.launche:   at java.lang.Class java.lang.ClassLoader.loadClass(java.lang.String) (ClassLoader.java:312)
09-24 12:36:24.689  6374  6422 I mobile.launche:   at boolean com.applovin.impl.sdk.aa.M(android.content.Context) (SourceFile:211)
09-24 12:36:24.689  6374  6422 I mobile.launche:   at java.util.Map com.applovin.impl.sdk.o.CY() (SourceFile:396)
09-24 12:36:24.689  6374  6422 I mobile.launche:   at void com.applovin.impl.sdk.o.<init>(com.applovin.impl.sdk.n) (SourceFile:177)
09-24 12:36:24.689  6374  6422 I mobile.launche:   at void com.applovin.impl.sdk.n.Bj() (SourceFile:457)
09-24 12:36:24.689  6374  6422 I mobile.launche:   at void com.applovin.impl.sdk.n.a(java.lang.String, com.applovin.sdk.AppLovinSdkSettings, android.content.Context) (SourceFile:415)
09-24 12:36:24.689  6374  6422 I mobile.launche:   at com.applovin.sdk.AppLovinSdk com.applovin.sdk.AppLovinSdk.getInstance(java.lang.String, com.applovin.sdk.AppLovinSdkSettings, android.content.Context) (SourceFile:425)
09-24 12:36:24.689  6374  6422 I mobile.launche:   at com.applovin.sdk.AppLovinSdk com.applovin.sdk.AppLovinSdk.getInstance(com.applovin.sdk.AppLovinSdkSettings, android.content.Context) (SourceFile:374)
09-24 12:36:24.689  6374  6422 I mobile.launche:   at com.applovin.sdk.AppLovinSdk com.applovin.sdk.AppLovinSdk.getInstance(android.content.Context) (SourceFile:350)
09-24 12:36:24.689  6374  6422 I mobile.launche:   at void ro.alynsampmobile.launcher.ads.AdsModule.initialize(java.lang.String, com.facebook.react.bridge.Promise) (AdsModule.java:57)
09-24 12:36:24.689  6374  6422 I mobile.launche:   at java.lang.Object java.lang.reflect.Method.invoke(java.lang.Object, java.lang.Object[]) (Method.java:-2)
09-24 12:36:24.689  6374  6422 I mobile.launche:   at void com.facebook.react.bridge.JavaMethodWrapper.invoke(com.facebook.react.bridge.JSInstance, com.facebook.react.bridge.ReadableArray) (JavaMethodWrapper.java:372)
09-24 12:36:24.689  6374  6422 I mobile.launche:   at void com.facebook.react.bridge.JavaModuleWrapper.invoke(int, com.facebook.react.bridge.ReadableNativeArray) (JavaModuleWrapper.java:149)
09-24 12:36:24.689  6374  6422 I mobile.launche:   at void com.facebook.jni.NativeRunnable.run() (NativeRunnable.java:-2)
09-24 12:36:24.689  6374  6422 I mobile.launche:   at void android.os.Handler.handleCallback(android.os.Message) (Handler.java:873)
09-24 12:36:24.689  6374  6422 I mobile.launche:   at void android.os.Handler.dispatchMessage(android.os.Message) (Handler.java:99)
09-24 12:36:24.689  6374  6422 I mobile.launche:   at void com.facebook.react.bridge.queue.MessageQueueThreadHandler.dispatchMessage(android.os.Message) (MessageQueueThreadHandler.java:29)
09-24 12:36:24.689  6374  6422 I mobile.launche:   at void android.os.Looper.loop() (Looper.java:193)
09-24 12:36:24.689  6374  6422 I mobile.launche:   at void com.facebook.react.bridge.queue.MessageQueueThreadImpl$4.run() (MessageQueueThreadImpl.java:234)
09-24 12:36:24.689  6374  6422 I mobile.launche:   at void java.lang.Thread.run() (Thread.java:764)
09-24 12:36:24.689  6374  6422 I mobile.launche: 
09-24 12:36:24.689  6374  6422 I mobile.launche: Rejecting re-init on previously-failed class java.lang.Class<com.applovin.impl.sdk.aa$3>: java.lang.NoClassDefFoundError: Failed resolution of: Landroid/os/OutcomeReceiver;
09-24 12:36:24.689  6374  6422 I mobile.launche:   at boolean com.applovin.impl.sdk.aa.M(android.content.Context) (SourceFile:211)
09-24 12:36:24.689  6374  6422 I mobile.launche:   at java.util.Map com.applovin.impl.sdk.o.CY() (SourceFile:396)
09-24 12:36:24.689  6374  6422 I mobile.launche:   at void com.applovin.impl.sdk.o.<init>(com.applovin.impl.sdk.n) (SourceFile:177)
09-24 12:36:24.689  6374  6422 I mobile.launche:   at void com.applovin.impl.sdk.n.Bj() (SourceFile:457)
09-24 12:36:24.689  6374  6422 I mobile.launche:   at void com.applovin.impl.sdk.n.a(java.lang.String, com.applovin.sdk.AppLovinSdkSettings, android.content.Context) (SourceFile:415)
09-24 12:36:24.689  6374  6422 I mobile.launche:   at com.applovin.sdk.AppLovinSdk com.applovin.sdk.AppLovinSdk.getInstance(java.lang.String, com.applovin.sdk.AppLovinSdkSettings, android.content.Context) (SourceFile:425)
09-24 12:36:24.689  6374  6422 I mobile.launche:   at com.applovin.sdk.AppLovinSdk com.applovin.sdk.AppLovinSdk.getInstance(com.applovin.sdk.AppLovinSdkSettings, android.content.Context) (SourceFile:374)
09-24 12:36:24.689  6374  6422 I mobile.launche:   at com.applovin.sdk.AppLovinSdk com.applovin.sdk.AppLovinSdk.getInstance(android.content.Context) (SourceFile:350)
09-24 12:36:24.689  6374  6422 I mobile.launche:   at void ro.alynsampmobile.launcher.ads.AdsModule.initialize(java.lang.String, com.facebook.react.bridge.Promise) (AdsModule.java:57)
09-24 12:36:24.689  6374  6422 I mobile.launche:   at java.lang.Object java.lang.reflect.Method.invoke(java.lang.Object, java.lang.Object[]) (Method.java:-2)
09-24 12:36:24.689  6374  6422 I mobile.launche:   at void com.facebook.react.bridge.JavaMethodWrapper.invoke(com.facebook.react.bridge.JSInstance, com.facebook.react.bridge.ReadableArray) (JavaMethodWrapper.java:372)
09-24 12:36:24.689  6374  6422 I mobile.launche:   at void com.facebook.react.bridge.JavaModuleWrapper.invoke(int, com.facebook.react.bridge.ReadableNativeArray) (JavaModuleWrapper.java:149)
09-24 12:36:24.689  6374  6422 I mobile.launche:   at void com.facebook.jni.NativeRunnable.run() (NativeRunnable.java:-2)
09-24 12:36:24.689  6374  6422 I mobile.launche:   at void android.os.Handler.handleCallback(android.os.Message) (Handler.java:873)
09-24 12:36:24.689  6374  6422 I mobile.launche:   at void android.os.Handler.dispatchMessage(android.os.Message) (Handler.java:99)
09-24 12:36:24.689  6374  6422 I mobile.launche:   at void com.facebook.react.bridge.queue.MessageQueueThreadHandler.dispatchMessage(android.os.Message) (MessageQueueThreadHandler.java:29)
09-24 12:36:24.689  6374  6422 I mobile.launche:   at void android.os.Looper.loop() (Looper.java:193)
09-24 12:36:24.689  6374  6422 I mobile.launche:   at void com.facebook.react.bridge.queue.MessageQueueThreadImpl$4.run() (MessageQueueThreadImpl.java:234)
09-24 12:36:24.689  6374  6422 I mobile.launche:   at void java.lang.Thread.run() (Thread.java:764)
09-24 12:36:24.689  6374  6422 I mobile.launche: Caused by: java.lang.ClassNotFoundException: Didn't find class "android.os.OutcomeReceiver" on path: DexPathList[[zip file "/data/app/ro.alynsampmobile.launcher-1TqSFmeB_he3M2BYdMSYfQ==/base.apk"],nativeLibraryDirectories=[/data/app/ro.alynsampmobile.launcher-1TqSFmeB_he3M2BYdMSYfQ==/lib/arm64, /data/app/ro.alynsampmobile.launcher-1TqSFmeB_he3M2BYdMSYfQ==/base.apk!/lib/arm64-v8a, /system/lib64, /system/vendor/lib64]]
09-24 12:36:24.689  6374  6422 I mobile.launche:   at java.lang.Class dalvik.system.BaseDexClassLoader.findClass(java.lang.String) (BaseDexClassLoader.java:134)
09-24 12:36:24.689  6374  6422 I mobile.launche:   at java.lang.Class java.lang.ClassLoader.loadClass(java.lang.String, boolean) (ClassLoader.java:379)
09-24 12:36:24.689  6374  6422 I mobile.launche:   at java.lang.Class java.lang.ClassLoader.loadClass(java.lang.String) (ClassLoader.java:312)
09-24 12:36:24.689  6374  6422 I mobile.launche:   at boolean com.applovin.impl.sdk.aa.M(android.content.Context) (SourceFile:211)
09-24 12:36:24.689  6374  6422 I mobile.launche:   at java.util.Map com.applovin.impl.sdk.o.CY() (SourceFile:396)
09-24 12:36:24.689  6374  6422 I mobile.launche:   at void com.applovin.impl.sdk.o.<init>(com.applovin.impl.sdk.n) (SourceFile:177)
09-24 12:36:24.689  6374  6422 I mobile.launche:   at void com.applovin.impl.sdk.n.Bj() (SourceFile:457)
09-24 12:36:24.689  6374  6422 I mobile.launche:   at void com.applovin.impl.sdk.n.a(java.lang.String, com.applovin.sdk.AppLovinSdkSettings, android.content.Context) (SourceFile:415)
09-24 12:36:24.689  6374  6422 I mobile.launche:   at com.applovin.sdk.AppLovinSdk com.applovin.sdk.AppLovinSdk.getInstance(java.lang.String, com.applovin.sdk.AppLovinSdkSettings, android.content.Context) (SourceFile:425)
09-24 12:36:24.689  6374  6422 I mobile.launche:   at com.applovin.sdk.AppLovinSdk com.applovin.sdk.AppLovinSdk.getInstance(com.applovin.sdk.AppLovinSdkSettings, android.content.Context) (SourceFile:374)
09-24 12:36:24.689  6374  6422 I mobile.launche:   at com.applovin.sdk.AppLovinSdk com.applovin.sdk.AppLovinSdk.getInstance(android.content.Context) (SourceFile:350)
09-24 12:36:24.689  6374  6422 I mobile.launche:   at void ro.alynsampmobile.launcher.ads.AdsModule.initialize(java.lang.String, com.facebook.react.bridge.Promise) (AdsModule.java:57)
09-24 12:36:24.689  6374  6422 I mobile.launche:   at java.lang.Object java.lang.reflect.Method.invoke(java.lang.Object, java.lang.Object[]) (Method.java:-2)
09-24 12:36:24.689  6374  6422 I mobile.launche:   at void com.facebook.react.bridge.JavaMethodWrapper.invoke(com.facebook.react.bridge.JSInstance, com.facebook.react.bridge.ReadableArray) (JavaMethodWrapper.java:372)
09-24 12:36:24.689  6374  6422 I mobile.launche:   at void com.facebook.react.bridge.JavaModuleWrapper.invoke(int, com.facebook.react.bridge.ReadableNativeArray) (JavaModuleWrapper.java:149)
09-24 12:36:24.689  6374  6422 I mobile.launche:   at void com.facebook.jni.NativeRunnable.run() (NativeRunnable.java:-2)
09-24 12:36:24.689  6374  6422 I mobile.launche:   at void android.os.Handler.handleCallback(android.os.Message) (Handler.java:873)
09-24 12:36:24.689  6374  6422 I mobile.launche:   at void android.os.Handler.dispatchMessage(android.os.Message) (Handler.java:99)
09-24 12:36:24.689  6374  6422 I mobile.launche:   at void com.facebook.react.bridge.queue.MessageQueueThreadHandler.dispatchMessage(android.os.Message) (MessageQueueThreadHandler.java:29)
09-24 12:36:24.689  6374  6422 I mobile.launche:   at void android.os.Looper.loop() (Looper.java:193)
09-24 12:36:24.689  6374  6422 I mobile.launche:   at void com.facebook.react.bridge.queue.MessageQueueThreadImpl$4.run() (MessageQueueThreadImpl.java:234)
09-24 12:36:24.689  6374  6422 I mobile.launche:   at void java.lang.Thread.run() (Thread.java:764)
09-24 12:36:24.689  6374  6422 I mobile.launche: 
09-24 12:36:24.698  6374  6435 I cr_WVCFactoryProvider: version=129.0.6668.70 (666807027) minSdkVersion=26 isBundle=true multiprocess=true packageId=2
09-24 12:36:24.701  6374  6422 D AppLovinSdk: [TcfManager] Attempting to update consent from Additional Consent string: null
09-24 12:36:24.702  6374  6422 E AppLovinSdk: [PersistentPostbackQueueSaveTask] Postbacks queue file does not exist.
09-24 12:36:24.760  6374  6449 I chromium: [0924/123624.757954:INFO:variations_seed_loader.cc(68)] Failed to open file for reading.: No such file or directory (2)
09-24 12:36:24.760  6374  6449 I chromium: [0924/123624.760672:INFO:variations_seed_loader.cc(68)] Failed to open file for reading.: No such file or directory (2)
09-24 12:36:24.764  6374  6435 I cr_LibraryLoader: Successfully loaded native library
09-24 12:36:24.765  6374  6435 I cr_CachingUmaRecorder: Flushed 5 samples from 5 histograms, 0 samples were dropped.
09-24 12:36:24.774  6374  6399 I FirebaseCrashlytics: Saved version control info
09-24 12:36:24.824  6374  6374 I ReactNative: [GESTURE HANDLER] Initialize gesture handler for root view com.facebook.react.ReactRootView{76947e6 V.E...... .......D 0,0-1600,900 #b}
09-24 12:36:24.851  6374  6428 D emuglGLESv2_enc: check GLMBRH with pkg[ro.alynsampmobile.launcher] with res[1]
09-24 12:36:24.852  6374  6428 D emuglGLESv2_enc: check GLUBPerf with pkg[ro.alynsampmobile.launcher] with res[1]
09-24 12:36:24.857  6374  6428 E libEGL  : called unimplemented OpenGL ES API
09-24 12:36:24.884  6374  6428 D EGL_emulation: eglMakeCurrent: 0x72141ca68000: ver 3 2 (tinfo 0x7213fb486640)
09-24 12:36:25.156  6374  6428 I chatty  : uid=10074(ro.alynsampmobile.launcher) RenderThread identical 11 lines
09-24 12:36:25.157  6374  6428 D EGL_emulation: eglMakeCurrent: 0x72141ca68000: ver 3 2 (tinfo 0x7213fb486640)
09-24 12:36:25.197  6374  6421 I ReactNativeJS: 'API initialized successfully', { appStatus: true, appVersion: '20.7.8' }
09-24 12:36:25.206  6374  6428 D EGL_emulation: eglMakeCurrent: 0x72141ca68000: ver 3 2 (tinfo 0x7213fb486640)
09-24 12:36:25.257  6374  6428 I chatty  : uid=10074(ro.alynsampmobile.launcher) RenderThread identical 3 lines
09-24 12:36:25.276  6374  6428 D EGL_emulation: eglMakeCurrent: 0x72141ca68000: ver 3 2 (tinfo 0x7213fb486640)
09-24 12:36:25.459  6374  6421 I ReactNativeJS: Loaded 25 testers from API
09-24 12:36:25.459  6374  6421 I ReactNativeJS: App initialized successfully
09-24 12:36:26.226  6374  6447 W DynamiteModule: Local module descriptor class for com.google.android.gms.providerinstaller.dynamite not found.
09-24 12:36:26.228  6374  6447 I DynamiteModule: Considering local module com.google.android.gms.providerinstaller.dynamite:0 and remote module com.google.android.gms.providerinstaller.dynamite:0
09-24 12:36:26.228  6374  6447 W ProviderInstaller: Failed to load providerinstaller module: No acceptable module com.google.android.gms.providerinstaller.dynamite found. Local version is 0 and remote version is 0.
09-24 12:36:26.229  6374  6447 I mobile.launche: The ClassLoaderContext is a special shared library.
09-24 12:36:26.229  6374  6447 I mobile.launche: The ClassLoaderContext is a special shared library.
09-24 12:36:26.250  6374  6447 V NativeCrypto: Registering com/google/android/gms/org/conscrypt/NativeCrypto's 305 native methods...
09-24 12:36:26.293  6374  6447 I ProviderInstaller: Installed default security provider GmsCore_OpenSSL
09-24 12:36:26.423  6374  6428 D EGL_emulation: eglMakeCurrent: 0x72141ca68000: ver 3 2 (tinfo 0x7213fb486640)
09-24 12:36:26.639  6374  6428 I chatty  : uid=10074(ro.alynsampmobile.launcher) RenderThread identical 25 lines
09-24 12:36:26.640  6374  6428 D EGL_emulation: eglMakeCurrent: 0x72141ca68000: ver 3 2 (tinfo 0x7213fb486640)
09-24 12:36:26.649  6374  6448 D AppLovinSdk: [AppLovinSdk] 
09-24 12:36:26.649  6374  6448 D AppLovinSdk: ========================================
09-24 12:36:26.649  6374  6448 D AppLovinSdk: =====AppLovin SDK=====
09-24 12:36:26.649  6374  6448 D AppLovinSdk: ===SDK Versions===
09-24 12:36:26.649  6374  6448 D AppLovinSdk: Version: 12.1.0
09-24 12:36:26.649  6374  6448 D AppLovinSdk: Plugin Version: 
09-24 12:36:26.649  6374  6448 D AppLovinSdk: Ad Review Version: 
09-24 12:36:26.649  6374  6448 D AppLovinSdk: OM SDK Version: 1.4.9-Applovin
09-24 12:36:26.649  6374  6448 D AppLovinSdk: ===Device Info===
09-24 12:36:26.649  6374  6448 D AppLovinSdk: OS: 9 (P - API 28)
09-24 12:36:26.649  6374  6448 D AppLovinSdk: GAID: <Enable verbose logging to see the GAID to use for test devices - https://monetization-support.applovin.com/hc/en-us/articles/236114328-How-can-I-expose-verbose-logging-for-the-SDK>
09-24 12:36:26.649  6374  6448 D AppLovinSdk: Model: SM-S908E
09-24 12:36:26.649  6374  6448 D AppLovinSdk: Locale: es_ES
09-24 12:36:26.649  6374  6448 D AppLovinSdk: Emulator: false
09-24 12:36:26.649  6374  6448 D AppLovinSdk: Tablet: true
09-24 12:36:26.649  6374  6448 D AppLovinSdk: ===App Info===
09-24 12:36:26.649  6374  6448 D AppLovinSdk: Application ID: ro.alynsampmobile.launcher
09-24 12:36:26.649  6374  6448 D AppLovinSdk: Target SDK: 36
09-24 12:36:26.649  6374  6448 D AppLovinSdk: ExoPlayer Version: 2015001
09-24 12:36:26.649  6374  6448 D AppLovinSdk: ===SDK Settings===
09-24 12:36:26.649  6374  6448 D AppLovinSdk: SDK Key: EOPqxvB1Qrw2xJOhrE3ez_aChS66UV4bn6aVXVqWTBrsHN708BT__BeI_44dubg6SHJzqm1NmllC1vNUpieFy2
09-24 12:36:26.649  6374  6448 D AppLovinSdk: Mediation Provider: max
09-24 12:36:26.649  6374  6448 D AppLovinSdk: TG: 88
09-24 12:36:26.649  6374  6448 D AppLovinSdk: AEI: 112
09-24 12:36:26.649  6374  6448 D AppLovinSdk: MEI: -1
09-24 12:36:26.649  6374  6448 D AppLovinSdk: Test Mode On: false
09-24 12:36:26.649  6374  6448 D AppLovinSdk: Verbose Logging On: false
09-24 12:36:26.649  6374  6448 D AppLovinSdk: ===Privacy States===
09-24 12:36:26.649  6374  6448 D AppLovinSdk: Please review AppLovin MAX documentation to be compliant with regional privacy policies.
09-24 12:36:26.649  6374  6448 D AppLovinSdk: 
09-24 12:36:26.649  6374  6448 D AppLovinSdk: Age Restricted User - No value set
09-24 12:36:26.649  6374  6448 D AppLovinSdk: Has User Consent - No value set
09-24 12:36:26.649  6374  6448 D AppLovinSdk: "Do Not Sell" - No value set
09-24 12:36:26.649  6374  6448 D AppLovinSdk: ===MAX Terms Flow===
09-24 12:36:26.649  6374  6448 D AppLovinSdk: Enabled: false
09-24 12:36:26.649  6374  6448 D AppLovinSdk: Privacy Policy URI: null
09-24 12:36:26.649  6374  6448 D AppLovinSdk: Terms of Service URI: null
09-24 12:36:26.649  6374  6448 D AppLovinSdk: ===CMP (CONSENT MANAGEMENT PLATFORM)===
09-24 12:36:26.649  6374  6448 D AppLovinSdk: 
09-24 12:36:26.649  6374  6448 D AppLovinSdk: CMP Name - No value set
09-24 12:36:26.649  6374  6448 D AppLovinSdk: CMP SDK ID - No value set
09-24 12:36:26.649  6374  6448 D AppLovinSdk: CMP SDK Version - No value set
09-24 12:36:26.649  6374  6448 D AppLovinSdk: IABTCF_gdprApplies - No value set
09-24 12:36:26.649  6374  6448 D AppLovinSdk: IABTCF_TCString - No value set
09-24 12:36:26.649  6374  6448 D AppLovinSdk: IABTCF_AddtlConsent - No value set
09-24 12:36:26.649  6374  6448 D AppLovinSdk: ========================================
09-24 12:36:26.656  6374  6428 D EGL_emulation: eglMakeCurrent: 0x72141ca68000: ver 3 2 (tinfo 0x7213fb486640)
09-24 12:36:26.657  6374  6428 D EGL_emulation: eglMakeCurrent: 0x72141ca68000: ver 3 2 (tinfo 0x7213fb486640)
09-24 12:36:26.657  6374  6374 I AdsModule: AppLovin SDK initialized successfully
09-24 12:36:26.658  6374  6421 I ReactNativeJS: [AdsService] Initialized successfully (AppLovin)
09-24 12:36:26.658  6374  6421 I ReactNativeJS: [HomeScreen] AppLovin SDK initialized
09-24 12:36:26.672  6374  6428 D EGL_emulation: eglMakeCurrent: 0x72141ca68000: ver 3 2 (tinfo 0x7213fb486640)
09-24 12:36:26.706  6374  6428 I chatty  : uid=10074(ro.alynsampmobile.launcher) RenderThread identical 5 lines
09-24 12:36:26.726  6374  6428 D EGL_emulation: eglMakeCurrent: 0x72141ca68000: ver 3 2 (tinfo 0x7213fb486640)
09-24 12:36:26.976  6374  6448 W AppLovinSdk: [AppLovinSdk] Current SDK version (12.1.0) is outdated. Please integrate the latest version of the AppLovin SDK (13.6.4). Doing so will improve your CPMs and ensure you have access to the latest revenue earning features.
09-24 12:36:27.273  6374  6476 W mobile.launche: Long monitor contention with owner OkHttp https://alynsampmobile.pro/... (6435) at int libcore.io.Linux.writeBytes(java.io.FileDescriptor, java.lang.Object, int, int)(Linux.java:-2) waiters=0 in boolean okhttp3.internal.cache.DiskLruCache.remove(java.lang.String) for 359ms
09-24 12:36:27.273  6374  6476 I dvm_lock_sample: [ro.alynsampmobile.launcher,0,OkHttp https://alynsampmobile.pro/...,359,DiskLruCache.kt,-1,boolean okhttp3.internal.cache.DiskLruCache.remove(java.lang.String),Linux.java,-2,int libcore.io.Linux.writeBytes(java.io.FileDescriptor, java.lang.Object, int, int),71]
09-24 12:36:27.274  6374  6475 W mobile.launche: Long monitor contention with owner OkHttp https://alynsampmobile.pro/... (6435) at int libcore.io.Linux.writeBytes(java.io.FileDescriptor, java.lang.Object, int, int)(Linux.java:-2) waiters=1 in okhttp3.internal.cache.DiskLruCache$Editor okhttp3.internal.cache.DiskLruCache.edit(java.lang.String, long) for 356ms
09-24 12:36:27.274  6374  6475 I dvm_lock_sample: [ro.alynsampmobile.launcher,0,OkHttp https://alynsampmobile.pro/...,356,DiskLruCache.kt,-1,okhttp3.internal.cache.DiskLruCache$Editor okhttp3.internal.cache.DiskLruCache.edit(java.lang.String, long),Linux.java,-2,int libcore.io.Linux.writeBytes(java.io.FileDescriptor, java.lang.Object, int, int),71]
09-24 12:36:27.303  6374  6421 I ReactNativeJS: Loaded 25 testers from API
09-24 12:36:27.311  6374  6421 I ReactNativeJS: === checkUpdate() CALLED ===
09-24 12:36:27.311  6374  6421 I ReactNativeJS: Checking for updates...
09-24 12:36:27.312  6374  6421 I ReactNativeJS: 'App status from ApiService:', true, 'appVersion:', '20.7.8'
09-24 12:36:27.312  6374  6421 I ReactNativeJS: App server is online, checking for updates...
09-24 12:36:27.312  6374  6421 I ReactNativeJS: Server game version: 20.7.8, Local: 20.0
09-24 12:36:27.312  6374  6421 I ReactNativeJS: Game APK update required
09-24 12:36:27.312  6374  6421 I ReactNativeJS: 'Game status changed:', 'gameUpdateRequired'
09-24 12:36:27.324  6374  6428 D EGL_emulation: eglMakeCurrent: 0x72141ca68000: ver 3 2 (tinfo 0x7213fb486640)
09-24 12:36:27.326  6374  6428 D EGL_emulation: eglMakeCurrent: 0x72141ca68000: ver 3 2 (tinfo 0x7213fb486640)
09-24 12:36:27.348  6374  6421 I ReactNativeJS: Not a tester device
09-24 12:36:27.361  6374  6374 E unknown:ReactModalHost: Creating new dialog from context: ro.alynsampmobile.launcher.MainActivity@c50158f@206574991
09-24 12:36:27.363  6374  6374 D View    : setSystemUiVisibility - uid=10074
09-24 12:36:27.367  6374  6428 D EGL_emulation: eglMakeCurrent: 0x72141ca68000: ver 3 2 (tinfo 0x7213fb486640)
09-24 12:36:27.382  6374  6428 E EGL_emulation: tid 6428: eglSurfaceAttrib(1774): error 0x3009 (EGL_BAD_MATCH)
09-24 12:36:27.382  6374  6428 W OpenGLRenderer: Failed to set EGL_SWAP_BEHAVIOR on surface 0x7213f1da6800, error=EGL_BAD_MATCH
09-24 12:36:27.383  6374  6428 D EGL_emulation: eglMakeCurrent: 0x72141ca68000: ver 3 2 (tinfo 0x7213fb486640)
09-24 12:36:27.383  6374  6374 E unknown:ReactModalHost: Updating existing dialog with context: ro.alynsampmobile.launcher.MainActivity@c50158f@206574991
09-24 12:36:27.385  6374  6428 D EGL_emulation: eglMakeCurrent: 0x72141ca68000: ver 3 2 (tinfo 0x7213fb486640)
09-24 12:36:27.388  6374  6428 E libEGL  : called unimplemented OpenGL ES API
09-24 12:36:27.393  6374  6428 D EGL_emulation: eglMakeCurrent: 0x72141ca68000: ver 3 2 (tinfo 0x7213fb486640)
09-24 12:36:29.239  6374  6428 I chatty  : uid=10074(ro.alynsampmobile.launcher) RenderThread identical 35 lines
09-24 12:36:29.243  6374  6428 D EGL_emulation: eglMakeCurrent: 0x72141ca68000: ver 3 2 (tinfo 0x7213fb486640)
09-24 12:36:29.257  6374  6477 D ProfileInstaller: Installing profile for ro.alynsampmobile.launcher
09-24 12:36:31.540  6374  6428 D EGL_emulation: eglMakeCurrent: 0x72141ca68000: ver 3 2 (tinfo 0x7213fb486640)
09-24 12:36:31.543  6374  6428 D EGL_emulation: eglMakeCurrent: 0x72141ca68000: ver 3 2 (tinfo 0x7213fb486640)
09-24 12:36:31.594  6374  6421 I ReactNativeJS: 'handleSkipUpdate called - updateDialogType:', 'game', 'isTester:', false
09-24 12:36:31.597  6374  6421 I ReactNativeJS: Regular user skipping game update - offline mode
09-24 12:36:31.657  6374  6428 D EGL_emulation: eglMakeCurrent: 0x72141ca68000: ver 3 2 (tinfo 0x7213fb486640)
09-24 12:36:31.665  6374  6428 D EGL_emulation: eglMakeCurrent: 0x72141ca68000: ver 3 2 (tinfo 0x7213fb486640)
09-24 12:36:34.544  6374  6374 I BannerAdView: Banner ad loading with ad unit: f6186b725ca9cf0f
09-24 12:36:34.545  6374  6374 I BannerAdView: Banner ad loadAd() called
09-24 12:36:34.547  6374  6428 E libEGL  : called unimplemented OpenGL ES API
09-24 12:36:36.997  6374  6422 W unknown:ReactNative: Attempt to set local data for view with unknown tag: -1
09-24 12:36:36.998  6374  6422 I chatty  : uid=10074(ro.alynsampmobile.launcher) mqt_native_modu identical 8 lines
09-24 12:36:36.998  6374  6422 W unknown:ReactNative: Attempt to set local data for view with unknown tag: -1
09-24 12:36:37.023  6374  6428 E libEGL  : called unimplemented OpenGL ES API
09-24 12:36:41.307  6374  6374 E unknown:ReactModalHost: Creating new dialog from context: ro.alynsampmobile.launcher.MainActivity@c50158f@206574991
09-24 12:36:41.310  6374  6374 D View    : setSystemUiVisibility - uid=10074
09-24 12:36:41.328  6374  6428 E EGL_emulation: tid 6428: eglSurfaceAttrib(1774): error 0x3009 (EGL_BAD_MATCH)
09-24 12:36:41.328  6374  6428 W OpenGLRenderer: Failed to set EGL_SWAP_BEHAVIOR on surface 0x7213f5f54b80, error=EGL_BAD_MATCH
09-24 12:36:41.328  6374  6374 E unknown:ReactModalHost: Updating existing dialog with context: ro.alynsampmobile.launcher.MainActivity@c50158f@206574991
09-24 12:36:41.329  6374  6428 D EGL_emulation: eglMakeCurrent: 0x72141ca68000: ver 3 2 (tinfo 0x7213fb486640)
09-24 12:36:42.241  6374  6428 I chatty  : uid=10074(ro.alynsampmobile.launcher) RenderThread identical 2 lines
09-24 12:36:42.256  6374  6428 D EGL_emulation: eglMakeCurrent: 0x72141ca68000: ver 3 2 (tinfo 0x7213fb486640)
09-24 12:36:42.856  6374  6421 I ReactNativeJS: Saving settings...
09-24 12:36:42.861  6374  6421 I ReactNativeJS: Settings saved successfully
09-24 12:36:44.391  6374  6428 E libEGL  : called unimplemented OpenGL ES API
09-24 12:36:50.358  6374  6374 W mobile.launche: Unknown chunk type '200'.
09-24 12:36:50.367  6374  6374 I cr_CombinedPProvider: #registerProvider() provider:kD@b95da9e isPolicyCacheEnabled:false policyProvidersSize:0
09-24 12:36:50.368  6374  6374 I cr_PolicyProvider: #setManagerAndSource() 0
09-24 12:36:50.376  6374  6374 I cr_CombinedPProvider: #linkNativeInternal() 1
09-24 12:36:50.377  6374  6374 I cr_AppResProvider: #getApplicationRestrictionsFromUserManager() Bundle[EMPTY_PARCEL]
09-24 12:36:50.377  6374  6374 I cr_PolicyProvider: #notifySettingsAvailable() 0
09-24 12:36:50.377  6374  6374 I cr_CombinedPProvider: #onSettingsAvailable() 0
09-24 12:36:50.377  6374  6374 I cr_CombinedPProvider: #flushPolicies()
09-24 12:36:50.418  6374  6421 I ReactNativeJS: Loaded 25 testers from API
09-24 12:36:50.419  6374  6421 I ReactNativeJS: === checkUpdate() CALLED ===
09-24 12:36:50.419  6374  6421 I ReactNativeJS: Checking for updates...
09-24 12:36:50.420  6374  6421 I ReactNativeJS: 'App status from ApiService:', true, 'appVersion:', '20.7.8'
09-24 12:36:50.420  6374  6421 I ReactNativeJS: App server is online, checking for updates...
09-24 12:36:50.420  6374  6421 I ReactNativeJS: Server game version: 20.7.8, Local: 20.0
09-24 12:36:50.420  6374  6421 I ReactNativeJS: Game APK update required
09-24 12:36:50.421  6374  6421 I ReactNativeJS: 'Game status changed:', 'gameUpdateRequired'
09-24 12:36:50.444  6374  6374 I mobile.launche: Rejecting re-init on previously-failed class java.lang.Class<Ra5>: java.lang.NoClassDefFoundError: Failed resolution of: Landroidx/window/extensions/core/util/function/Consumer;
09-24 12:36:50.444  6374  6374 I mobile.launche:   at java.lang.Object J.N._O_ZZZZZZIIIIJJJOOOOOOOOOO(int, boolean, boolean, boolean, boolean, boolean, boolean, int, int, int, int, long, long, long, java.lang.Object, java.lang.Object, java.lang.Object, java.lang.Object, java.lang.Object, java.lang.Object, java.lang.Object, java.lang.Object, java.lang.Object, java.lang.Object) (chromium-Monochrome.aab-stable-666807027:-2)
09-24 12:36:50.444  6374  6374 I mobile.launche:   at org.chromium.content_public.browser.NavigationHandle org.chromium.content.browser.framehost.NavigationControllerImpl.j(org.chromium.content_public.browser.LoadUrlParams) (chromium-Monochrome.aab-stable-666807027:179)
09-24 12:36:50.444  6374  6374 I mobile.launche:   at void org.chromium.android_webview.AwContents.u(org.chromium.content_public.browser.LoadUrlParams) (chromium-Monochrome.aab-stable-666807027:313)
09-24 12:36:50.444  6374  6374 I mobile.launche:   at void org.chromium.android_webview.AwContents.s(java.lang.String, java.lang.String, java.lang.String, java.lang.String, java.lang.String) (chromium-Monochrome.aab-stable-666807027:137)
09-24 12:36:50.444  6374  6374 I mobile.launche:   at void com.android.webview.chromium.WebViewChromium.e(java.lang.String, java.lang.String, java.lang.String, java.lang.String, java.lang.String) (chromium-Monochrome.aab-stable-666807027:24)
09-24 12:36:50.444  6374  6374 I mobile.launche:   at void com.android.webview.chromium.WebViewChromium.loadDataWithBaseURL(java.lang.String, java.lang.String, java.lang.String, java.lang.String, java.lang.String) (chromium-Monochrome.aab-stable-666807027:33)
09-24 12:36:50.444  6374  6374 I mobile.launche:   at void android.webkit.WebView.loadDataWithBaseURL(java.lang.String, java.lang.String, java.lang.String, java.lang.String, java.lang.String) (WebView.java:1093)
09-24 12:36:50.444  6374  6374 I mobile.launche:   at void com.applovin.impl.adview.b.ri() (SourceFile:173)
09-24 12:36:50.444  6374  6374 I mobile.launche:   at void com.applovin.impl.adview.b.$r8$lambda$RbEWKY6mVbkIXLcxhb4R5h_zih0(com.applovin.impl.adview.b) (SourceFile:-1)
09-24 12:36:50.444  6374  6374 I mobile.launche:   at void com.applovin.impl.adview.b$$ExternalSyntheticLambda7.run() (D8$$SyntheticClass:0)
09-24 12:36:50.444  6374  6374 I mobile.launche:   at void com.applovin.sdk.AppLovinSdkUtils.runOnUiThread(boolean, java.lang.Runnable) (SourceFile:238)
09-24 12:36:50.444  6374  6374 I mobile.launche:   at void com.applovin.sdk.AppLovinSdkUtils.runOnUiThread(java.lang.Runnable) (SourceFile:228)
09-24 12:36:50.444  6374  6374 I mobile.launche:   at void com.applovin.impl.adview.b.runOnUiThread(java.lang.Runnable) (SourceFile:810)
09-24 12:36:50.444  6374  6374 I mobile.launche:   at void com.applovin.impl.adview.b.a(com.applovin.sdk.AppLovinAdSize) (SourceFile:173)
09-24 12:36:50.444  6374  6374 I mobile.launche:   at void com.applovin.impl.adview.b.a(com.applovin.adview.AppLovinAdView, com.applovin.impl.sdk.n, com.applovin.sdk.AppLovinAdSize, java.lang.String, android.content.Context) (SourceFile:139)
09-24 12:36:50.444  6374  6374 I mobile.launche:   at void com.applovin.impl.adview.b.a(com.applovin.adview.AppLovinAdView, android.content.Context, com.applovin.sdk.AppLovinAdSize, java.lang.String, com.applovin.sdk.AppLovinSdk, android.util.AttributeSet) (SourceFile:266)
09-24 12:36:50.444  6374  6374 I mobile.launche:   at void com.applovin.adview.AppLovinAdView.a(com.applovin.sdk.AppLovinAdSize, java.lang.String, com.applovin.sdk.AppLovinSdk, android.content.Context, android.util.AttributeSet) (SourceFile:319)
09-24 12:36:50.444  6374  6374 I mobile.launche:   at void com.applovin.adview.AppLovinAdView.<init>(com.applovin.sdk.AppLovinSdk, com.applovin.sdk.AppLovinAdSize, java.lang.String, android.content.Context) (SourceFile:85)
09-24 12:36:50.444  6374  6374 I mobile.launche:   at void com.applovin.adview.AppLovinAdView.<init>(com.applovin.sdk.AppLovinSdk, com.applovin.sdk.AppLovinAdSize, android.content.Context) (SourceFile:70)
09-24 12:36:50.444  6374  6374 I mobile.launche:   at void com.applovin.mediation.adapters.AppLovinAdapterAdViewListener.lambda$adReceived$0$com-applovin-mediation-adapters-AppLovinAdapterAdViewListener(com.applovin.sdk.AppLovinAd) (SourceFile:41)
09-24 12:36:50.444  6374  6374 I mobile.launche:   at void com.applovin.mediation.adapters.AppLovinAdapterAdViewListener$$ExternalSyntheticLambda0.run() (D8$$SyntheticClass:0)
09-24 12:36:50.444  6374  6374 I mobile.launche:   at void com.applovin.sdk.AppLovinSdkUtils.runOnUiThread(boolean, java.lang.Runnable) (SourceFile:238)
09-24 12:36:50.444  6374  6374 I mobile.launche:   at void com.applovin.sdk.AppLovinSdkUtils.runOnUiThread(java.lang.Runnable) (SourceFile:228)
09-24 12:36:50.444  6374  6374 I mobile.launche:   at void com.applovin.mediation.adapters.AppLovinAdapterAdViewListener.adReceived(com.applovin.sdk.AppLovinAd) (SourceFile:38)
09-24 12:36:50.444  6374  6374 I mobile.launche:   at void com.applovin.impl.sdk.e.r.adReceived(com.applovin.sdk.AppLovinAd) (SourceFile:117)
09-24 12:36:50.444  6374  6374 I mobile.launche:   at void com.applovin.impl.sdk.e.f.Kp() (SourceFile:713)
09-24 12:36:50.444  6374  6374 I mobile.launche:   at void com.applovin.impl.sdk.e.f.$r8$lambda$GpoP4Gh4BBV0P60QK9dbMEchMHk(com.applovin.impl.sdk.e.f) (SourceFile:-1)
09-24 12:36:50.444  6374  6374 I mobile.launche:   at void com.applovin.impl.sdk.e.f$$ExternalSyntheticLambda0.run() (D8$$SyntheticClass:0)
09-24 12:36:50.444  6374  6374 I mobile.launche:   at void android.os.Handler.handleCallback(android.os.Message) (Handler.java:873)
09-24 12:36:50.444  6374  6374 I mobile.launche:   at void android.os.Handler.dispatchMessage(android.os.Message) (Handler.java:99)
09-24 12:36:50.444  6374  6374 I mobile.launche:   at void android.os.Looper.loop() (Looper.java:193)
09-24 12:36:50.444  6374  6374 I mobile.launche:   at void android.app.ActivityThread.main(java.lang.String[]) (ActivityThread.java:6846)
09-24 12:36:50.444  6374  6374 I mobile.launche:   at java.lang.Object java.lang.reflect.Method.invoke(java.lang.Object, java.lang.Object[]) (Method.java:-2)
09-24 12:36:50.444  6374  6374 I mobile.launche:   at void com.android.internal.os.RuntimeInit$MethodAndArgsCaller.run() (RuntimeInit.java:518)
09-24 12:36:50.444  6374  6374 I mobile.launche:   at void com.android.internal.os.ZygoteInit.main(java.lang.String[]) (ZygoteInit.java:858)
09-24 12:36:50.444  6374  6374 I mobile.launche: Caused by: java.lang.ClassNotFoundException: Didn't find class "androidx.window.extensions.core.util.function.Consumer" on path: DexPathList[[zip file "/data/downloads/com.android.chrome/base.apk"],nativeLibraryDirectories=[/data/downloads/com.android.chrome/lib/x86_64, /data/downloads/com.android.chrome/base.apk!/lib/x86_64, /system/lib64, /system/vendor/lib64, /system/lib64, /system/vendor/lib64]]
09-24 12:36:50.444  6374  6374 I mobile.launche:   at java.lang.Class dalvik.system.BaseDexClassLoader.findClass(java.lang.String) (BaseDexClassLoader.java:134)
09-24 12:36:50.444  6374  6374 I mobile.launche:   at java.lang.Class java.lang.ClassLoader.loadClass(java.lang.String, boolean) (ClassLoader.java:379)
09-24 12:36:50.444  6374  6374 I mobile.launche:   at java.lang.Class java.lang.ClassLoader.loadClass(java.lang.String) (ClassLoader.java:312)
09-24 12:36:50.444  6374  6374 I mobile.launche:   at java.lang.Object J.N._O_ZZZZZZIIIIJJJOOOOOOOOOO(int, boolean, boolean, boolean, boolean, boolean, boolean, int, int, int, int, long, long, long, java.lang.Object, java.lang.Object, java.lang.Object, java.lang.Object, java.lang.Object, java.lang.Object, java.lang.Object, java.lang.Object, java.lang.Object, java.lang.Object) (chromium-Monochrome.aab-stable-666807027:-2)
09-24 12:36:50.444  6374  6374 I mobile.launche:   at org.chromium.content_public.browser.NavigationHandle org.chromium.content.browser.framehost.NavigationControllerImpl.j(org.chromium.content_public.browser.LoadUrlParams) (chromium-Monochrome.aab-stable-666807027:179)
09-24 12:36:50.444  6374  6374 I mobile.launche:   at void org.chromium.android_webview.AwContents.u(org.chromium.content_public.browser.LoadUrlParams) (chromium-Monochrome.aab-stable-666807027:313)
09-24 12:36:50.444  6374  6374 I mobile.launche:   at void org.chromium.android_webview.AwContents.s(java.lang.String, java.lang.String, java.lang.String, java.lang.String, java.lang.String) (chromium-Monochrome.aab-stable-666807027:137)
09-24 12:36:50.444  6374  6374 I mobile.launche:   at void com.android.webview.chromium.WebViewChromium.e(java.lang.String, java.lang.String, java.lang.String, java.lang.String, java.lang.String) (chromium-Monochrome.aab-stable-666807027:24)
09-24 12:36:50.444  6374  6374 I mobile.launche:   at void com.android.webview.chromium.WebViewChromium.loadDataWithBaseURL(java.lang.String, java.lang.String, java.lang.String, java.lang.String, java.lang.String) (chromium-Monochrome.aab-stable-666807027:33)
09-24 12:36:50.444  6374  6374 I mobile.launche:   at void android.webkit.WebView.loadDataWithBaseURL(java.lang.String, java.lang.String, java.lang.String, java.lang.String, java.lang.String) (WebView.java:1093)
09-24 12:36:50.444  6374  6374 I mobile.launche:   at void com.applovin.impl.adview.b.ri() (SourceFile:173)
09-24 12:36:50.444  6374  6374 I mobile.launche:   at void com.applovin.impl.adview.b.$r8$lambda$RbEWKY6mVbkIXLcxhb4R5h_zih0(com.applovin.impl.adview.b) (SourceFile:-1)
09-24 12:36:50.444  6374  6374 I mobile.launche:   at void com.applovin.impl.adview.b$$ExternalSyntheticLambda7.run() (D8$$SyntheticClass:0)
09-24 12:36:50.444  6374  6374 I mobile.launche:   at void com.applovin.sdk.AppLovinSdkUtils.runOnUiThread(boolean, java.lang.Runnable) (SourceFile:238)
09-24 12:36:50.444  6374  6374 I mobile.launche:   at void com.applovin.sdk.AppLovinSdkUtils.runOnUiThread(java.lang.Runnable) (SourceFile:228)
09-24 12:36:50.444  6374  6374 I mobile.launche:   at void com.applovin.impl.adview.b.runOnUiThread(java.lang.Runnable) (SourceFile:810)
09-24 12:36:50.444  6374  6374 I mobile.launche:   at void com.applovin.impl.adview.b.a(com.applovin.sdk.AppLovinAdSize) (SourceFile:173)
09-24 12:36:50.444  6374  6374 I mobile.launche:   at void com.applovin.impl.adview.b.a(com.applovin.adview.AppLovinAdView, com.applovin.impl.sdk.n, com.applovin.sdk.AppLovinAdSize, java.lang.String, android.content.Context) (SourceFile:139)
09-24 12:36:50.444  6374  6374 I mobile.launche:   at void com.applovin.impl.adview.b.a(com.applovin.adview.AppLovinAdView, android.content.Context, com.applovin.sdk.AppLovinAdSize, java.lang.String, com.applovin.sdk.AppLovinSdk, android.util.AttributeSet) (SourceFile:266)
09-24 12:36:50.444  6374  6374 I mobile.launche:   at void com.applovin.adview.AppLovinAdView.a(com.applovin.sdk.AppLovinAdSize, java.lang.String, com.applovin.sdk.AppLovinSdk, android.content.Context, android.util.AttributeSet) (SourceFile:319)
09-24 12:36:50.444  6374  6374 I mobile.launche:   at void com.applovin.adview.AppLovinAdView.<init>(com.applovin.sdk.AppLovinSdk, com.applovin.sdk.AppLovinAdSize, java.lang.String, android.content.Context) (SourceFile:85)
09-24 12:36:50.444  6374  6374 I mobile.launche:   at void com.applovin.adview.AppLovinAdView.<init>(com.applovin.sdk.AppLovinSdk, com.applovin.sdk.AppLovinAdSize, android.content.Context) (SourceFile:70)
09-24 12:36:50.444  6374  6374 I mobile.launche:   at void com.applovin.mediation.adapters.AppLovinAdapterAdViewListener.lambda$adReceived$0$com-applovin-mediation-adapters-AppLovinAdapterAdViewListener(com.applovin.sdk.AppLovinAd) (SourceFile:41)
09-24 12:36:50.444  6374  6374 I mobile.launche:   at void com.applovin.mediation.adapters.AppLovinAdapterAdViewListener$$ExternalSyntheticLambda0.run() (D8$$SyntheticClass:0)
09-24 12:36:50.444  6374  6374 I mobile.launche:   at void com.applovin.sdk.AppLovinSdkUtils.runOnUiThread(boolean, java.lang.Runnable) (SourceFile:238)
09-24 12:36:50.444  6374  6374 I mobile.launche:   at void com.applovin.sdk.AppLovinSdkUtils.runOnUiThread(java.lang.Runnable) (SourceFile:228)
09-24 12:36:50.444  6374  6374 I mobile.launche:   at void com.applovin.mediation.adapters.AppLovinAdapterAdViewListener.adReceived(com.applovin.sdk.AppLovinAd) (SourceFile:38)
09-24 12:36:50.444  6374  6374 I mobile.launche:   at void com.applovin.impl.sdk.e.r.adReceived(com.applovin.sdk.AppLovinAd) (SourceFile:117)
09-24 12:36:50.444  6374  6374 I mobile.launche:   at void com.applovin.impl.sdk.e.f.Kp() (SourceFile:713)
09-24 12:36:50.444  6374  6374 I mobile.launche:   at void com.applovin.impl.sdk.e.f.$r8$lambda$GpoP4Gh4BBV0P60QK9dbMEchMHk(com.applovin.impl.sdk.e.f) (SourceFile:-1)
09-24 12:36:50.444  6374  6374 I mobile.launche:   at void com.applovin.impl.sdk.e.f$$ExternalSyntheticLambda0.run() (D8$$SyntheticClass:0)
09-24 12:36:50.444  6374  6374 I mobile.launche:   at void android.os.Handler.handleCallback(android.os.Message) (Handler.java:873)
09-24 12:36:50.444  6374  6374 I mobile.launche:   at void android.os.Handler.dispatchMessage(android.os.Message) (Handler.java:99)
09-24 12:36:50.444  6374  6374 I mobile.launche:   at void android.os.Looper.loop() (Looper.java:193)
09-24 12:36:50.444  6374  6374 I mobile.launche:   at void android.app.ActivityThread.main(java.lang.String[]) (ActivityThread.java:6846)
09-24 12:36:50.444  6374  6374 I mobile.launche:   at java.lang.Object java.lang.reflect.Method.invoke(java.lang.Object, java.lang.Object[]) (Method.java:-2)
09-24 12:36:50.444  6374  6374 I mobile.launche:   at void com.android.internal.os.RuntimeInit$MethodAndArgsCaller.run() (RuntimeInit.java:518)
09-24 12:36:50.444  6374  6374 I mobile.launche:   at void com.android.internal.os.ZygoteInit.main(java.lang.String[]) (ZygoteInit.java:858)
09-24 12:36:50.444  6374  6374 I mobile.launche: 
09-24 12:36:50.445  6374  6374 I mobile.launche: Rejecting re-init on previously-failed class java.lang.Class<Ra5>: java.lang.NoClassDefFoundError: Failed resolution of: Landroidx/window/extensions/core/util/function/Consumer;
09-24 12:36:50.445  6374  6374 I mobile.launche:   at java.lang.Object J.N._O_ZZZZZZIIIIJJJOOOOOOOOOO(int, boolean, boolean, boolean, boolean, boolean, boolean, int, int, int, int, long, long, long, java.lang.Object, java.lang.Object, java.lang.Object, java.lang.Object, java.lang.Object, java.lang.Object, java.lang.Object, java.lang.Object, java.lang.Object, java.lang.Object) (chromium-Monochrome.aab-stable-666807027:-2)
09-24 12:36:50.445  6374  6374 I mobile.launche:   at org.chromium.content_public.browser.NavigationHandle org.chromium.content.browser.framehost.NavigationControllerImpl.j(org.chromium.content_public.browser.LoadUrlParams) (chromium-Monochrome.aab-stable-666807027:179)
09-24 12:36:50.445  6374  6374 I mobile.launche:   at void org.chromium.android_webview.AwContents.u(org.chromium.content_public.browser.LoadUrlParams) (chromium-Monochrome.aab-stable-666807027:313)
09-24 12:36:50.445  6374  6374 I mobile.launche:   at void org.chromium.android_webview.AwContents.s(java.lang.String, java.lang.String, java.lang.String, java.lang.String, java.lang.String) (chromium-Monochrome.aab-stable-666807027:137)
09-24 12:36:50.445  6374  6374 I mobile.launche:   at void com.android.webview.chromium.WebViewChromium.e(java.lang.String, java.lang.String, java.lang.String, java.lang.String, java.lang.String) (chromium-Monochrome.aab-stable-666807027:24)
09-24 12:36:50.445  6374  6374 I mobile.launche:   at void com.android.webview.chromium.WebViewChromium.loadDataWithBaseURL(java.lang.String, java.lang.String, java.lang.String, java.lang.String, java.lang.String) (chromium-Monochrome.aab-stable-666807027:33)
09-24 12:36:50.445  6374  6374 I mobile.launche:   at void android.webkit.WebView.loadDataWithBaseURL(java.lang.String, java.lang.String, java.lang.String, java.lang.String, java.lang.String) (WebView.java:1093)
09-24 12:36:50.445  6374  6374 I mobile.launche:   at void com.applovin.impl.adview.b.ri() (SourceFile:173)
09-24 12:36:50.445  6374  6374 I mobile.launche:   at void com.applovin.impl.adview.b.$r8$lambda$RbEWKY6mVbkIXLcxhb4R5h_zih0(com.applovin.impl.adview.b) (SourceFile:-1)
09-24 12:36:50.445  6374  6374 I mobile.launche:   at void com.applovin.impl.adview.b$$ExternalSyntheticLambda7.run() (D8$$SyntheticClass:0)
09-24 12:36:50.445  6374  6374 I mobile.launche:   at void com.applovin.sdk.AppLovinSdkUtils.runOnUiThread(boolean, java.lang.Runnable) (SourceFile:238)
09-24 12:36:50.445  6374  6374 I mobile.launche:   at void com.applovin.sdk.AppLovinSdkUtils.runOnUiThread(java.lang.Runnable) (SourceFile:228)
09-24 12:36:50.445  6374  6374 I mobile.launche:   at void com.applovin.impl.adview.b.runOnUiThread(java.lang.Runnable) (SourceFile:810)
09-24 12:36:50.445  6374  6374 I mobile.launche:   at void com.applovin.impl.adview.b.a(com.applovin.sdk.AppLovinAdSize) (SourceFile:173)
09-24 12:36:50.445  6374  6374 I mobile.launche:   at void com.applovin.impl.adview.b.a(com.applovin.adview.AppLovinAdView, com.applovin.impl.sdk.n, com.applovin.sdk.AppLovinAdSize, java.lang.String, android.content.Context) (SourceFile:139)
09-24 12:36:50.445  6374  6374 I mobile.launche:   at void com.applovin.impl.adview.b.a(com.applovin.adview.AppLovinAdView, android.content.Context, com.applovin.sdk.AppLovinAdSize, java.lang.String, com.applovin.sdk.AppLovinSdk, android.util.AttributeSet) (SourceFile:266)
09-24 12:36:50.445  6374  6374 I mobile.launche:   at void com.applovin.adview.AppLovinAdView.a(com.applovin.sdk.AppLovinAdSize, java.lang.String, com.applovin.sdk.AppLovinSdk, android.content.Context, android.util.AttributeSet) (SourceFile:319)
09-24 12:36:50.445  6374  6374 I mobile.launche:   at void com.applovin.adview.AppLovinAdView.<init>(com.applovin.sdk.AppLovinSdk, com.applovin.sdk.AppLovinAdSize, java.lang.String, android.content.Context) (SourceFile:85)
09-24 12:36:50.445  6374  6374 I mobile.launche:   at void com.applovin.adview.AppLovinAdView.<init>(com.applovin.sdk.AppLovinSdk, com.applovin.sdk.AppLovinAdSize, android.content.Context) (SourceFile:70)
09-24 12:36:50.445  6374  6374 I mobile.launche:   at void com.applovin.mediation.adapters.AppLovinAdapterAdViewListener.lambda$adReceived$0$com-applovin-mediation-adapters-AppLovinAdapterAdViewListener(com.applovin.sdk.AppLovinAd) (SourceFile:41)
09-24 12:36:50.445  6374  6374 I mobile.launche:   at void com.applovin.mediation.adapters.AppLovinAdapterAdViewListener$$ExternalSyntheticLambda0.run() (D8$$SyntheticClass:0)
09-24 12:36:50.445  6374  6374 I mobile.launche:   at void com.applovin.sdk.AppLovinSdkUtils.runOnUiThread(boolean, java.lang.Runnable) (SourceFile:238)
09-24 12:36:50.445  6374  6374 I mobile.launche:   at void com.applovin.sdk.AppLovinSdkUtils.runOnUiThread(java.lang.Runnable) (SourceFile:228)
09-24 12:36:50.445  6374  6374 I mobile.launche:   at void com.applovin.mediation.adapters.AppLovinAdapterAdViewListener.adReceived(com.applovin.sdk.AppLovinAd) (SourceFile:38)
09-24 12:36:50.445  6374  6374 I mobile.launche:   at void com.applovin.impl.sdk.e.r.adReceived(com.applovin.sdk.AppLovinAd) (SourceFile:117)
09-24 12:36:50.445  6374  6374 I mobile.launche:   at void com.applovin.impl.sdk.e.f.Kp() (SourceFile:713)
09-24 12:36:50.445  6374  6374 I mobile.launche:   at void com.applovin.impl.sdk.e.f.$r8$lambda$GpoP4Gh4BBV0P60QK9dbMEchMHk(com.applovin.impl.sdk.e.f) (SourceFile:-1)
09-24 12:36:50.445  6374  6374 I mobile.launche:   at void com.applovin.impl.sdk.e.f$$ExternalSyntheticLambda0.run() (D8$$SyntheticClass:0)
09-24 12:36:50.445  6374  6374 I mobile.launche:   at void android.os.Handler.handleCallback(android.os.Message) (Handler.java:873)
09-24 12:36:50.445  6374  6374 I mobile.launche:   at void android.os.Handler.dispatchMessage(android.os.Message) (Handler.java:99)
09-24 12:36:50.445  6374  6374 I mobile.launche:   at void android.os.Looper.loop() (Looper.java:193)
09-24 12:36:50.445  6374  6374 I mobile.launche:   at void android.app.ActivityThread.main(java.lang.String[]) (ActivityThread.java:6846)
09-24 12:36:50.445  6374  6374 I mobile.launche:   at java.lang.Object java.lang.reflect.Method.invoke(java.lang.Object, java.lang.Object[]) (Method.java:-2)
09-24 12:36:50.445  6374  6374 I mobile.launche:   at void com.android.internal.os.RuntimeInit$MethodAndArgsCaller.run() (RuntimeInit.java:518)
09-24 12:36:50.445  6374  6374 I mobile.launche:   at void com.android.internal.os.ZygoteInit.main(java.lang.String[]) (ZygoteInit.java:858)
09-24 12:36:50.445  6374  6374 I mobile.launche: Caused by: java.lang.ClassNotFoundException: Didn't find class "androidx.window.extensions.core.util.function.Consumer" on path: DexPathList[[zip file "/data/downloads/com.android.chrome/base.apk"],nativeLibraryDirectories=[/data/downloads/com.android.chrome/lib/x86_64, /data/downloads/com.android.chrome/base.apk!/lib/x86_64, /system/lib64, /system/vendor/lib64, /system/lib64, /system/vendor/lib64]]
09-24 12:36:50.445  6374  6374 I mobile.launche:   at java.lang.Class dalvik.system.BaseDexClassLoader.findClass(java.lang.String) (BaseDexClassLoader.java:134)
09-24 12:36:50.445  6374  6374 I mobile.launche:   at java.lang.Class java.lang.ClassLoader.loadClass(java.lang.String, boolean) (ClassLoader.java:379)
09-24 12:36:50.445  6374  6374 I mobile.launche:   at java.lang.Class java.lang.ClassLoader.loadClass(java.lang.String) (ClassLoader.java:312)
09-24 12:36:50.445  6374  6374 I mobile.launche:   at java.lang.Object J.N._O_ZZZZZZIIIIJJJOOOOOOOOOO(int, boolean, boolean, boolean, boolean, boolean, boolean, int, int, int, int, long, long, long, java.lang.Object, java.lang.Object, java.lang.Object, java.lang.Object, java.lang.Object, java.lang.Object, java.lang.Object, java.lang.Object, java.lang.Object, java.lang.Object) (chromium-Monochrome.aab-stable-666807027:-2)
09-24 12:36:50.445  6374  6374 I mobile.launche:   at org.chromium.content_public.browser.NavigationHandle org.chromium.content.browser.framehost.NavigationControllerImpl.j(org.chromium.content_public.browser.LoadUrlParams) (chromium-Monochrome.aab-stable-666807027:179)
09-24 12:36:50.445  6374  6374 I mobile.launche:   at void org.chromium.android_webview.AwContents.u(org.chromium.content_public.browser.LoadUrlParams) (chromium-Monochrome.aab-stable-666807027:313)
09-24 12:36:50.445  6374  6374 I mobile.launche:   at void org.chromium.android_webview.AwContents.s(java.lang.String, java.lang.String, java.lang.String, java.lang.String, java.lang.String) (chromium-Monochrome.aab-stable-666807027:137)
09-24 12:36:50.445  6374  6374 I mobile.launche:   at void com.android.webview.chromium.WebViewChromium.e(java.lang.String, java.lang.String, java.lang.String, java.lang.String, java.lang.String) (chromium-Monochrome.aab-stable-666807027:24)
09-24 12:36:50.445  6374  6374 I mobile.launche:   at void com.android.webview.chromium.WebViewChromium.loadDataWithBaseURL(java.lang.String, java.lang.String, java.lang.String, java.lang.String, java.lang.String) (chromium-Monochrome.aab-stable-666807027:33)
09-24 12:36:50.445  6374  6374 I mobile.launche:   at void android.webkit.WebView.loadDataWithBaseURL(java.lang.String, java.lang.String, java.lang.String, java.lang.String, java.lang.String) (WebView.java:1093)
09-24 12:36:50.445  6374  6374 I mobile.launche:   at void com.applovin.impl.adview.b.ri() (SourceFile:173)
09-24 12:36:50.445  6374  6374 I mobile.launche:   at void com.applovin.impl.adview.b.$r8$lambda$RbEWKY6mVbkIXLcxhb4R5h_zih0(com.applovin.impl.adview.b) (SourceFile:-1)
09-24 12:36:50.445  6374  6374 I mobile.launche:   at void com.applovin.impl.adview.b$$ExternalSyntheticLambda7.run() (D8$$SyntheticClass:0)
09-24 12:36:50.445  6374  6374 I mobile.launche:   at void com.applovin.sdk.AppLovinSdkUtils.runOnUiThread(boolean, java.lang.Runnable) (SourceFile:238)
09-24 12:36:50.445  6374  6374 I mobile.launche:   at void com.applovin.sdk.AppLovinSdkUtils.runOnUiThread(java.lang.Runnable) (SourceFile:228)
09-24 12:36:50.445  6374  6374 I mobile.launche:   at void com.applovin.impl.adview.b.runOnUiThread(java.lang.Runnable) (SourceFile:810)
09-24 12:36:50.445  6374  6374 I mobile.launche:   at void com.applovin.impl.adview.b.a(com.applovin.sdk.AppLovinAdSize) (SourceFile:173)
09-24 12:36:50.445  6374  6374 I mobile.launche:   at void com.applovin.impl.adview.b.a(com.applovin.adview.AppLovinAdView, com.applovin.impl.sdk.n, com.applovin.sdk.AppLovinAdSize, java.lang.String, android.content.Context) (SourceFile:139)
09-24 12:36:50.445  6374  6374 I mobile.launche:   at void com.applovin.impl.adview.b.a(com.applovin.adview.AppLovinAdView, android.content.Context, com.applovin.sdk.AppLovinAdSize, java.lang.String, com.applovin.sdk.AppLovinSdk, android.util.AttributeSet) (SourceFile:266)
09-24 12:36:50.445  6374  6374 I mobile.launche:   at void com.applovin.adview.AppLovinAdView.a(com.applovin.sdk.AppLovinAdSize, java.lang.String, com.applovin.sdk.AppLovinSdk, android.content.Context, android.util.AttributeSet) (SourceFile:319)
09-24 12:36:50.445  6374  6374 I mobile.launche:   at void com.applovin.adview.AppLovinAdView.<init>(com.applovin.sdk.AppLovinSdk, com.applovin.sdk.AppLovinAdSize, java.lang.String, android.content.Context) (SourceFile:85)
09-24 12:36:50.445  6374  6374 I mobile.launche:   at void com.applovin.adview.AppLovinAdView.<init>(com.applovin.sdk.AppLovinSdk, com.applovin.sdk.AppLovinAdSize, android.content.Context) (SourceFile:70)
09-24 12:36:50.445  6374  6374 I mobile.launche:   at void com.applovin.mediation.adapters.AppLovinAdapterAdViewListener.lambda$adReceived$0$com-applovin-mediation-adapters-AppLovinAdapterAdViewListener(com.applovin.sdk.AppLovinAd) (SourceFile:41)
09-24 12:36:50.445  6374  6374 I mobile.launche:   at void com.applovin.mediation.adapters.AppLovinAdapterAdViewListener$$ExternalSyntheticLambda0.run() (D8$$SyntheticClass:0)
09-24 12:36:50.445  6374  6374 I mobile.launche:   at void com.applovin.sdk.AppLovinSdkUtils.runOnUiThread(boolean, java.lang.Runnable) (SourceFile:238)
09-24 12:36:50.445  6374  6374 I mobile.launche:   at void com.applovin.sdk.AppLovinSdkUtils.runOnUiThread(java.lang.Runnable) (SourceFile:228)
09-24 12:36:50.445  6374  6374 I mobile.launche:   at void com.applovin.mediation.adapters.AppLovinAdapterAdViewListener.adReceived(com.applovin.sdk.AppLovinAd) (SourceFile:38)
09-24 12:36:50.445  6374  6374 I mobile.launche:   at void com.applovin.impl.sdk.e.r.adReceived(com.applovin.sdk.AppLovinAd) (SourceFile:117)
09-24 12:36:50.445  6374  6374 I mobile.launche:   at void com.applovin.impl.sdk.e.f.Kp() (SourceFile:713)
09-24 12:36:50.445  6374  6374 I mobile.launche:   at void com.applovin.impl.sdk.e.f.$r8$lambda$GpoP4Gh4BBV0P60QK9dbMEchMHk(com.applovin.impl.sdk.e.f) (SourceFile:-1)
09-24 12:36:50.445  6374  6374 I mobile.launche:   at void com.applovin.impl.sdk.e.f$$ExternalSyntheticLambda0.run() (D8$$SyntheticClass:0)
09-24 12:36:50.445  6374  6374 I mobile.launche:   at void android.os.Handler.handleCallback(android.os.Message) (Handler.java:873)
09-24 12:36:50.445  6374  6374 I mobile.launche:   at void android.os.Handler.dispatchMessage(android.os.Message) (Handler.java:99)
09-24 12:36:50.445  6374  6374 I mobile.launche:   at void android.os.Looper.loop() (Looper.java:193)
09-24 12:36:50.445  6374  6374 I mobile.launche:   at void android.app.ActivityThread.main(java.lang.String[]) (ActivityThread.java:6846)
09-24 12:36:50.445  6374  6374 I mobile.launche:   at java.lang.Object java.lang.reflect.Method.invoke(java.lang.Object, java.lang.Object[]) (Method.java:-2)
09-24 12:36:50.445  6374  6374 I mobile.launche:   at void com.android.internal.os.RuntimeInit$MethodAndArgsCaller.run() (RuntimeInit.java:518)
09-24 12:36:50.445  6374  6374 I mobile.launche:   at void com.android.internal.os.ZygoteInit.main(java.lang.String[]) (ZygoteInit.java:858)
09-24 12:36:50.445  6374  6374 I mobile.launche: 
09-24 12:36:50.445  6374  6374 I mobile.launche: Rejecting re-init on previously-failed class java.lang.Class<Ra5>: java.lang.NoClassDefFoundError: Failed resolution of: Landroidx/window/extensions/core/util/function/Consumer;
09-24 12:36:50.446  6374  6374 I mobile.launche:   at java.lang.Object J.N._O_ZZZZZZIIIIJJJOOOOOOOOOO(int, boolean, boolean, boolean, boolean, boolean, boolean, int, int, int, int, long, long, long, java.lang.Object, java.lang.Object, java.lang.Object, java.lang.Object, java.lang.Object, java.lang.Object, java.lang.Object, java.lang.Object, java.lang.Object, java.lang.Object) (chromium-Monochrome.aab-stable-666807027:-2)
09-24 12:36:50.446  6374  6374 I mobile.launche:   at org.chromium.content_public.browser.NavigationHandle org.chromium.content.browser.framehost.NavigationControllerImpl.j(org.chromium.content_public.browser.LoadUrlParams) (chromium-Monochrome.aab-stable-666807027:179)
09-24 12:36:50.446  6374  6374 I mobile.launche:   at void org.chromium.android_webview.AwContents.u(org.chromium.content_public.browser.LoadUrlParams) (chromium-Monochrome.aab-stable-666807027:313)
09-24 12:36:50.446  6374  6374 I mobile.launche:   at void org.chromium.android_webview.AwContents.s(java.lang.String, java.lang.String, java.lang.String, java.lang.String, java.lang.String) (chromium-Monochrome.aab-stable-666807027:137)
09-24 12:36:50.446  6374  6374 I mobile.launche:   at void com.android.webview.chromium.WebViewChromium.e(java.lang.String, java.lang.String, java.lang.String, java.lang.String, java.lang.String) (chromium-Monochrome.aab-stable-666807027:24)
09-24 12:36:50.446  6374  6374 I mobile.launche:   at void com.android.webview.chromium.WebViewChromium.loadDataWithBaseURL(java.lang.String, java.lang.String, java.lang.String, java.lang.String, java.lang.String) (chromium-Monochrome.aab-stable-666807027:33)
09-24 12:36:50.446  6374  6374 I mobile.launche:   at void android.webkit.WebView.loadDataWithBaseURL(java.lang.String, java.lang.String, java.lang.String, java.lang.String, java.lang.String) (WebView.java:1093)
09-24 12:36:50.446  6374  6374 I mobile.launche:   at void com.applovin.impl.adview.b.ri() (SourceFile:173)
09-24 12:36:50.446  6374  6374 I mobile.launche:   at void com.applovin.impl.adview.b.$r8$lambda$RbEWKY6mVbkIXLcxhb4R5h_zih0(com.applovin.impl.adview.b) (SourceFile:-1)
09-24 12:36:50.446  6374  6374 I mobile.launche:   at void com.applovin.impl.adview.b$$ExternalSyntheticLambda7.run() (D8$$SyntheticClass:0)
09-24 12:36:50.446  6374  6374 I mobile.launche:   at void com.applovin.sdk.AppLovinSdkUtils.runOnUiThread(boolean, java.lang.Runnable) (SourceFile:238)
09-24 12:36:50.446  6374  6374 I mobile.launche:   at void com.applovin.sdk.AppLovinSdkUtils.runOnUiThread(java.lang.Runnable) (SourceFile:228)
09-24 12:36:50.446  6374  6374 I mobile.launche:   at void com.applovin.impl.adview.b.runOnUiThread(java.lang.Runnable) (SourceFile:810)
09-24 12:36:50.446  6374  6374 I mobile.launche:   at void com.applovin.impl.adview.b.a(com.applovin.sdk.AppLovinAdSize) (SourceFile:173)
09-24 12:36:50.446  6374  6374 I mobile.launche:   at void com.applovin.impl.adview.b.a(com.applovin.adview.AppLovinAdView, com.applovin.impl.sdk.n, com.applovin.sdk.AppLovinAdSize, java.lang.String, android.content.Context) (SourceFile:139)
09-24 12:36:50.446  6374  6374 I mobile.launche:   at void com.applovin.impl.adview.b.a(com.applovin.adview.AppLovinAdView, android.content.Context, com.applovin.sdk.AppLovinAdSize, java.lang.String, com.applovin.sdk.AppLovinSdk, android.util.AttributeSet) (SourceFile:266)
09-24 12:36:50.446  6374  6374 I mobile.launche:   at void com.applovin.adview.AppLovinAdView.a(com.applovin.sdk.AppLovinAdSize, java.lang.String, com.applovin.sdk.AppLovinSdk, android.content.Context, android.util.AttributeSet) (SourceFile:319)
09-24 12:36:50.446  6374  6374 I mobile.launche:   at void com.applovin.adview.AppLovinAdView.<init>(com.applovin.sdk.AppLovinSdk, com.applovin.sdk.AppLovinAdSize, java.lang.String, android.content.Context) (SourceFile:85)
09-24 12:36:50.446  6374  6374 I mobile.launche:   at void com.applovin.adview.AppLovinAdView.<init>(com.applovin.sdk.AppLovinSdk, com.applovin.sdk.AppLovinAdSize, android.content.Context) (SourceFile:70)
09-24 12:36:50.446  6374  6374 I mobile.launche:   at void com.applovin.mediation.adapters.AppLovinAdapterAdViewListener.lambda$adReceived$0$com-applovin-mediation-adapters-AppLovinAdapterAdViewListener(com.applovin.sdk.AppLovinAd) (SourceFile:41)
09-24 12:36:50.446  6374  6374 I mobile.launche:   at void com.applovin.mediation.adapters.AppLovinAdapterAdViewListener$$ExternalSyntheticLambda0.run() (D8$$SyntheticClass:0)
09-24 12:36:50.446  6374  6374 I mobile.launche:   at void com.applovin.sdk.AppLovinSdkUtils.runOnUiThread(boolean, java.lang.Runnable) (SourceFile:238)
09-24 12:36:50.446  6374  6374 I mobile.launche:   at void com.applovin.sdk.AppLovinSdkUtils.runOnUiThread(java.lang.Runnable) (SourceFile:228)
09-24 12:36:50.446  6374  6374 I mobile.launche:   at void com.applovin.mediation.adapters.AppLovinAdapterAdViewListener.adReceived(com.applovin.sdk.AppLovinAd) (SourceFile:38)
09-24 12:36:50.446  6374  6374 I mobile.launche:   at void com.applovin.impl.sdk.e.r.adReceived(com.applovin.sdk.AppLovinAd) (SourceFile:117)
09-24 12:36:50.446  6374  6374 I mobile.launche:   at void com.applovin.impl.sdk.e.f.Kp() (SourceFile:713)
09-24 12:36:50.446  6374  6374 I mobile.launche:   at void com.applovin.impl.sdk.e.f.$r8$lambda$GpoP4Gh4BBV0P60QK9dbMEchMHk(com.applovin.impl.sdk.e.f) (SourceFile:-1)
09-24 12:36:50.446  6374  6374 I mobile.launche:   at void com.applovin.impl.sdk.e.f$$ExternalSyntheticLambda0.run() (D8$$SyntheticClass:0)
09-24 12:36:50.446  6374  6374 I mobile.launche:   at void android.os.Handler.handleCallback(android.os.Message) (Handler.java:873)
09-24 12:36:50.446  6374  6374 I mobile.launche:   at void android.os.Handler.dispatchMessage(android.os.Message) (Handler.java:99)
09-24 12:36:50.446  6374  6374 I mobile.launche:   at void android.os.Looper.loop() (Looper.java:193)
09-24 12:36:50.446  6374  6374 I mobile.launche:   at void android.app.ActivityThread.main(java.lang.String[]) (ActivityThread.java:6846)
09-24 12:36:50.446  6374  6374 I mobile.launche:   at java.lang.Object java.lang.reflect.Method.invoke(java.lang.Object, java.lang.Object[]) (Method.java:-2)
09-24 12:36:50.446  6374  6374 I mobile.launche:   at void com.android.internal.os.RuntimeInit$MethodAndArgsCaller.run() (RuntimeInit.java:518)
09-24 12:36:50.446  6374  6374 I mobile.launche:   at void com.android.internal.os.ZygoteInit.main(java.lang.String[]) (ZygoteInit.java:858)
09-24 12:36:50.446  6374  6374 I mobile.launche: Caused by: java.lang.ClassNotFoundException: Didn't find class "androidx.window.extensions.core.util.function.Consumer" on path: DexPathList[[zip file "/data/downloads/com.android.chrome/base.apk"],nativeLibraryDirectories=[/data/downloads/com.android.chrome/lib/x86_64, /data/downloads/com.android.chrome/base.apk!/lib/x86_64, /system/lib64, /system/vendor/lib64, /system/lib64, /system/vendor/lib64]]
09-24 12:36:50.446  6374  6374 I mobile.launche:   at java.lang.Class dalvik.system.BaseDexClassLoader.findClass(java.lang.String) (BaseDexClassLoader.java:134)
09-24 12:36:50.446  6374  6374 I mobile.launche:   at java.lang.Class java.lang.ClassLoader.loadClass(java.lang.String, boolean) (ClassLoader.java:379)
09-24 12:36:50.446  6374  6374 I mobile.launche:   at java.lang.Class java.lang.ClassLoader.loadClass(java.lang.String) (ClassLoader.java:312)
09-24 12:36:50.446  6374  6374 I mobile.launche:   at java.lang.Object J.N._O_ZZZZZZIIIIJJJOOOOOOOOOO(int, boolean, boolean, boolean, boolean, boolean, boolean, int, int, int, int, long, long, long, java.lang.Object, java.lang.Object, java.lang.Object, java.lang.Object, java.lang.Object, java.lang.Object, java.lang.Object, java.lang.Object, java.lang.Object, java.lang.Object) (chromium-Monochrome.aab-stable-666807027:-2)
09-24 12:36:50.446  6374  6374 I mobile.launche:   at org.chromium.content_public.browser.NavigationHandle org.chromium.content.browser.framehost.NavigationControllerImpl.j(org.chromium.content_public.browser.LoadUrlParams) (chromium-Monochrome.aab-stable-666807027:179)
09-24 12:36:50.446  6374  6374 I mobile.launche:   at void org.chromium.android_webview.AwContents.u(org.chromium.content_public.browser.LoadUrlParams) (chromium-Monochrome.aab-stable-666807027:313)
09-24 12:36:50.446  6374  6374 I mobile.launche:   at void org.chromium.android_webview.AwContents.s(java.lang.String, java.lang.String, java.lang.String, java.lang.String, java.lang.String) (chromium-Monochrome.aab-stable-666807027:137)
09-24 12:36:50.446  6374  6374 I mobile.launche:   at void com.android.webview.chromium.WebViewChromium.e(java.lang.String, java.lang.String, java.lang.String, java.lang.String, java.lang.String) (chromium-Monochrome.aab-stable-666807027:24)
09-24 12:36:50.446  6374  6374 I mobile.launche:   at void com.android.webview.chromium.WebViewChromium.loadDataWithBaseURL(java.lang.String, java.lang.String, java.lang.String, java.lang.String, java.lang.String) (chromium-Monochrome.aab-stable-666807027:33)
09-24 12:36:50.446  6374  6374 I mobile.launche:   at void android.webkit.WebView.loadDataWithBaseURL(java.lang.String, java.lang.String, java.lang.String, java.lang.String, java.lang.String) (WebView.java:1093)
09-24 12:36:50.446  6374  6374 I mobile.launche:   at void com.applovin.impl.adview.b.ri() (SourceFile:173)
09-24 12:36:50.446  6374  6374 I mobile.launche:   at void com.applovin.impl.adview.b.$r8$lambda$RbEWKY6mVbkIXLcxhb4R5h_zih0(com.applovin.impl.adview.b) (SourceFile:-1)
09-24 12:36:50.446  6374  6374 I mobile.launche:   at void com.applovin.impl.adview.b$$ExternalSyntheticLambda7.run() (D8$$SyntheticClass:0)
09-24 12:36:50.446  6374  6374 I mobile.launche:   at void com.applovin.sdk.AppLovinSdkUtils.runOnUiThread(boolean, java.lang.Runnable) (SourceFile:238)
09-24 12:36:50.446  6374  6374 I mobile.launche:   at void com.applovin.sdk.AppLovinSdkUtils.runOnUiThread(java.lang.Runnable) (SourceFile:228)
09-24 12:36:50.446  6374  6374 I mobile.launche:   at void com.applovin.impl.adview.b.runOnUiThread(java.lang.Runnable) (SourceFile:810)
09-24 12:36:50.446  6374  6374 I mobile.launche:   at void com.applovin.impl.adview.b.a(com.applovin.sdk.AppLovinAdSize) (SourceFile:173)
09-24 12:36:50.446  6374  6374 I mobile.launche:   at void com.applovin.impl.adview.b.a(com.applovin.adview.AppLovinAdView, com.applovin.impl.sdk.n, com.applovin.sdk.AppLovinAdSize, java.lang.String, android.content.Context) (SourceFile:139)
09-24 12:36:50.446  6374  6374 I mobile.launche:   at void com.applovin.impl.adview.b.a(com.applovin.adview.AppLovinAdView, android.content.Context, com.applovin.sdk.AppLovinAdSize, java.lang.String, com.applovin.sdk.AppLovinSdk, android.util.AttributeSet) (SourceFile:266)
09-24 12:36:50.446  6374  6374 I mobile.launche:   at void com.applovin.adview.AppLovinAdView.a(com.applovin.sdk.AppLovinAdSize, java.lang.String, com.applovin.sdk.AppLovinSdk, android.content.Context, android.util.AttributeSet) (SourceFile:319)
09-24 12:36:50.446  6374  6374 I mobile.launche:   at void com.applovin.adview.AppLovinAdView.<init>(com.applovin.sdk.AppLovinSdk, com.applovin.sdk.AppLovinAdSize, java.lang.String, android.content.Context) (SourceFile:85)
09-24 12:36:50.446  6374  6374 I mobile.launche:   at void com.applovin.adview.AppLovinAdView.<init>(com.applovin.sdk.AppLovinSdk, com.applovin.sdk.AppLovinAdSize, android.content.Context) (SourceFile:70)
09-24 12:36:50.446  6374  6374 I mobile.launche:   at void com.applovin.mediation.adapters.AppLovinAdapterAdViewListener.lambda$adReceived$0$com-applovin-mediation-adapters-AppLovinAdapterAdViewListener(com.applovin.sdk.AppLovinAd) (SourceFile:41)
09-24 12:36:50.446  6374  6374 I mobile.launche:   at void com.applovin.mediation.adapters.AppLovinAdapterAdViewListener$$ExternalSyntheticLambda0.run() (D8$$SyntheticClass:0)
09-24 12:36:50.446  6374  6374 I mobile.launche:   at void com.applovin.sdk.AppLovinSdkUtils.runOnUiThread(boolean, java.lang.Runnable) (SourceFile:238)
09-24 12:36:50.446  6374  6374 I mobile.launche:   at void com.applovin.sdk.AppLovinSdkUtils.runOnUiThread(java.lang.Runnable) (SourceFile:228)
09-24 12:36:50.446  6374  6374 I mobile.launche:   at void com.applovin.mediation.adapters.AppLovinAdapterAdViewListener.adReceived(com.applovin.sdk.AppLovinAd) (SourceFile:38)
09-24 12:36:50.446  6374  6374 I mobile.launche:   at void com.applovin.impl.sdk.e.r.adReceived(com.applovin.sdk.AppLovinAd) (SourceFile:117)
09-24 12:36:50.446  6374  6374 I mobile.launche:   at void com.applovin.impl.sdk.e.f.Kp() (SourceFile:713)
09-24 12:36:50.446  6374  6374 I mobile.launche:   at void com.applovin.impl.sdk.e.f.$r8$lambda$GpoP4Gh4BBV0P60QK9dbMEchMHk(com.applovin.impl.sdk.e.f) (SourceFile:-1)
09-24 12:36:50.446  6374  6374 I mobile.launche:   at void com.applovin.impl.sdk.e.f$$ExternalSyntheticLambda0.run() (D8$$SyntheticClass:0)
09-24 12:36:50.446  6374  6374 I mobile.launche:   at void android.os.Handler.handleCallback(android.os.Message) (Handler.java:873)
09-24 12:36:50.446  6374  6374 I mobile.launche:   at void android.os.Handler.dispatchMessage(android.os.Message) (Handler.java:99)
09-24 12:36:50.446  6374  6374 I mobile.launche:   at void android.os.Looper.loop() (Looper.java:193)
09-24 12:36:50.446  6374  6374 I mobile.launche:   at void android.app.ActivityThread.main(java.lang.String[]) (ActivityThread.java:6846)
09-24 12:36:50.446  6374  6374 I mobile.launche:   at java.lang.Object java.lang.reflect.Method.invoke(java.lang.Object, java.lang.Object[]) (Method.java:-2)
09-24 12:36:50.446  6374  6374 I mobile.launche:   at void com.android.internal.os.RuntimeInit$MethodAndArgsCaller.run() (RuntimeInit.java:518)
09-24 12:36:50.446  6374  6374 I mobile.launche:   at void com.android.internal.os.ZygoteInit.main(java.lang.String[]) (ZygoteInit.java:858)
09-24 12:36:50.446  6374  6374 I mobile.launche: 
09-24 12:36:50.453  6374  6520 D HostConnection: createUnique: call
09-24 12:36:50.453  6374  6520 I AGA     : hstInit: opened /dev/bstpgaipc: fd = 206
09-24 12:36:50.453  6374  6520 I AGA     : Attempting to create new SOCKET connection pid = 6374, tid = 6520
09-24 12:36:50.453  6374  6520 I AGA     : hstInitClientPgaIpc: Attempting to get GROUP2 cid
09-24 12:36:50.454  6374  6374 I mobile.launche: Rejecting re-init on previously-failed class java.lang.Class<Ra5>: java.lang.NoClassDefFoundError: Failed resolution of: Landroidx/window/extensions/core/util/function/Consumer;
09-24 12:36:50.454  6374  6374 I mobile.launche:   at java.lang.Object J.N._O_ZZZZZZIIIIJJJOOOOOOOOOO(int, boolean, boolean, boolean, boolean, boolean, boolean, int, int, int, int, long, long, long, java.lang.Object, java.lang.Object, java.lang.Object, java.lang.Object, java.lang.Object, java.lang.Object, java.lang.Object, java.lang.Object, java.lang.Object, java.lang.Object) (chromium-Monochrome.aab-stable-666807027:-2)
09-24 12:36:50.454  6374  6374 I mobile.launche:   at org.chromium.content_public.browser.NavigationHandle org.chromium.content.browser.framehost.NavigationControllerImpl.j(org.chromium.content_public.browser.LoadUrlParams) (chromium-Monochrome.aab-stable-666807027:179)
09-24 12:36:50.454  6374  6374 I mobile.launche:   at void org.chromium.android_webview.AwContents.u(org.chromium.content_public.browser.LoadUrlParams) (chromium-Monochrome.aab-stable-666807027:313)
09-24 12:36:50.454  6374  6374 I mobile.launche:   at void org.chromium.android_webview.AwContents.s(java.lang.String, java.lang.String, java.lang.String, java.lang.String, java.lang.String) (chromium-Monochrome.aab-stable-666807027:137)
09-24 12:36:50.454  6374  6374 I mobile.launche:   at void com.android.webview.chromium.WebViewChromium.e(java.lang.String, java.lang.String, java.lang.String, java.lang.String, java.lang.String) (chromium-Monochrome.aab-stable-666807027:24)
09-24 12:36:50.454  6374  6374 I mobile.launche:   at void com.android.webview.chromium.WebViewChromium.loadDataWithBaseURL(java.lang.String, java.lang.String, java.lang.String, java.lang.String, java.lang.String) (chromium-Monochrome.aab-stable-666807027:33)
09-24 12:36:50.454  6374  6374 I mobile.launche:   at void android.webkit.WebView.loadDataWithBaseURL(java.lang.String, java.lang.String, java.lang.String, java.lang.String, java.lang.String) (WebView.java:1093)
09-24 12:36:50.454  6374  6374 I mobile.launche:   at void com.applovin.impl.adview.b.ri() (SourceFile:173)
09-24 12:36:50.454  6374  6374 I mobile.launche:   at void com.applovin.impl.adview.b.$r8$lambda$RbEWKY6mVbkIXLcxhb4R5h_zih0(com.applovin.impl.adview.b) (SourceFile:-1)
09-24 12:36:50.454  6374  6374 I mobile.launche:   at void com.applovin.impl.adview.b$$ExternalSyntheticLambda7.run() (D8$$SyntheticClass:0)
09-24 12:36:50.454  6374  6374 I mobile.launche:   at void com.applovin.sdk.AppLovinSdkUtils.runOnUiThread(boolean, java.lang.Runnable) (SourceFile:238)
09-24 12:36:50.454  6374  6374 I mobile.launche:   at void com.applovin.sdk.AppLovinSdkUtils.runOnUiThread(java.lang.Runnable) (SourceFile:228)
09-24 12:36:50.454  6374  6374 I mobile.launche:   at void com.applovin.impl.adview.b.runOnUiThread(java.lang.Runnable) (SourceFile:810)
09-24 12:36:50.454  6374  6374 I mobile.launche:   at void com.applovin.impl.adview.b.a(com.applovin.sdk.AppLovinAdSize) (SourceFile:173)
09-24 12:36:50.454  6374  6374 I mobile.launche:   at void com.applovin.impl.adview.b.a(com.applovin.adview.AppLovinAdView, com.applovin.impl.sdk.n, com.applovin.sdk.AppLovinAdSize, java.lang.String, android.content.Context) (SourceFile:139)
09-24 12:36:50.454  6374  6374 I mobile.launche:   at void com.applovin.impl.adview.b.a(com.applovin.adview.AppLovinAdView, android.content.Context, com.applovin.sdk.AppLovinAdSize, java.lang.String, com.applovin.sdk.AppLovinSdk, android.util.AttributeSet) (SourceFile:266)
09-24 12:36:50.454  6374  6374 I mobile.launche:   at void com.applovin.adview.AppLovinAdView.a(com.applovin.sdk.AppLovinAdSize, java.lang.String, com.applovin.sdk.AppLovinSdk, android.content.Context, android.util.AttributeSet) (SourceFile:319)
09-24 12:36:50.454  6374  6374 I mobile.launche:   at void com.applovin.adview.AppLovinAdView.<init>(com.applovin.sdk.AppLovinSdk, com.applovin.sdk.AppLovinAdSize, java.lang.String, android.content.Context) (SourceFile:85)
09-24 12:36:50.454  6374  6374 I mobile.launche:   at void com.applovin.adview.AppLovinAdView.<init>(com.applovin.sdk.AppLovinSdk, com.applovin.sdk.AppLovinAdSize, android.content.Context) (SourceFile:70)
09-24 12:36:50.454  6374  6374 I mobile.launche:   at void com.applovin.mediation.adapters.AppLovinAdapterAdViewListener.lambda$adReceived$0$com-applovin-mediation-adapters-AppLovinAdapterAdViewListener(com.applovin.sdk.AppLovinAd) (SourceFile:41)
09-24 12:36:50.454  6374  6374 I mobile.launche:   at void com.applovin.mediation.adapters.AppLovinAdapterAdViewListener$$ExternalSyntheticLambda0.run() (D8$$SyntheticClass:0)
09-24 12:36:50.454  6374  6374 I mobile.launche:   at void com.applovin.sdk.AppLovinSdkUtils.runOnUiThread(boolean, java.lang.Runnable) (SourceFile:238)
09-24 12:36:50.454  6374  6374 I mobile.launche:   at void com.applovin.sdk.AppLovinSdkUtils.runOnUiThread(java.lang.Runnable) (SourceFile:228)
09-24 12:36:50.454  6374  6374 I mobile.launche:   at void com.applovin.mediation.adapters.AppLovinAdapterAdViewListener.adReceived(com.applovin.sdk.AppLovinAd) (SourceFile:38)
09-24 12:36:50.454  6374  6374 I mobile.launche:   at void com.applovin.impl.sdk.e.r.adReceived(com.applovin.sdk.AppLovinAd) (SourceFile:117)
09-24 12:36:50.454  6374  6374 I mobile.launche:   at void com.applovin.impl.sdk.e.f.Kp() (SourceFile:713)
09-24 12:36:50.454  6374  6374 I mobile.launche:   at void com.applovin.impl.sdk.e.f.$r8$lambda$GpoP4Gh4BBV0P60QK9dbMEchMHk(com.applovin.impl.sdk.e.f) (SourceFile:-1)
09-24 12:36:50.454  6374  6374 I mobile.launche:   at void com.applovin.impl.sdk.e.f$$ExternalSyntheticLambda0.run() (D8$$SyntheticClass:0)
09-24 12:36:50.454  6374  6374 I mobile.launche:   at void android.os.Handler.handleCallback(android.os.Message) (Handler.java:873)
09-24 12:36:50.454  6374  6374 I mobile.launche:   at void android.os.Handler.dispatchMessage(android.os.Message) (Handler.java:99)
09-24 12:36:50.454  6374  6374 I mobile.launche:   at void android.os.Looper.loop() (Looper.java:193)
09-24 12:36:50.454  6374  6374 I mobile.launche:   at void android.app.ActivityThread.main(java.lang.String[]) (ActivityThread.java:6846)
09-24 12:36:50.454  6374  6374 I mobile.launche:   at java.lang.Object java.lang.reflect.Method.invoke(java.lang.Object, java.lang.Object[]) (Method.java:-2)
09-24 12:36:50.454  6374  6374 I mobile.launche:   at void com.android.internal.os.RuntimeInit$MethodAndArgsCaller.run() (RuntimeInit.java:518)
09-24 12:36:50.454  6374  6374 I mobile.launche:   at void com.android.internal.os.ZygoteInit.main(java.lang.String[]) (ZygoteInit.java:858)
09-24 12:36:50.454  6374  6374 I mobile.launche: Caused by: java.lang.ClassNotFoundException: Didn't find class "androidx.window.extensions.core.util.function.Consumer" on path: DexPathList[[zip file "/data/downloads/com.android.chrome/base.apk"],nativeLibraryDirectories=[/data/downloads/com.android.chrome/lib/x86_64, /data/downloads/com.android.chrome/base.apk!/lib/x86_64, /system/lib64, /system/vendor/lib64, /system/lib64, /system/vendor/lib64]]
09-24 12:36:50.454  6374  6374 I mobile.launche:   at java.lang.Class dalvik.system.BaseDexClassLoader.findClass(java.lang.String) (BaseDexClassLoader.java:134)
09-24 12:36:50.454  6374  6374 I mobile.launche:   at java.lang.Class java.lang.ClassLoader.loadClass(java.lang.String, boolean) (ClassLoader.java:379)
09-24 12:36:50.454  6374  6374 I mobile.launche:   at java.lang.Class java.lang.ClassLoader.loadClass(java.lang.String) (ClassLoader.java:312)
09-24 12:36:50.454  6374  6374 I mobile.launche:   at java.lang.Object J.N._O_ZZZZZZIIIIJJJOOOOOOOOOO(int, boolean, boolean, boolean, boolean, boolean, boolean, int, int, int, int, long, long, long, java.lang.Object, java.lang.Object, java.lang.Object, java.lang.Object, java.lang.Object, java.lang.Object, java.lang.Object, java.lang.Object, java.lang.Object, java.lang.Object) (chromium-Monochrome.aab-stable-666807027:-2)
09-24 12:36:50.454  6374  6374 I mobile.launche:   at org.chromium.content_public.browser.NavigationHandle org.chromium.content.browser.framehost.NavigationControllerImpl.j(org.chromium.content_public.browser.LoadUrlParams) (chromium-Monochrome.aab-stable-666807027:179)
09-24 12:36:50.454  6374  6374 I mobile.launche:   at void org.chromium.android_webview.AwContents.u(org.chromium.content_public.browser.LoadUrlParams) (chromium-Monochrome.aab-stable-666807027:313)
09-24 12:36:50.454  6374  6374 I mobile.launche:   at void org.chromium.android_webview.AwContents.s(java.lang.String, java.lang.String, java.lang.String, java.lang.String, java.lang.String) (chromium-Monochrome.aab-stable-666807027:137)
09-24 12:36:50.454  6374  6374 I mobile.launche:   at void com.android.webview.chromium.WebViewChromium.e(java.lang.String, java.lang.String, java.lang.String, java.lang.String, java.lang.String) (chromium-Monochrome.aab-stable-666807027:24)
09-24 12:36:50.454  6374  6374 I mobile.launche:   at void com.android.webview.chromium.WebViewChromium.loadDataWithBaseURL(java.lang.String, java.lang.String, java.lang.String, java.lang.String, java.lang.String) (chromium-Monochrome.aab-stable-666807027:33)
09-24 12:36:50.454  6374  6374 I mobile.launche:   at void android.webkit.WebView.loadDataWithBaseURL(java.lang.String, java.lang.String, java.lang.String, java.lang.String, java.lang.String) (WebView.java:1093)
09-24 12:36:50.454  6374  6374 I mobile.launche:   at void com.applovin.impl.adview.b.ri() (SourceFile:173)
09-24 12:36:50.454  6374  6374 I mobile.launche:   at void com.applovin.impl.adview.b.$r8$lambda$RbEWKY6mVbkIXLcxhb4R5h_zih0(com.applovin.impl.adview.b) (SourceFile:-1)
09-24 12:36:50.454  6374  6374 I mobile.launche:   at void com.applovin.impl.adview.b$$ExternalSyntheticLambda7.run() (D8$$SyntheticClass:0)
09-24 12:36:50.454  6374  6374 I mobile.launche:   at void com.applovin.sdk.AppLovinSdkUtils.runOnUiThread(boolean, java.lang.Runnable) (SourceFile:238)
09-24 12:36:50.454  6374  6374 I mobile.launche:   at void com.applovin.sdk.AppLovinSdkUtils.runOnUiThread(java.lang.Runnable) (SourceFile:228)
09-24 12:36:50.454  6374  6374 I mobile.launche:   at void com.applovin.impl.adview.b.runOnUiThread(java.lang.Runnable) (SourceFile:810)
09-24 12:36:50.454  6374  6374 I mobile.launche:   at void com.applovin.impl.adview.b.a(com.applovin.sdk.AppLovinAdSize) (SourceFile:173)
09-24 12:36:50.454  6374  6374 I mobile.launche:   at void com.applovin.impl.adview.b.a(com.applovin.adview.AppLovinAdView, com.applovin.impl.sdk.n, com.applovin.sdk.AppLovinAdSize, java.lang.String, android.content.Context) (SourceFile:139)
09-24 12:36:50.454  6374  6374 I mobile.launche:   at void com.applovin.impl.adview.b.a(com.applovin.adview.AppLovinAdView, android.content.Context, com.applovin.sdk.AppLovinAdSize, java.lang.String, com.applovin.sdk.AppLovinSdk, android.util.AttributeSet) (SourceFile:266)
09-24 12:36:50.454  6374  6374 I mobile.launche:   at void com.applovin.adview.AppLovinAdView.a(com.applovin.sdk.AppLovinAdSize, java.lang.String, com.applovin.sdk.AppLovinSdk, android.content.Context, android.util.AttributeSet) (SourceFile:319)
09-24 12:36:50.454  6374  6374 I mobile.launche:   at void com.applovin.adview.AppLovinAdView.<init>(com.applovin.sdk.AppLovinSdk, com.applovin.sdk.AppLovinAdSize, java.lang.String, android.content.Context) (SourceFile:85)
09-24 12:36:50.454  6374  6374 I mobile.launche:   at void com.applovin.adview.AppLovinAdView.<init>(com.applovin.sdk.AppLovinSdk, com.applovin.sdk.AppLovinAdSize, android.content.Context) (SourceFile:70)
09-24 12:36:50.454  6374  6374 I mobile.launche:   at void com.applovin.mediation.adapters.AppLovinAdapterAdViewListener.lambda$adReceived$0$com-applovin-mediation-adapters-AppLovinAdapterAdViewListener(com.applovin.sdk.AppLovinAd) (SourceFile:41)
09-24 12:36:50.454  6374  6374 I mobile.launche:   at void com.applovin.mediation.adapters.AppLovinAdapterAdViewListener$$ExternalSyntheticLambda0.run() (D8$$SyntheticClass:0)
09-24 12:36:50.454  6374  6374 I mobile.launche:   at void com.applovin.sdk.AppLovinSdkUtils.runOnUiThread(boolean, java.lang.Runnable) (SourceFile:238)
09-24 12:36:50.454  6374  6374 I mobile.launche:   at void com.applovin.sdk.AppLovinSdkUtils.runOnUiThread(java.lang.Runnable) (SourceFile:228)
09-24 12:36:50.454  6374  6374 I mobile.launche:   at void com.applovin.mediation.adapters.AppLovinAdapterAdViewListener.adReceived(com.applovin.sdk.AppLovinAd) (SourceFile:38)
09-24 12:36:50.454  6374  6374 I mobile.launche:   at void com.applovin.impl.sdk.e.r.adReceived(com.applovin.sdk.AppLovinAd) (SourceFile:117)
09-24 12:36:50.454  6374  6374 I mobile.launche:   at void com.applovin.impl.sdk.e.f.Kp() (SourceFile:713)
09-24 12:36:50.454  6374  6374 I mobile.launche:   at void com.applovin.impl.sdk.e.f.$r8$lambda$GpoP4Gh4BBV0P60QK9dbMEchMHk(com.applovin.impl.sdk.e.f) (SourceFile:-1)
09-24 12:36:50.454  6374  6374 I mobile.launche:   at void com.applovin.impl.sdk.e.f$$ExternalSyntheticLambda0.run() (D8$$SyntheticClass:0)
09-24 12:36:50.454  6374  6374 I mobile.launche:   at void android.os.Handler.handleCallback(android.os.Message) (Handler.java:873)
09-24 12:36:50.454  6374  6374 I mobile.launche:   at void android.os.Handler.dispatchMessage(android.os.Message) (Handler.java:99)
09-24 12:36:50.454  6374  6374 I mobile.launche:   at void android.os.Looper.loop() (Looper.java:193)
09-24 12:36:50.454  6374  6374 I mobile.launche:   at void android.app.ActivityThread.main(java.lang.String[]) (ActivityThread.java:6846)
09-24 12:36:50.454  6374  6374 I mobile.launche:   at java.lang.Object java.lang.reflect.Method.invoke(java.lang.Object, java.lang.Object[]) (Method.java:-2)
09-24 12:36:50.454  6374  6374 I mobile.launche:   at void com.android.internal.os.RuntimeInit$MethodAndArgsCaller.run() (RuntimeInit.java:518)
09-24 12:36:50.454  6374  6374 I mobile.launche:   at void com.android.internal.os.ZygoteInit.main(java.lang.String[]) (ZygoteInit.java:858)
09-24 12:36:50.454  6374  6374 I mobile.launche: 
09-24 12:36:50.454  6374  6374 I mobile.launche: Rejecting re-init on previously-failed class java.lang.Class<Ra5>: java.lang.NoClassDefFoundError: Failed resolution of: Landroidx/window/extensions/core/util/function/Consumer;
09-24 12:36:50.454  6374  6374 I mobile.launche:   at java.lang.Object J.N._O_ZZZZZZIIIIJJJOOOOOOOOOO(int, boolean, boolean, boolean, boolean, boolean, boolean, int, int, int, int, long, long, long, java.lang.Object, java.lang.Object, java.lang.Object, java.lang.Object, java.lang.Object, java.lang.Object, java.lang.Object, java.lang.Object, java.lang.Object, java.lang.Object) (chromium-Monochrome.aab-stable-666807027:-2)
09-24 12:36:50.454  6374  6374 I mobile.launche:   at org.chromium.content_public.browser.NavigationHandle org.chromium.content.browser.framehost.NavigationControllerImpl.j(org.chromium.content_public.browser.LoadUrlParams) (chromium-Monochrome.aab-stable-666807027:179)
09-24 12:36:50.454  6374  6374 I mobile.launche:   at void org.chromium.android_webview.AwContents.u(org.chromium.content_public.browser.LoadUrlParams) (chromium-Monochrome.aab-stable-666807027:313)
09-24 12:36:50.454  6374  6374 I mobile.launche:   at void org.chromium.android_webview.AwContents.s(java.lang.String, java.lang.String, java.lang.String, java.lang.String, java.lang.String) (chromium-Monochrome.aab-stable-666807027:137)
09-24 12:36:50.454  6374  6374 I mobile.launche:   at void com.android.webview.chromium.WebViewChromium.e(java.lang.String, java.lang.String, java.lang.String, java.lang.String, java.lang.String) (chromium-Monochrome.aab-stable-666807027:24)
09-24 12:36:50.454  6374  6374 I mobile.launche:   at void com.android.webview.chromium.WebViewChromium.loadDataWithBaseURL(java.lang.String, java.lang.String, java.lang.String, java.lang.String, java.lang.String) (chromium-Monochrome.aab-stable-666807027:33)
09-24 12:36:50.454  6374  6374 I mobile.launche:   at void android.webkit.WebView.loadDataWithBaseURL(java.lang.String, java.lang.String, java.lang.String, java.lang.String, java.lang.String) (WebView.java:1093)
09-24 12:36:50.454  6374  6374 I mobile.launche:   at void com.applovin.impl.adview.b.ri() (SourceFile:173)
09-24 12:36:50.454  6374  6374 I mobile.launche:   at void com.applovin.impl.adview.b.$r8$lambda$RbEWKY6mVbkIXLcxhb4R5h_zih0(com.applovin.impl.adview.b) (SourceFile:-1)
09-24 12:36:50.454  6374  6374 I mobile.launche:   at void com.applovin.impl.adview.b$$ExternalSyntheticLambda7.run() (D8$$SyntheticClass:0)
09-24 12:36:50.454  6374  6374 I mobile.launche:   at void com.applovin.sdk.AppLovinSdkUtils.runOnUiThread(boolean, java.lang.Runnable) (SourceFile:238)
09-24 12:36:50.454  6374  6374 I mobile.launche:   at void com.applovin.sdk.AppLovinSdkUtils.runOnUiThread(java.lang.Runnable) (SourceFile:228)
09-24 12:36:50.454  6374  6374 I mobile.launche:   at void com.applovin.impl.adview.b.runOnUiThread(java.lang.Runnable) (SourceFile:810)
09-24 12:36:50.454  6374  6374 I mobile.launche:   at void com.applovin.impl.adview.b.a(com.applovin.sdk.AppLovinAdSize) (SourceFile:173)
09-24 12:36:50.454  6374  6374 I mobile.launche:   at void com.applovin.impl.adview.b.a(com.applovin.adview.AppLovinAdView, com.applovin.impl.sdk.n, com.applovin.sdk.AppLovinAdSize, java.lang.String, android.content.Context) (SourceFile:139)
09-24 12:36:50.454  6374  6374 I mobile.launche:   at void com.applovin.impl.adview.b.a(com.applovin.adview.AppLovinAdView, android.content.Context, com.applovin.sdk.AppLovinAdSize, java.lang.String, com.applovin.sdk.AppLovinSdk, android.util.AttributeSet) (SourceFile:266)
09-24 12:36:50.454  6374  6374 I mobile.launche:   at void com.applovin.adview.AppLovinAdView.a(com.applovin.sdk.AppLovinAdSize, java.lang.String, com.applovin.sdk.AppLovinSdk, android.content.Context, android.util.AttributeSet) (SourceFile:319)
09-24 12:36:50.454  6374  6374 I mobile.launche:   at void com.applovin.adview.AppLovinAdView.<init>(com.applovin.sdk.AppLovinSdk, com.applovin.sdk.AppLovinAdSize, java.lang.String, android.content.Context) (SourceFile:85)
09-24 12:36:50.454  6374  6374 I mobile.launche:   at void com.applovin.adview.AppLovinAdView.<init>(com.applovin.sdk.AppLovinSdk, com.applovin.sdk.AppLovinAdSize, android.content.Context) (SourceFile:70)
09-24 12:36:50.454  6374  6374 I mobile.launche:   at void com.applovin.mediation.adapters.AppLovinAdapterAdViewListener.lambda$adReceived$0$com-applovin-mediation-adapters-AppLovinAdapterAdViewListener(com.applovin.sdk.AppLovinAd) (SourceFile:41)
09-24 12:36:50.454  6374  6374 I mobile.launche:   at void com.applovin.mediation.adapters.AppLovinAdapterAdViewListener$$ExternalSyntheticLambda0.run() (D8$$SyntheticClass:0)
09-24 12:36:50.454  6374  6374 I mobile.launche:   at void com.applovin.sdk.AppLovinSdkUtils.runOnUiThread(boolean, java.lang.Runnable) (SourceFile:238)
09-24 12:36:50.454  6374  6374 I mobile.launche:   at void com.applovin.sdk.AppLovinSdkUtils.runOnUiThread(java.lang.Runnable) (SourceFile:228)
09-24 12:36:50.454  6374  6374 I mobile.launche:   at void com.applovin.mediation.adapters.AppLovinAdapterAdViewListener.adReceived(com.applovin.sdk.AppLovinAd) (SourceFile:38)
09-24 12:36:50.454  6374  6374 I mobile.launche:   at void com.applovin.impl.sdk.e.r.adReceived(com.applovin.sdk.AppLovinAd) (SourceFile:117)
09-24 12:36:50.454  6374  6374 I mobile.launche:   at void com.applovin.impl.sdk.e.f.Kp() (SourceFile:713)
09-24 12:36:50.454  6374  6374 I mobile.launche:   at void com.applovin.impl.sdk.e.f.$r8$lambda$GpoP4Gh4BBV0P60QK9dbMEchMHk(com.applovin.impl.sdk.e.f) (SourceFile:-1)
09-24 12:36:50.454  6374  6374 I mobile.launche:   at void com.applovin.impl.sdk.e.f$$ExternalSyntheticLambda0.run() (D8$$SyntheticClass:0)
09-24 12:36:50.454  6374  6374 I mobile.launche:   at void android.os.Handler.handleCallback(android.os.Message) (Handler.java:873)
09-24 12:36:50.454  6374  6374 I mobile.launche:   at void android.os.Handler.dispatchMessage(android.os.Message) (Handler.java:99)
09-24 12:36:50.454  6374  6374 I mobile.launche:   at void android.os.Looper.loop() (Looper.java:193)
09-24 12:36:50.454  6374  6374 I mobile.launche:   at void android.app.ActivityThread.main(java.lang.String[]) (ActivityThread.java:6846)
09-24 12:36:50.454  6374  6374 I mobile.launche:   at java.lang.Object java.lang.reflect.Method.invoke(java.lang.Object, java.lang.Object[]) (Method.java:-2)
09-24 12:36:50.454  6374  6374 I mobile.launche:   at void com.android.internal.os.RuntimeInit$MethodAndArgsCaller.run() (RuntimeInit.java:518)
09-24 12:36:50.454  6374  6374 I mobile.launche:   at void com.android.internal.os.ZygoteInit.main(java.lang.String[]) (ZygoteInit.java:858)
09-24 12:36:50.454  6374  6374 I mobile.launche: Caused by: java.lang.ClassNotFoundException: Didn't find class "androidx.window.extensions.core.util.function.Consumer" on path: DexPathList[[zip file "/data/downloads/com.android.chrome/base.apk"],nativeLibraryDirectories=[/data/downloads/com.android.chrome/lib/x86_64, /data/downloads/com.android.chrome/base.apk!/lib/x86_64, /system/lib64, /system/vendor/lib64, /system/lib64, /system/vendor/lib64]]
09-24 12:36:50.454  6374  6374 I mobile.launche:   at java.lang.Class dalvik.system.BaseDexClassLoader.findClass(java.lang.String) (BaseDexClassLoader.java:134)
09-24 12:36:50.454  6374  6374 I mobile.launche:   at java.lang.Class java.lang.ClassLoader.loadClass(java.lang.String, boolean) (ClassLoader.java:379)
09-24 12:36:50.454  6374  6374 I mobile.launche:   at java.lang.Class java.lang.ClassLoader.loadClass(java.lang.String) (ClassLoader.java:312)
09-24 12:36:50.454  6374  6374 I mobile.launche:   at java.lang.Object J.N._O_ZZZZZZIIIIJJJOOOOOOOOOO(int, boolean, boolean, boolean, boolean, boolean, boolean, int, int, int, int, long, long, long, java.lang.Object, java.lang.Object, java.lang.Object, java.lang.Object, java.lang.Object, java.lang.Object, java.lang.Object, java.lang.Object, java.lang.Object, java.lang.Object) (chromium-Monochrome.aab-stable-666807027:-2)
09-24 12:36:50.454  6374  6374 I mobile.launche:   at org.chromium.content_public.browser.NavigationHandle org.chromium.content.browser.framehost.NavigationControllerImpl.j(org.chromium.content_public.browser.LoadUrlParams) (chromium-Monochrome.aab-stable-666807027:179)
09-24 12:36:50.454  6374  6374 I mobile.launche:   at void org.chromium.android_webview.AwContents.u(org.chromium.content_public.browser.LoadUrlParams) (chromium-Monochrome.aab-stable-666807027:313)
09-24 12:36:50.454  6374  6374 I mobile.launche:   at void org.chromium.android_webview.AwContents.s(java.lang.String, java.lang.String, java.lang.String, java.lang.String, java.lang.String) (chromium-Monochrome.aab-stable-666807027:137)
09-24 12:36:50.454  6374  6374 I mobile.launche:   at void com.android.webview.chromium.WebViewChromium.e(java.lang.String, java.lang.String, java.lang.String, java.lang.String, java.lang.String) (chromium-Monochrome.aab-stable-666807027:24)
09-24 12:36:50.454  6374  6374 I mobile.launche:   at void com.android.webview.chromium.WebViewChromium.loadDataWithBaseURL(java.lang.String, java.lang.String, java.lang.String, java.lang.String, java.lang.String) (chromium-Monochrome.aab-stable-666807027:33)
09-24 12:36:50.454  6374  6374 I mobile.launche:   at void android.webkit.WebView.loadDataWithBaseURL(java.lang.String, java.lang.String, java.lang.String, java.lang.String, java.lang.String) (WebView.java:1093)
09-24 12:36:50.454  6374  6374 I mobile.launche:   at void com.applovin.impl.adview.b.ri() (SourceFile:173)
09-24 12:36:50.454  6374  6374 I mobile.launche:   at void com.applovin.impl.adview.b.$r8$lambda$RbEWKY6mVbkIXLcxhb4R5h_zih0(com.applovin.impl.adview.b) (SourceFile:-1)
09-24 12:36:50.454  6374  6374 I mobile.launche:   at void com.applovin.impl.adview.b$$ExternalSyntheticLambda7.run() (D8$$SyntheticClass:0)
09-24 12:36:50.454  6374  6374 I mobile.launche:   at void com.applovin.sdk.AppLovinSdkUtils.runOnUiThread(boolean, java.lang.Runnable) (SourceFile:238)
09-24 12:36:50.454  6374  6374 I mobile.launche:   at void com.applovin.sdk.AppLovinSdkUtils.runOnUiThread(java.lang.Runnable) (SourceFile:228)
09-24 12:36:50.454  6374  6374 I mobile.launche:   at void com.applovin.impl.adview.b.runOnUiThread(java.lang.Runnable) (SourceFile:810)
09-24 12:36:50.454  6374  6374 I mobile.launche:   at void com.applovin.impl.adview.b.a(com.applovin.sdk.AppLovinAdSize) (SourceFile:173)
09-24 12:36:50.454  6374  6374 I mobile.launche:   at void com.applovin.impl.adview.b.a(com.applovin.adview.AppLovinAdView, com.applovin.impl.sdk.n, com.applovin.sdk.AppLovinAdSize, java.lang.String, android.content.Context) (SourceFile:139)
09-24 12:36:50.454  6374  6374 I mobile.launche:   at void com.applovin.impl.adview.b.a(com.applovin.adview.AppLovinAdView, android.content.Context, com.applovin.sdk.AppLovinAdSize, java.lang.String, com.applovin.sdk.AppLovinSdk, android.util.AttributeSet) (SourceFile:266)
09-24 12:36:50.454  6374  6374 I mobile.launche:   at void com.applovin.adview.AppLovinAdView.a(com.applovin.sdk.AppLovinAdSize, java.lang.String, com.applovin.sdk.AppLovinSdk, android.content.Context, android.util.AttributeSet) (SourceFile:319)
09-24 12:36:50.454  6374  6374 I mobile.launche:   at void com.applovin.adview.AppLovinAdView.<init>(com.applovin.sdk.AppLovinSdk, com.applovin.sdk.AppLovinAdSize, java.lang.String, android.content.Context) (SourceFile:85)
09-24 12:36:50.454  6374  6374 I mobile.launche:   at void com.applovin.adview.AppLovinAdView.<init>(com.applovin.sdk.AppLovinSdk, com.applovin.sdk.AppLovinAdSize, android.content.Context) (SourceFile:70)
09-24 12:36:50.454  6374  6374 I mobile.launche:   at void com.applovin.mediation.adapters.AppLovinAdapterAdViewListener.lambda$adReceived$0$com-applovin-mediation-adapters-AppLovinAdapterAdViewListener(com.applovin.sdk.AppLovinAd) (SourceFile:41)
09-24 12:36:50.454  6374  6374 I mobile.launche:   at void com.applovin.mediation.adapters.AppLovinAdapterAdViewListener$$ExternalSyntheticLambda0.run() (D8$$SyntheticClass:0)
09-24 12:36:50.454  6374  6374 I mobile.launche:   at void com.applovin.sdk.AppLovinSdkUtils.runOnUiThread(boolean, java.lang.Runnable) (SourceFile:238)
09-24 12:36:50.454  6374  6374 I mobile.launche:   at void com.applovin.sdk.AppLovinSdkUtils.runOnUiThread(java.lang.Runnable) (SourceFile:228)
09-24 12:36:50.454  6374  6374 I mobile.launche:   at void com.applovin.mediation.adapters.AppLovinAdapterAdViewListener.adReceived(com.applovin.sdk.AppLovinAd) (SourceFile:38)
09-24 12:36:50.454  6374  6374 I mobile.launche:   at void com.applovin.impl.sdk.e.r.adReceived(com.applovin.sdk.AppLovinAd) (SourceFile:117)
09-24 12:36:50.454  6374  6374 I mobile.launche:   at void com.applovin.impl.sdk.e.f.Kp() (SourceFile:713)
09-24 12:36:50.454  6374  6374 I mobile.launche:   at void com.applovin.impl.sdk.e.f.$r8$lambda$GpoP4Gh4BBV0P60QK9dbMEchMHk(com.applovin.impl.sdk.e.f) (SourceFile:-1)
09-24 12:36:50.454  6374  6374 I mobile.launche:   at void com.applovin.impl.sdk.e.f$$ExternalSyntheticLambda0.run() (D8$$SyntheticClass:0)
09-24 12:36:50.454  6374  6374 I mobile.launche:   at void android.os.Handler.handleCallback(android.os.Message) (Handler.java:873)
09-24 12:36:50.454  6374  6374 I mobile.launche:   at void android.os.Handler.dispatchMessage(android.os.Message) (Handler.java:99)
09-24 12:36:50.454  6374  6374 I mobile.launche:   at void android.os.Looper.loop() (Looper.java:193)
09-24 12:36:50.454  6374  6374 I mobile.launche:   at void android.app.ActivityThread.main(java.lang.String[]) (ActivityThread.java:6846)
09-24 12:36:50.454  6374  6374 I mobile.launche:   at java.lang.Object java.lang.reflect.Method.invoke(java.lang.Object, java.lang.Object[]) (Method.java:-2)
09-24 12:36:50.454  6374  6374 I mobile.launche:   at void com.android.internal.os.RuntimeInit$MethodAndArgsCaller.run() (RuntimeInit.java:518)
09-24 12:36:50.454  6374  6374 I mobile.launche:   at void com.android.internal.os.ZygoteInit.main(java.lang.String[]) (ZygoteInit.java:858)
09-24 12:36:50.454  6374  6374 I mobile.launche: 
09-24 12:36:50.454  6374  6520 I AGA     : hstInitClientPgaIpc: data mapped to 0x7213e8000000 with size 4194304
09-24 12:36:50.454  6374  6520 I AGA     : New SOCKET connection: ro.alynsampmobile.launcher (pid 6374, tid 6520)
09-24 12:36:50.455  6374  6374 I mobile.launche: Rejecting re-init on previously-failed class java.lang.Class<Ra5>: java.lang.NoClassDefFoundError: Failed resolution of: Landroidx/window/extensions/core/util/function/Consumer;
09-24 12:36:50.455  6374  6374 I mobile.launche:   at java.lang.Object J.N._O_ZZZZZZIIIIJJJOOOOOOOOOO(int, boolean, boolean, boolean, boolean, boolean, boolean, int, int, int, int, long, long, long, java.lang.Object, java.lang.Object, java.lang.Object, java.lang.Object, java.lang.Object, java.lang.Object, java.lang.Object, java.lang.Object, java.lang.Object, java.lang.Object) (chromium-Monochrome.aab-stable-666807027:-2)
09-24 12:36:50.455  6374  6374 I mobile.launche:   at org.chromium.content_public.browser.NavigationHandle org.chromium.content.browser.framehost.NavigationControllerImpl.j(org.chromium.content_public.browser.LoadUrlParams) (chromium-Monochrome.aab-stable-666807027:179)
09-24 12:36:50.455  6374  6374 I mobile.launche:   at void org.chromium.android_webview.AwContents.u(org.chromium.content_public.browser.LoadUrlParams) (chromium-Monochrome.aab-stable-666807027:313)
09-24 12:36:50.455  6374  6374 I mobile.launche:   at void org.chromium.android_webview.AwContents.s(java.lang.String, java.lang.String, java.lang.String, java.lang.String, java.lang.String) (chromium-Monochrome.aab-stable-666807027:137)
09-24 12:36:50.455  6374  6374 I mobile.launche:   at void com.android.webview.chromium.WebViewChromium.e(java.lang.String, java.lang.String, java.lang.String, java.lang.String, java.lang.String) (chromium-Monochrome.aab-stable-666807027:24)
09-24 12:36:50.455  6374  6374 I mobile.launche:   at void com.android.webview.chromium.WebViewChromium.loadDataWithBaseURL(java.lang.String, java.lang.String, java.lang.String, java.lang.String, java.lang.String) (chromium-Monochrome.aab-stable-666807027:33)
09-24 12:36:50.455  6374  6374 I mobile.launche:   at void android.webkit.WebView.loadDataWithBaseURL(java.lang.String, java.lang.String, java.lang.String, java.lang.String, java.lang.String) (WebView.java:1093)
09-24 12:36:50.455  6374  6374 I mobile.launche:   at void com.applovin.impl.adview.b.ri() (SourceFile:173)
09-24 12:36:50.455  6374  6374 I mobile.launche:   at void com.applovin.impl.adview.b.$r8$lambda$RbEWKY6mVbkIXLcxhb4R5h_zih0(com.applovin.impl.adview.b) (SourceFile:-1)
09-24 12:36:50.455  6374  6374 I mobile.launche:   at void com.applovin.impl.adview.b$$ExternalSyntheticLambda7.run() (D8$$SyntheticClass:0)
09-24 12:36:50.455  6374  6374 I mobile.launche:   at void com.applovin.sdk.AppLovinSdkUtils.runOnUiThread(boolean, java.lang.Runnable) (SourceFile:238)
09-24 12:36:50.455  6374  6374 I mobile.launche:   at void com.applovin.sdk.AppLovinSdkUtils.runOnUiThread(java.lang.Runnable) (SourceFile:228)
09-24 12:36:50.455  6374  6374 I mobile.launche:   at void com.applovin.impl.adview.b.runOnUiThread(java.lang.Runnable) (SourceFile:810)
09-24 12:36:50.455  6374  6374 I mobile.launche:   at void com.applovin.impl.adview.b.a(com.applovin.sdk.AppLovinAdSize) (SourceFile:173)
09-24 12:36:50.455  6374  6374 I mobile.launche:   at void com.applovin.impl.adview.b.a(com.applovin.adview.AppLovinAdView, com.applovin.impl.sdk.n, com.applovin.sdk.AppLovinAdSize, java.lang.String, android.content.Context) (SourceFile:139)
09-24 12:36:50.455  6374  6374 I mobile.launche:   at void com.applovin.impl.adview.b.a(com.applovin.adview.AppLovinAdView, android.content.Context, com.applovin.sdk.AppLovinAdSize, java.lang.String, com.applovin.sdk.AppLovinSdk, android.util.AttributeSet) (SourceFile:266)
09-24 12:36:50.455  6374  6374 I mobile.launche:   at void com.applovin.adview.AppLovinAdView.a(com.applovin.sdk.AppLovinAdSize, java.lang.String, com.applovin.sdk.AppLovinSdk, android.content.Context, android.util.AttributeSet) (SourceFile:319)
09-24 12:36:50.455  6374  6374 I mobile.launche:   at void com.applovin.adview.AppLovinAdView.<init>(com.applovin.sdk.AppLovinSdk, com.applovin.sdk.AppLovinAdSize, java.lang.String, android.content.Context) (SourceFile:85)
09-24 12:36:50.455  6374  6374 I mobile.launche:   at void com.applovin.adview.AppLovinAdView.<init>(com.applovin.sdk.AppLovinSdk, com.applovin.sdk.AppLovinAdSize, android.content.Context) (SourceFile:70)
09-24 12:36:50.455  6374  6374 I mobile.launche:   at void com.applovin.mediation.adapters.AppLovinAdapterAdViewListener.lambda$adReceived$0$com-applovin-mediation-adapters-AppLovinAdapterAdViewListener(com.applovin.sdk.AppLovinAd) (SourceFile:41)
09-24 12:36:50.455  6374  6374 I mobile.launche:   at void com.applovin.mediation.adapters.AppLovinAdapterAdViewListener$$ExternalSyntheticLambda0.run() (D8$$SyntheticClass:0)
09-24 12:36:50.455  6374  6374 I mobile.launche:   at void com.applovin.sdk.AppLovinSdkUtils.runOnUiThread(boolean, java.lang.Runnable) (SourceFile:238)
09-24 12:36:50.455  6374  6374 I mobile.launche:   at void com.applovin.sdk.AppLovinSdkUtils.runOnUiThread(java.lang.Runnable) (SourceFile:228)
09-24 12:36:50.455  6374  6374 I mobile.launche:   at void com.applovin.mediation.adapters.AppLovinAdapterAdViewListener.adReceived(com.applovin.sdk.AppLovinAd) (SourceFile:38)
09-24 12:36:50.455  6374  6374 I mobile.launche:   at void com.applovin.impl.sdk.e.r.adReceived(com.applovin.sdk.AppLovinAd) (SourceFile:117)
09-24 12:36:50.455  6374  6374 I mobile.launche:   at void com.applovin.impl.sdk.e.f.Kp() (SourceFile:713)
09-24 12:36:50.455  6374  6374 I mobile.launche:   at void com.applovin.impl.sdk.e.f.$r8$lambda$GpoP4Gh4BBV0P60QK9dbMEchMHk(com.applovin.impl.sdk.e.f) (SourceFile:-1)
09-24 12:36:50.455  6374  6374 I mobile.launche:   at void com.applovin.impl.sdk.e.f$$ExternalSyntheticLambda0.run() (D8$$SyntheticClass:0)
09-24 12:36:50.455  6374  6374 I mobile.launche:   at void android.os.Handler.handleCallback(android.os.Message) (Handler.java:873)
09-24 12:36:50.455  6374  6374 I mobile.launche:   at void android.os.Handler.dispatchMessage(android.os.Message) (Handler.java:99)
09-24 12:36:50.455  6374  6520 D HostConnection: HostComposition ext ANDROID_EMU_vulkan ANDROID_EMU_deferred_vulkan_commands ANDROID_EMU_vulkan_create_resources_with_requirements ANDROID_EMU_vulkan_shader_float16_int8 ANDROID_EMU_vulkan_async_queue_submit ANDROID_EMU_vulkan_queue_submit_with_commands ANDROID_EMU_vulkan_batched_descriptor_set_update ANDROID_EMU_vulkan_enabled ANDROID_EMU_vulkan_initialized GL_OES_EGL_image_external_essl3 GL_OES_vertex_array_object GL_OVR_multiview2 GL_OES_sample_shading GL_OES_shader_multisample_interpolation GL_OES_texture_stencil8 GL_EXT_texture_norm16 GL_OES_surfaceless_context GL_EXT_read_format_bgra GL_KHR_blend_equation_advanced GL_KHR_blend_equation_advanced_coherent GL_EXT_copy_image GL_EXT_texture_buffer GL_EXT_texture_buffer_half_float GL_OES_texture_storage_multisample_2d_array GL_OES_sample_variables GL_OES_shader_image_atomic GL_EXT_primitive_bounding_box GL_EXT_geometry_shader GL_EXT_geometry_point_size GL_EXT_tessellation_shader GL_EXT_tessellation_point_size GL_EXT_shader_io_blocks GL_ANDROID_extension_pack_
09-24 12:36:50.455  6374  6374 I mobile.launche:   at void android.os.Looper.loop() (Looper.java:193)
09-24 12:36:50.455  6374  6374 I mobile.launche:   at void android.app.ActivityThread.main(java.lang.String[]) (ActivityThread.java:6846)
09-24 12:36:50.455  6374  6374 I mobile.launche:   at java.lang.Object java.lang.reflect.Method.invoke(java.lang.Object, java.lang.Object[]) (Method.java:-2)
09-24 12:36:50.455  6374  6374 I mobile.launche:   at void com.android.internal.os.RuntimeInit$MethodAndArgsCaller.run() (RuntimeInit.java:518)
09-24 12:36:50.455  6374  6374 I mobile.launche:   at void com.android.internal.os.ZygoteInit.main(java.lang.String[]) (ZygoteInit.java:858)
09-24 12:36:50.455  6374  6374 I mobile.launche: Caused by: java.lang.ClassNotFoundException: Didn't find class "androidx.window.extensions.core.util.function.Consumer" on path: DexPathList[[zip file "/data/downloads/com.android.chrome/base.apk"],nativeLibraryDirectories=[/data/downloads/com.android.chrome/lib/x86_64, /data/downloads/com.android.chrome/base.apk!/lib/x86_64, /system/lib64, /system/vendor/lib64, /system/lib64, /system/vendor/lib64]]
09-24 12:36:50.455  6374  6374 I mobile.launche:   at java.lang.Class dalvik.system.BaseDexClassLoader.findClass(java.lang.String) (BaseDexClassLoader.java:134)
09-24 12:36:50.455  6374  6374 I mobile.launche:   at java.lang.Class java.lang.ClassLoader.loadClass(java.lang.String, boolean) (ClassLoader.java:379)
09-24 12:36:50.455  6374  6374 I mobile.launche:   at java.lang.Class java.lang.ClassLoader.loadClass(java.lang.String) (ClassLoader.java:312)
09-24 12:36:50.455  6374  6374 I mobile.launche:   at java.lang.Object J.N._O_ZZZZZZIIIIJJJOOOOOOOOOO(int, boolean, boolean, boolean, boolean, boolean, boolean, int, int, int, int, long, long, long, java.lang.Object, java.lang.Object, java.lang.Object, java.lang.Object, java.lang.Object, java.lang.Object, java.lang.Object, java.lang.Object, java.lang.Object, java.lang.Object) (chromium-Monochrome.aab-stable-666807027:-2)
09-24 12:36:50.455  6374  6374 I mobile.launche:   at org.chromium.content_public.browser.NavigationHandle org.chromium.content.browser.framehost.NavigationControllerImpl.j(org.chromium.content_public.browser.LoadUrlParams) (chromium-Monochrome.aab-stable-666807027:179)
09-24 12:36:50.455  6374  6374 I mobile.launche:   at void org.chromium.android_webview.AwContents.u(org.chromium.content_public.browser.LoadUrlParams) (chromium-Monochrome.aab-stable-666807027:313)
09-24 12:36:50.455  6374  6374 I mobile.launche:   at void org.chromium.android_webview.AwContents.s(java.lang.String, java.lang.String, java.lang.String, java.lang.String, java.lang.String) (chromium-Monochrome.aab-stable-666807027:137)
09-24 12:36:50.455  6374  6374 I mobile.launche:   at void com.android.webview.chromium.WebViewChromium.e(java.lang.String, java.lang.String, java.lang.String, java.lang.String, java.lang.String) (chromium-Monochrome.aab-stable-666807027:24)
09-24 12:36:50.455  6374  6374 I mobile.launche:   at void com.android.webview.chromium.WebViewChromium.loadDataWithBaseURL(java.lang.String, java.lang.String, java.lang.String, java.lang.String, java.lang.String) (chromium-Monochrome.aab-stable-666807027:33)
09-24 12:36:50.455  6374  6374 I mobile.launche:   at void android.webkit.WebView.loadDataWithBaseURL(java.lang.String, java.lang.String, java.lang.String, java.lang.String, java.lang.String) (WebView.java:1093)
09-24 12:36:50.455  6374  6374 I mobile.launche:   at void com.applovin.impl.adview.b.ri() (SourceFile:173)
09-24 12:36:50.455  6374  6374 I mobile.launche:   at void com.applovin.impl.adview.b.$r8$lambda$RbEWKY6mVbkIXLcxhb4R5h_zih0(com.applovin.impl.adview.b) (SourceFile:-1)
09-24 12:36:50.455  6374  6374 I mobile.launche:   at void com.applovin.impl.adview.b$$ExternalSyntheticLambda7.run() (D8$$SyntheticClass:0)
09-24 12:36:50.455  6374  6374 I mobile.launche:   at void com.applovin.sdk.AppLovinSdkUtils.runOnUiThread(boolean, java.lang.Runnable) (SourceFile:238)
09-24 12:36:50.455  6374  6374 I mobile.launche:   at void com.applovin.sdk.AppLovinSdkUtils.runOnUiThread(java.lang.Runnable) (SourceFile:228)
09-24 12:36:50.455  6374  6374 I mobile.launche:   at void com.applovin.impl.adview.b.runOnUiThread(java.lang.Runnable) (SourceFile:810)
09-24 12:36:50.455  6374  6374 I mobile.launche:   at void com.applovin.impl.adview.b.a(com.applovin.sdk.AppLovinAdSize) (SourceFile:173)
09-24 12:36:50.455  6374  6374 I mobile.launche:   at void com.applovin.impl.adview.b.a(com.applovin.adview.AppLovinAdView, com.applovin.impl.sdk.n, com.applovin.sdk.AppLovinAdSize, java.lang.String, android.content.Context) (SourceFile:139)
09-24 12:36:50.455  6374  6374 I mobile.launche:   at void com.applovin.impl.adview.b.a(com.applovin.adview.AppLovinAdView, android.content.Context, com.applovin.sdk.AppLovinAdSize, java.lang.String, com.applovin.sdk.AppLovinSdk, android.util.AttributeSet) (SourceFile:266)
09-24 12:36:50.455  6374  6374 I mobile.launche:   at void com.applovin.adview.AppLovinAdView.a(com.applovin.sdk.AppLovinAdSize, java.lang.String, com.applovin.sdk.AppLovinSdk, android.content.Context, android.util.AttributeSet) (SourceFile:319)
09-24 12:36:50.455  6374  6374 I mobile.launche:   at void com.applovin.adview.AppLovinAdView.<init>(com.applovin.sdk.AppLovinSdk, com.applovin.sdk.AppLovinAdSize, java.lang.String, android.content.Context) (SourceFile:85)
09-24 12:36:50.455  6374  6374 I mobile.launche:   at void com.applovin.adview.AppLovinAdView.<init>(com.applovin.sdk.AppLovinSdk, com.applovin.sdk.AppLovinAdSize, android.content.Context) (SourceFile:70)
09-24 12:36:50.455  6374  6374 I mobile.launche:   at void com.applovin.mediation.adapters.AppLovinAdapterAdViewListener.lambda$adReceived$0$com-applovin-mediation-adapters-AppLovinAdapterAdViewListener(com.applovin.sdk.AppLovinAd) (SourceFile:41)
09-24 12:36:50.455  6374  6374 I mobile.launche:   at void com.applovin.mediation.adapters.AppLovinAdapterAdViewListener$$ExternalSyntheticLambda0.run() (D8$$SyntheticClass:0)
09-24 12:36:50.455  6374  6374 I mobile.launche:   at void com.applovin.sdk.AppLovinSdkUtils.runOnUiThread(boolean, java.lang.Runnable) (SourceFile:238)
09-24 12:36:50.455  6374  6374 I mobile.launche:   at void com.applovin.sdk.AppLovinSdkUtils.runOnUiThread(java.lang.Runnable) (SourceFile:228)
09-24 12:36:50.455  6374  6374 I mobile.launche:   at void com.applovin.mediation.adapters.AppLovinAdapterAdViewListener.adReceived(com.applovin.sdk.AppLovinAd) (SourceFile:38)
09-24 12:36:50.455  6374  6374 I mobile.launche:   at void com.applovin.impl.sdk.e.r.adReceived(com.applovin.sdk.AppLovinAd) (SourceFile:117)
09-24 12:36:50.455  6374  6374 I mobile.launche:   at void com.applovin.impl.sdk.e.f.Kp() (SourceFile:713)
09-24 12:36:50.455  6374  6374 I mobile.launche:   at void com.applovin.impl.sdk.e.f.$r8$lambda$GpoP4Gh4BBV0P60QK9dbMEchMHk(com.applovin.impl.sdk.e.f) (SourceFile:-1)
09-24 12:36:50.455  6374  6374 I mobile.launche:   at void com.applovin.impl.sdk.e.f$$ExternalSyntheticLambda0.run() (D8$$SyntheticClass:0)
09-24 12:36:50.455  6374  6374 I mobile.launche:   at void android.os.Handler.handleCallback(android.os.Message) (Handler.java:873)
09-24 12:36:50.455  6374  6374 I mobile.launche:   at void android.os.Handler.dispatchMessage(android.os.Message) (Handler.java:99)
09-24 12:36:50.455  6374  6374 I mobile.launche:   at void android.os.Looper.loop() (Looper.java:193)
09-24 12:36:50.455  6374  6374 I mobile.launche:   at void android.app.ActivityThread.main(java.lang.String[]) (ActivityThread.java:6846)
09-24 12:36:50.455  6374  6374 I mobile.launche:   at java.lang.Object java.lang.reflect.Method.invoke(java.lang.Object, java.lang.Object[]) (Method.java:-2)
09-24 12:36:50.455  6374  6374 I mobile.launche:   at void com.android.internal.os.RuntimeInit$MethodAndArgsCaller.run() (RuntimeInit.java:518)
09-24 12:36:50.455  6374  6374 I mobile.launche:   at void com.android.internal.os.ZygoteInit.main(java.lang.String[]) (ZygoteInit.java:858)
09-24 12:36:50.455  6374  6374 I mobile.launche: 
09-24 12:36:50.455  6374  6374 I mobile.launche: Rejecting re-init on previously-failed class java.lang.Class<Ra5>: java.lang.NoClassDefFoundError: Failed resolution of: Landroidx/window/extensions/core/util/function/Consumer;
09-24 12:36:50.455  6374  6374 I mobile.launche:   at java.lang.Object J.N._O_ZZZZZZIIIIJJJOOOOOOOOOO(int, boolean, boolean, boolean, boolean, boolean, boolean, int, int, int, int, long, long, long, java.lang.Object, java.lang.Object, java.lang.Object, java.lang.Object, java.lang.Object, java.lang.Object, java.lang.Object, java.lang.Object, java.lang.Object, java.lang.Object) (chromium-Monochrome.aab-stable-666807027:-2)
09-24 12:36:50.455  6374  6374 I mobile.launche:   at org.chromium.content_public.browser.NavigationHandle org.chromium.content.browser.framehost.NavigationControllerImpl.j(org.chromium.content_public.browser.LoadUrlParams) (chromium-Monochrome.aab-stable-666807027:179)
09-24 12:36:50.455  6374  6374 I mobile.launche:   at void org.chromium.android_webview.AwContents.u(org.chromium.content_public.browser.LoadUrlParams) (chromium-Monochrome.aab-stable-666807027:313)
09-24 12:36:50.455  6374  6374 I mobile.launche:   at void org.chromium.android_webview.AwContents.s(java.lang.String, java.lang.String, java.lang.String, java.lang.String, java.lang.String) (chromium-Monochrome.aab-stable-666807027:137)
09-24 12:36:50.455  6374  6374 I mobile.launche:   at void com.android.webview.chromium.WebViewChromium.e(java.lang.String, java.lang.String, java.lang.String, java.lang.String, java.lang.String) (chromium-Monochrome.aab-stable-666807027:24)
09-24 12:36:50.455  6374  6374 I mobile.launche:   at void com.android.webview.chromium.WebViewChromium.loadDataWithBaseURL(java.lang.String, java.lang.String, java.lang.String, java.lang.String, java.lang.String) (chromium-Monochrome.aab-stable-666807027:33)
09-24 12:36:50.455  6374  6374 I mobile.launche:   at void android.webkit.WebView.loadDataWithBaseURL(java.lang.String, java.lang.String, java.lang.String, java.lang.String, java.lang.String) (WebView.java:1093)
09-24 12:36:50.455  6374  6374 I mobile.launche:   at void com.applovin.impl.adview.b.ri() (SourceFile:173)
09-24 12:36:50.455  6374  6374 I mobile.launche:   at void com.applovin.impl.adview.b.$r8$lambda$RbEWKY6mVbkIXLcxhb4R5h_zih0(com.applovin.impl.adview.b) (SourceFile:-1)
09-24 12:36:50.455  6374  6374 I mobile.launche:   at void com.applovin.impl.adview.b$$ExternalSyntheticLambda7.run() (D8$$SyntheticClass:0)
09-24 12:36:50.455  6374  6374 I mobile.launche:   at void com.applovin.sdk.AppLovinSdkUtils.runOnUiThread(boolean, java.lang.Runnable) (SourceFile:238)
09-24 12:36:50.455  6374  6374 I mobile.launche:   at void com.applovin.sdk.AppLovinSdkUtils.runOnUiThread(java.lang.Runnable) (SourceFile:228)
09-24 12:36:50.455  6374  6374 I mobile.launche:   at void com.applovin.impl.adview.b.runOnUiThread(java.lang.Runnable) (SourceFile:810)
09-24 12:36:50.455  6374  6374 I mobile.launche:   at void com.applovin.impl.adview.b.a(com.applovin.sdk.AppLovinAdSize) (SourceFile:173)
09-24 12:36:50.455  6374  6374 I mobile.launche:   at void com.applovin.impl.adview.b.a(com.applovin.adview.AppLovinAdView, com.applovin.impl.sdk.n, com.applovin.sdk.AppLovinAdSize, java.lang.String, android.content.Context) (SourceFile:139)
09-24 12:36:50.455  6374  6374 I mobile.launche:   at void com.applovin.impl.adview.b.a(com.applovin.adview.AppLovinAdView, android.content.Context, com.applovin.sdk.AppLovinAdSize, java.lang.String, com.applovin.sdk.AppLovinSdk, android.util.AttributeSet) (SourceFile:266)
09-24 12:36:50.455  6374  6374 I mobile.launche:   at void com.applovin.adview.AppLovinAdView.a(com.applovin.sdk.AppLovinAdSize, java.lang.String, com.applovin.sdk.AppLovinSdk, android.content.Context, android.util.AttributeSet) (SourceFile:319)
09-24 12:36:50.455  6374  6374 I mobile.launche:   at void com.applovin.adview.AppLovinAdView.<init>(com.applovin.sdk.AppLovinSdk, com.applovin.sdk.AppLovinAdSize, java.lang.String, android.content.Context) (SourceFile:85)
09-24 12:36:50.455  6374  6374 I mobile.launche:   at void com.applovin.adview.AppLovinAdView.<init>(com.applovin.sdk.AppLovinSdk, com.applovin.sdk.AppLovinAdSize, android.content.Context) (SourceFile:70)
09-24 12:36:50.455  6374  6374 I mobile.launche:   at void com.applovin.mediation.adapters.AppLovinAdapterAdViewListener.lambda$adReceived$0$com-applovin-mediation-adapters-AppLovinAdapterAdViewListener(com.applovin.sdk.AppLovinAd) (SourceFile:41)
09-24 12:36:50.455  6374  6374 I mobile.launche:   at void com.applovin.mediation.adapters.AppLovinAdapterAdViewListener$$ExternalSyntheticLambda0.run() (D8$$SyntheticClass:0)
09-24 12:36:50.455  6374  6374 I mobile.launche:   at void com.applovin.sdk.AppLovinSdkUtils.runOnUiThread(boolean, java.lang.Runnable) (SourceFile:238)
09-24 12:36:50.455  6374  6374 I mobile.launche:   at void com.applovin.sdk.AppLovinSdkUtils.runOnUiThread(java.lang.Runnable) (SourceFile:228)
09-24 12:36:50.455  6374  6374 I mobile.launche:   at void com.applovin.mediation.adapters.AppLovinAdapterAdViewListener.adReceived(com.applovin.sdk.AppLovinAd) (SourceFile:38)
09-24 12:36:50.455  6374  6374 I mobile.launche:   at void com.applovin.impl.sdk.e.r.adReceived(com.applovin.sdk.AppLovinAd) (SourceFile:117)
09-24 12:36:50.455  6374  6374 I mobile.launche:   at void com.applovin.impl.sdk.e.f.Kp() (SourceFile:713)
09-24 12:36:50.455  6374  6374 I mobile.launche:   at void com.applovin.impl.sdk.e.f.$r8$lambda$GpoP4Gh4BBV0P60QK9dbMEchMHk(com.applovin.impl.sdk.e.f) (SourceFile:-1)
09-24 12:36:50.455  6374  6374 I mobile.launche:   at void com.applovin.impl.sdk.e.f$$ExternalSyntheticLambda0.run() (D8$$SyntheticClass:0)
09-24 12:36:50.455  6374  6374 I mobile.launche:   at void android.os.Handler.handleCallback(android.os.Message) (Handler.java:873)
09-24 12:36:50.455  6374  6374 I mobile.launche:   at void android.os.Handler.dispatchMessage(android.os.Message) (Handler.java:99)
09-24 12:36:50.455  6374  6374 I mobile.launche:   at void android.os.Looper.loop() (Looper.java:193)
09-24 12:36:50.455  6374  6374 I mobile.launche:   at void android.app.ActivityThread.main(java.lang.String[]) (ActivityThread.java:6846)
09-24 12:36:50.455  6374  6374 I mobile.launche:   at java.lang.Object java.lang.reflect.Method.invoke(java.lang.Object, java.lang.Object[]) (Method.java:-2)
09-24 12:36:50.455  6374  6374 I mobile.launche:   at void com.android.internal.os.RuntimeInit$MethodAndArgsCaller.run() (RuntimeInit.java:518)
09-24 12:36:50.455  6374  6374 I mobile.launche:   at void com.android.internal.os.ZygoteInit.main(java.lang.String[]) (ZygoteInit.java:858)
09-24 12:36:50.455  6374  6374 I mobile.launche: Caused by: java.lang.ClassNotFoundException: Didn't find class "androidx.window.extensions.core.util.function.Consumer" on path: DexPathList[[zip file "/data/downloads/com.android.chrome/base.apk"],nativeLibraryDirectories=[/data/downloads/com.android.chrome/lib/x86_64, /data/downloads/com.android.chrome/base.apk!/lib/x86_64, /system/lib64, /system/vendor/lib64, /system/lib64, /system/vendor/lib64]]
09-24 12:36:50.455  6374  6374 I mobile.launche:   at java.lang.Class dalvik.system.BaseDexClassLoader.findClass(java.lang.String) (BaseDexClassLoader.java:134)
09-24 12:36:50.455  6374  6374 I mobile.launche:   at java.lang.Class java.lang.ClassLoader.loadClass(java.lang.String, boolean) (ClassLoader.java:379)
09-24 12:36:50.455  6374  6374 I mobile.launche:   at java.lang.Class java.lang.ClassLoader.loadClass(java.lang.String) (ClassLoader.java:312)
09-24 12:36:50.455  6374  6374 I mobile.launche:   at java.lang.Object J.N._O_ZZZZZZIIIIJJJOOOOOOOOOO(int, boolean, boolean, boolean, boolean, boolean, boolean, int, int, int, int, long, long, long, java.lang.Object, java.lang.Object, java.lang.Object, java.lang.Object, java.lang.Object, java.lang.Object, java.lang.Object, java.lang.Object, java.lang.Object, java.lang.Object) (chromium-Monochrome.aab-stable-666807027:-2)
09-24 12:36:50.455  6374  6374 I mobile.launche:   at org.chromium.content_public.browser.NavigationHandle org.chromium.content.browser.framehost.NavigationControllerImpl.j(org.chromium.content_public.browser.LoadUrlParams) (chromium-Monochrome.aab-stable-666807027:179)
09-24 12:36:50.455  6374  6374 I mobile.launche:   at void org.chromium.android_webview.AwContents.u(org.chromium.content_public.browser.LoadUrlParams) (chromium-Monochrome.aab-stable-666807027:313)
09-24 12:36:50.455  6374  6374 I mobile.launche:   at void org.chromium.android_webview.AwContents.s(java.lang.String, java.lang.String, java.lang.String, java.lang.String, java.lang.String) (chromium-Monochrome.aab-stable-666807027:137)
09-24 12:36:50.455  6374  6374 I mobile.launche:   at void com.android.webview.chromium.WebViewChromium.e(java.lang.String, java.lang.String, java.lang.String, java.lang.String, java.lang.String) (chromium-Monochrome.aab-stable-666807027:24)
09-24 12:36:50.455  6374  6374 I mobile.launche:   at void com.android.webview.chromium.WebViewChromium.loadDataWithBaseURL(java.lang.String, java.lang.String, java.lang.String, java.lang.String, java.lang.String) (chromium-Monochrome.aab-stable-666807027:33)
09-24 12:36:50.455  6374  6374 I mobile.launche:   at void android.webkit.WebView.loadDataWithBaseURL(java.lang.String, java.lang.String, java.lang.String, java.lang.String, java.lang.String) (WebView.java:1093)
09-24 12:36:50.455  6374  6374 I mobile.launche:   at void com.applovin.impl.adview.b.ri() (SourceFile:173)
09-24 12:36:50.455  6374  6374 I mobile.launche:   at void com.applovin.impl.adview.b.$r8$lambda$RbEWKY6mVbkIXLcxhb4R5h_zih0(com.applovin.impl.adview.b) (SourceFile:-1)
09-24 12:36:50.455  6374  6374 I mobile.launche:   at void com.applovin.impl.adview.b$$ExternalSyntheticLambda7.run() (D8$$SyntheticClass:0)
09-24 12:36:50.455  6374  6374 I mobile.launche:   at void com.applovin.sdk.AppLovinSdkUtils.runOnUiThread(boolean, java.lang.Runnable) (SourceFile:238)
09-24 12:36:50.455  6374  6374 I mobile.launche:   at void com.applovin.sdk.AppLovinSdkUtils.runOnUiThread(java.lang.Runnable) (SourceFile:228)
09-24 12:36:50.455  6374  6374 I mobile.launche:   at void com.applovin.impl.adview.b.runOnUiThread(java.lang.Runnable) (SourceFile:810)
09-24 12:36:50.455  6374  6374 I mobile.launche:   at void com.applovin.impl.adview.b.a(com.applovin.sdk.AppLovinAdSize) (SourceFile:173)
09-24 12:36:50.455  6374  6374 I mobile.launche:   at void com.applovin.impl.adview.b.a(com.applovin.adview.AppLovinAdView, com.applovin.impl.sdk.n, com.applovin.sdk.AppLovinAdSize, java.lang.String, android.content.Context) (SourceFile:139)
09-24 12:36:50.455  6374  6374 I mobile.launche:   at void com.applovin.impl.adview.b.a(com.applovin.adview.AppLovinAdView, android.content.Context, com.applovin.sdk.AppLovinAdSize, java.lang.String, com.applovin.sdk.AppLovinSdk, android.util.AttributeSet) (SourceFile:266)
09-24 12:36:50.455  6374  6374 I mobile.launche:   at void com.applovin.adview.AppLovinAdView.a(com.applovin.sdk.AppLovinAdSize, java.lang.String, com.applovin.sdk.AppLovinSdk, android.content.Context, android.util.AttributeSet) (SourceFile:319)
09-24 12:36:50.455  6374  6374 I mobile.launche:   at void com.applovin.adview.AppLovinAdView.<init>(com.applovin.sdk.AppLovinSdk, com.applovin.sdk.AppLovinAdSize, java.lang.String, android.content.Context) (SourceFile:85)
09-24 12:36:50.455  6374  6374 I mobile.launche:   at void com.applovin.adview.AppLovinAdView.<init>(com.applovin.sdk.AppLovinSdk, com.applovin.sdk.AppLovinAdSize, android.content.Context) (SourceFile:70)
09-24 12:36:50.455  6374  6374 I mobile.launche:   at void com.applovin.mediation.adapters.AppLovinAdapterAdViewListener.lambda$adReceived$0$com-applovin-mediation-adapters-AppLovinAdapterAdViewListener(com.applovin.sdk.AppLovinAd) (SourceFile:41)
09-24 12:36:50.455  6374  6374 I mobile.launche:   at void com.applovin.mediation.adapters.AppLovinAdapterAdViewListener$$ExternalSyntheticLambda0.run() (D8$$SyntheticClass:0)
09-24 12:36:50.455  6374  6374 I mobile.launche:   at void com.applovin.sdk.AppLovinSdkUtils.runOnUiThread(boolean, java.lang.Runnable) (SourceFile:238)
09-24 12:36:50.455  6374  6374 I mobile.launche:   at void com.applovin.sdk.AppLovinSdkUtils.runOnUiThread(java.lang.Runnable) (SourceFile:228)
09-24 12:36:50.455  6374  6374 I mobile.launche:   at void com.applovin.mediation.adapters.AppLovinAdapterAdViewListener.adReceived(com.applovin.sdk.AppLovinAd) (SourceFile:38)
09-24 12:36:50.455  6374  6374 I mobile.launche:   at void com.applovin.impl.sdk.e.r.adReceived(com.applovin.sdk.AppLovinAd) (SourceFile:117)
09-24 12:36:50.455  6374  6374 I mobile.launche:   at void com.applovin.impl.sdk.e.f.Kp() (SourceFile:713)
09-24 12:36:50.455  6374  6374 I mobile.launche:   at void com.applovin.impl.sdk.e.f.$r8$lambda$GpoP4Gh4BBV0P60QK9dbMEchMHk(com.applovin.impl.sdk.e.f) (SourceFile:-1)
09-24 12:36:50.455  6374  6374 I mobile.launche:   at void com.applovin.impl.sdk.e.f$$ExternalSyntheticLambda0.run() (D8$$SyntheticClass:0)
09-24 12:36:50.455  6374  6374 I mobile.launche:   at void android.os.Handler.handleCallback(android.os.Message) (Handler.java:873)
09-24 12:36:50.455  6374  6374 I mobile.launche:   at void android.os.Handler.dispatchMessage(android.os.Message) (Handler.java:99)
09-24 12:36:50.455  6374  6374 I mobile.launche:   at void android.os.Looper.loop() (Looper.java:193)
09-24 12:36:50.455  6374  6374 I mobile.launche:   at void android.app.ActivityThread.main(java.lang.String[]) (ActivityThread.java:6846)
09-24 12:36:50.455  6374  6374 I mobile.launche:   at java.lang.Object java.lang.reflect.Method.invoke(java.lang.Object, java.lang.Object[]) (Method.java:-2)
09-24 12:36:50.455  6374  6374 I mobile.launche:   at void com.android.internal.os.RuntimeInit$MethodAndArgsCaller.run() (RuntimeInit.java:518)
09-24 12:36:50.455  6374  6374 I mobile.launche:   at void com.android.internal.os.ZygoteInit.main(java.lang.String[]) (ZygoteInit.java:858)
09-24 12:36:50.455  6374  6374 I mobile.launche: 
09-24 12:36:50.468  6374  6520 D EGL_emulation: eglCreateContext: 0x7213f1bcf600: maj 3 min 2 rcv 5
09-24 12:36:50.469  6374  6520 D EGL_emulation: eglMakeCurrent: 0x7213f1bcf600: ver 3 2 (tinfo 0x7213f6e111a0)
09-24 12:36:50.470  6374  6520 I AGA     : The gl query need cache 0
09-24 12:36:50.470  6374  6520 D EGL_emulation: eglMakeCurrent: 0x7213f1bcf600: ver 3 2 (tinfo 0x7213f6e111a0) (first time)
09-24 12:36:50.471  6374  6520 E eglCodecCommon: glUtilsParamSize: unknow param 0x000082da
09-24 12:36:50.471  6374  6520 E eglCodecCommon: glUtilsParamSize: unknow param 0x000082da
09-24 12:36:50.471  6374  6520 E eglCodecCommon: glUtilsParamSize: unknow param 0x000082e5
09-24 12:36:50.471  6374  6520 E eglCodecCommon: glUtilsParamSize: unknow param 0x000082e5
09-24 12:36:50.484  6374  6520 W chromium: [WARNING:viz_main_impl.cc(85)] VizNullHypothesis is disabled (not a warning)
09-24 12:36:50.490  6374  6374 E unknown:ReactModalHost: Creating new dialog from context: ro.alynsampmobile.launcher.MainActivity@c50158f@206574991
09-24 12:36:50.490  6374  6513 W AudioCapabilities: Unsupported mime audio/x-ape
09-24 12:36:50.491  6374  6513 W AudioCapabilities: Unsupported mime audio/dts
09-24 12:36:50.492  6374  6374 D View    : setSystemUiVisibility - uid=10074
09-24 12:36:50.493  6374  6513 W AudioCapabilities: Unsupported mime audio/mpeg-L2
09-24 12:36:50.494  6374  6513 W AudioCapabilities: Unsupported mime audio/vnd.rn-realaudio
09-24 12:36:50.494  6374  6513 W AudioCapabilities: Unsupported mime audio/ffmpeg
09-24 12:36:50.495  6374  6513 W AudioCapabilities: Unsupported mime audio/x-ms-wma
09-24 12:36:50.501  6374  6513 W VideoCapabilities: Unsupported mime video/divx
09-24 12:36:50.501  6374  6513 W VideoCapabilities: Unsupported mime video/x-flv
09-24 12:36:50.503  6374  6513 W VideoCapabilities: Unrecognized profile 4 for video/hevc
09-24 12:36:50.504  6374  6520 D EGL_emulation: eglCreateContext: 0x7213f1bd0200: maj 3 min 0 rcv 3
09-24 12:36:50.505  6374  6513 W VideoCapabilities: Unsupported mime video/vnd.rn-realvideo
09-24 12:36:50.505  6374  6513 W VideoCapabilities: Unsupported mime video/ffmpeg
09-24 12:36:50.506  6374  6513 W VideoCapabilities: Unsupported mime video/vc1
09-24 12:36:50.508  6374  6520 D EGL_emulation: eglMakeCurrent: 0x7213f1bd0200: ver 3 0 (tinfo 0x7213f6e111a0)
09-24 12:36:50.508  6374  6513 W VideoCapabilities: Unsupported mime video/x-ms-wmv
09-24 12:36:50.509  6374  6428 E EGL_emulation: tid 6428: eglSurfaceAttrib(1774): error 0x3009 (EGL_BAD_MATCH)
09-24 12:36:50.509  6374  6428 W OpenGLRenderer: Failed to set EGL_SWAP_BEHAVIOR on surface 0x7213f1ae4280, error=EGL_BAD_MATCH
09-24 12:36:50.509  6374  6513 I VideoCapabilities: Unsupported profile 4 for video/mp4v-es
09-24 12:36:50.514  6374  6520 E eglCodecCommon: glUtilsParamSize: unknow param 0x000088ef
09-24 12:36:50.514  6374  6520 E eglCodecCommon: glUtilsParamSize: unknow param 0x000088ef
09-24 12:36:50.515  6374  6520 D emuglGLESv2_enc: GL ro.alynsampmobile.launcher ViewportNeedFlush 0
09-24 12:36:50.517  6374  6520 D emuglGLESv2_enc: check GLPB with pkg[ro.alynsampmobile.launcher] with res1[1]
09-24 12:36:50.518  6374  6520 D emuglGLESv2_enc: check isUnreal5App with pkg[ro.alynsampmobile.launcher] with res2[0]
09-24 12:36:50.518  6374  6520 D emuglGLESv2_enc: check isUE5PBDisabled with pkg[ro.alynsampmobile.launcher] with res3[0]
09-24 12:36:50.518  6374  6520 E emuglGLESv2_enc: ../ggl/goldfish-opengl-pie/system/GLESv2_enc/GL2Encoder.cpp:s_glGetInternalformativ:6304 GL error 0x500 condition [!GLESv2Validation::unsizedFormat(internalformat) && !GLESv2Validation::colorRenderableFormat(ctx, internalformat) && !GLESv2Validation::depthRenderableFormat(ctx, internalformat) && !GLESv2Validation::stencilRenderableFormat(ctx, internalformat)]
09-24 12:36:50.518  6374  6520 I chatty  : uid=10074(ro.alynsampmobile.launcher) Chrome_InProcGp identical 1 line
09-24 12:36:50.518  6374  6520 E emuglGLESv2_enc: ../ggl/goldfish-opengl-pie/system/GLESv2_enc/GL2Encoder.cpp:s_glGetInternalformativ:6304 GL error 0x500 condition [!GLESv2Validation::unsizedFormat(internalformat) && !GLESv2Validation::colorRenderableFormat(ctx, internalformat) && !GLESv2Validation::depthRenderableFormat(ctx, internalformat) && !GLESv2Validation::stencilRenderableFormat(ctx, internalformat)]
09-24 12:36:50.526  6374  6374 E chromium: [ERROR:aw_browser_terminator.cc(166)] Renderer process (6485) crash detected (code -1).
09-24 12:36:50.529  6374  6374 E unknown:ReactModalHost: Updating existing dialog with context: ro.alynsampmobile.launcher.MainActivity@c50158f@206574991
09-24 12:36:50.531  6374  6428 D EGL_emulation: eglMakeCurrent: 0x72141ca68000: ver 3 2 (tinfo 0x7213fb486640)
09-24 12:36:50.540  6374  6428 I chatty  : uid=10074(ro.alynsampmobile.launcher) RenderThread identical 2 lines
09-24 12:36:50.556  6374  6428 D EGL_emulation: eglMakeCurrent: 0x72141ca68000: ver 3 2 (tinfo 0x7213fb486640)
09-24 12:36:51.623  6374  6428 D EGL_emulation: eglMakeCurrent: 0x72141ca68000: ver 3 2 (tinfo 0x7213fb486640)
09-24 12:36:51.703  6374  6421 I ReactNativeJS: [HomeScreen] Loading interstitial ad before game update...
09-24 12:36:51.706  6374  6428 D EGL_emulation: eglMakeCurrent: 0x72141ca68000: ver 3 2 (tinfo 0x7213fb486640)
09-24 12:36:51.711  6374  6428 D EGL_emulation: eglMakeCurrent: 0x72141ca68000: ver 3 2 (tinfo 0x7213fb486640)
09-24 12:36:51.712  6374  6374 D AppLovinSdk: [MaxInterstitialAd] Created new MaxInterstitialAd (MaxInterstitialAd{adUnitId='7ffffacd7ad27a3b', adListener=null, revenueListener=null, requestListenernull, adReviewListenernull, isReady=false})
09-24 12:36:52.923  6374  6374 I AdsModule: Interstitial ad loaded
09-24 12:36:52.924  6374  6421 I ReactNativeJS: [AdsService] Ad loading started
09-24 12:36:52.924  6374  6374 W Settings: Setting always_finish_activities has moved from android.provider.Settings.System to android.provider.Settings.Global, returning read-only value.
09-24 12:36:52.925  6374  6421 I ReactNativeJS: [AdsService] Ad shown successfully
09-24 12:36:52.941  6374  6421 I ReactNativeJS: Starting game APK update with NATIVE downloader...
09-24 12:36:52.941  6374  6421 I ReactNativeJS: 'Update status changed:', 'downloadGame'
09-24 12:36:52.956  6374  6421 I ReactNativeJS: Hiding checking modal (other status)
09-24 12:36:52.958  6374  6421 I ReactNativeJS: Downloading APK to: /storage/emulated/0/Android/data/ro.alynsampmobile.launcher/files/alyn_sampmobile-20.7.8-c11386bd649a.apk
09-24 12:36:52.959  6374  6374 E unknown:ReactModalHost: Creating new dialog from context: ro.alynsampmobile.launcher.MainActivity@c50158f@206574991
09-24 12:36:52.959  6374  6421 I ReactNativeJS: Foreground service started
09-24 12:36:52.959  6374  6421 I ReactNativeJS: Background keep-alive started (aggressive mode)
09-24 12:36:52.959  6374  6421 I ReactNativeJS: APK download started in native code - will continue in background!
09-24 12:36:52.962  6374  6374 D View    : setSystemUiVisibility - uid=10074
09-24 12:36:52.964  6374  6422 I NativeDownloadManager: Starting download with PRDownloader: alyn_sampmobile-20.7.8-c11386bd649a.apk
09-24 12:36:52.964  6374  6422 I NativeDownloadManager: URL: https://alynsampmobile.pro/api/game/alyn_sampmobile-20.7.8-c11386bd649a.apk
09-24 12:36:52.964  6374  6422 I NativeDownloadManager: Destination: /storage/emulated/0/Android/data/ro.alynsampmobile.launcher/files/alyn_sampmobile-20.7.8-c11386bd649a.apk
09-24 12:36:52.973  6374  6374 E unknown:ReactModalHost: Updating existing dialog with context: ro.alynsampmobile.launcher.MainActivity@c50158f@206574991
09-24 12:36:52.973  6374  6428 E EGL_emulation: tid 6428: eglSurfaceAttrib(1774): error 0x3009 (EGL_BAD_MATCH)
09-24 12:36:52.973  6374  6428 W OpenGLRenderer: Failed to set EGL_SWAP_BEHAVIOR on surface 0x7213f1cbe200, error=EGL_BAD_MATCH
09-24 12:36:52.974  6374  6374 I DownloadForegroundService: Service created
09-24 12:36:52.975  6374  6374 I DownloadForegroundService: WakeLock acquired (indefinite)
09-24 12:36:52.978  6374  6374 I DownloadForegroundService: WifiLock acquired (high performance mode)
09-24 12:36:52.978  6374  6374 I DownloadForegroundService: Notification receiver registered
09-24 12:36:52.978  6374  6374 I DownloadForegroundService: Service started
09-24 12:36:52.984  6374  6428 D EGL_emulation: eglMakeCurrent: 0x72141ca68000: ver 3 2 (tinfo 0x7213fb486640)
09-24 12:36:52.988  6374  6428 I chatty  : uid=10074(ro.alynsampmobile.launcher) RenderThread identical 1 line
09-24 12:36:52.989  6374  6428 D EGL_emulation: eglMakeCurrent: 0x72141ca68000: ver 3 2 (tinfo 0x7213fb486640)
09-24 12:36:53.126  6374  6374 I mobile.launche: Rejecting re-init on previously-failed class java.lang.Class<com.applovin.adview.AppLovinFullscreenActivity$a>: java.lang.NoClassDefFoundError: Failed resolution of: Landroid/window/OnBackInvokedCallback;
09-24 12:36:53.126  6374  6374 I mobile.launche:   at void com.applovin.impl.adview.q.t(android.content.Context) (SourceFile:414)
09-24 12:36:53.126  6374  6374 I mobile.launche:   at void com.applovin.impl.adview.q.u(android.content.Context) (SourceFile:291)
09-24 12:36:53.126  6374  6374 I mobile.launche:   at void com.applovin.impl.adview.q.$r8$lambda$oX5fMKHcBBSG3EeUug4r3xxT9lk(com.applovin.impl.adview.q, android.content.Context) (SourceFile:-1)
09-24 12:36:53.126  6374  6374 I mobile.launche:   at void com.applovin.impl.adview.q$$ExternalSyntheticLambda0.run() (D8$$SyntheticClass:0)
09-24 12:36:53.126  6374  6374 I mobile.launche:   at void android.os.Handler.handleCallback(android.os.Message) (Handler.java:873)
09-24 12:36:53.126  6374  6374 I mobile.launche:   at void android.os.Handler.dispatchMessage(android.os.Message) (Handler.java:99)
09-24 12:36:53.126  6374  6374 I mobile.launche:   at void android.os.Looper.loop() (Looper.java:193)
09-24 12:36:53.126  6374  6374 I mobile.launche:   at void android.app.ActivityThread.main(java.lang.String[]) (ActivityThread.java:6846)
09-24 12:36:53.126  6374  6374 I mobile.launche:   at java.lang.Object java.lang.reflect.Method.invoke(java.lang.Object, java.lang.Object[]) (Method.java:-2)
09-24 12:36:53.126  6374  6374 I mobile.launche:   at void com.android.internal.os.RuntimeInit$MethodAndArgsCaller.run() (RuntimeInit.java:518)
09-24 12:36:53.126  6374  6374 I mobile.launche:   at void com.android.internal.os.ZygoteInit.main(java.lang.String[]) (ZygoteInit.java:858)
09-24 12:36:53.126  6374  6374 I mobile.launche: Caused by: java.lang.ClassNotFoundException: Didn't find class "android.window.OnBackInvokedCallback" on path: DexPathList[[zip file "/data/app/ro.alynsampmobile.launcher-1TqSFmeB_he3M2BYdMSYfQ==/base.apk"],nativeLibraryDirectories=[/data/app/ro.alynsampmobile.launcher-1TqSFmeB_he3M2BYdMSYfQ==/lib/arm64, /data/app/ro.alynsampmobile.launcher-1TqSFmeB_he3M2BYdMSYfQ==/base.apk!/lib/arm64-v8a, /system/lib64, /system/vendor/lib64]]
09-24 12:36:53.126  6374  6374 I mobile.launche:   at java.lang.Class dalvik.system.BaseDexClassLoader.findClass(java.lang.String) (BaseDexClassLoader.java:134)
09-24 12:36:53.126  6374  6374 I mobile.launche:   at java.lang.Class java.lang.ClassLoader.loadClass(java.lang.String, boolean) (ClassLoader.java:379)
09-24 12:36:53.126  6374  6374 I mobile.launche:   at java.lang.Class java.lang.ClassLoader.loadClass(java.lang.String) (ClassLoader.java:312)
09-24 12:36:53.126  6374  6374 I mobile.launche:   at void com.applovin.impl.adview.q.t(android.content.Context) (SourceFile:414)
09-24 12:36:53.126  6374  6374 I mobile.launche:   at void com.applovin.impl.adview.q.u(android.content.Context) (SourceFile:291)
09-24 12:36:53.126  6374  6374 I mobile.launche:   at void com.applovin.impl.adview.q.$r8$lambda$oX5fMKHcBBSG3EeUug4r3xxT9lk(com.applovin.impl.adview.q, android.content.Context) (SourceFile:-1)
09-24 12:36:53.126  6374  6374 I mobile.launche:   at void com.applovin.impl.adview.q$$ExternalSyntheticLambda0.run() (D8$$SyntheticClass:0)
09-24 12:36:53.126  6374  6374 I mobile.launche:   at void android.os.Handler.handleCallback(android.os.Message) (Handler.java:873)
09-24 12:36:53.126  6374  6374 I mobile.launche:   at void android.os.Handler.dispatchMessage(android.os.Message) (Handler.java:99)
09-24 12:36:53.126  6374  6374 I mobile.launche:   at void android.os.Looper.loop() (Looper.java:193)
09-24 12:36:53.126  6374  6374 I mobile.launche:   at void android.app.ActivityThread.main(java.lang.String[]) (ActivityThread.java:6846)
09-24 12:36:53.126  6374  6374 I mobile.launche:   at java.lang.Object java.lang.reflect.Method.invoke(java.lang.Object, java.lang.Object[]) (Method.java:-2)
09-24 12:36:53.126  6374  6374 I mobile.launche:   at void com.android.internal.os.RuntimeInit$MethodAndArgsCaller.run() (RuntimeInit.java:518)
09-24 12:36:53.126  6374  6374 I mobile.launche:   at void com.android.internal.os.ZygoteInit.main(java.lang.String[]) (ZygoteInit.java:858)
09-24 12:36:53.126  6374  6374 I mobile.launche: 
09-24 12:36:53.126  6374  6374 I mobile.launche: Rejecting re-init on previously-failed class java.lang.Class<com.applovin.adview.AppLovinFullscreenActivity$a>: java.lang.NoClassDefFoundError: Failed resolution of: Landroid/window/OnBackInvokedCallback;
09-24 12:36:53.126  6374  6374 I mobile.launche:   at void com.applovin.impl.adview.q.t(android.content.Context) (SourceFile:414)
09-24 12:36:53.126  6374  6374 I mobile.launche:   at void com.applovin.impl.adview.q.u(android.content.Context) (SourceFile:291)
09-24 12:36:53.126  6374  6374 I mobile.launche:   at void com.applovin.impl.adview.q.$r8$lambda$oX5fMKHcBBSG3EeUug4r3xxT9lk(com.applovin.impl.adview.q, android.content.Context) (SourceFile:-1)
09-24 12:36:53.126  6374  6374 I mobile.launche:   at void com.applovin.impl.adview.q$$ExternalSyntheticLambda0.run() (D8$$SyntheticClass:0)
09-24 12:36:53.126  6374  6374 I mobile.launche:   at void android.os.Handler.handleCallback(android.os.Message) (Handler.java:873)
09-24 12:36:53.126  6374  6374 I mobile.launche:   at void android.os.Handler.dispatchMessage(android.os.Message) (Handler.java:99)
09-24 12:36:53.126  6374  6374 I mobile.launche:   at void android.os.Looper.loop() (Looper.java:193)
09-24 12:36:53.126  6374  6374 I mobile.launche:   at void android.app.ActivityThread.main(java.lang.String[]) (ActivityThread.java:6846)
09-24 12:36:53.126  6374  6374 I mobile.launche:   at java.lang.Object java.lang.reflect.Method.invoke(java.lang.Object, java.lang.Object[]) (Method.java:-2)
09-24 12:36:53.126  6374  6374 I mobile.launche:   at void com.android.internal.os.RuntimeInit$MethodAndArgsCaller.run() (RuntimeInit.java:518)
09-24 12:36:53.126  6374  6374 I mobile.launche:   at void com.android.internal.os.ZygoteInit.main(java.lang.String[]) (ZygoteInit.java:858)
09-24 12:36:53.126  6374  6374 I mobile.launche: Caused by: java.lang.ClassNotFoundException: Didn't find class "android.window.OnBackInvokedCallback" on path: DexPathList[[zip file "/data/app/ro.alynsampmobile.launcher-1TqSFmeB_he3M2BYdMSYfQ==/base.apk"],nativeLibraryDirectories=[/data/app/ro.alynsampmobile.launcher-1TqSFmeB_he3M2BYdMSYfQ==/lib/arm64, /data/app/ro.alynsampmobile.launcher-1TqSFmeB_he3M2BYdMSYfQ==/base.apk!/lib/arm64-v8a, /system/lib64, /system/vendor/lib64]]
09-24 12:36:53.126  6374  6374 I mobile.launche:   at java.lang.Class dalvik.system.BaseDexClassLoader.findClass(java.lang.String) (BaseDexClassLoader.java:134)
09-24 12:36:53.126  6374  6374 I mobile.launche:   at java.lang.Class java.lang.ClassLoader.loadClass(java.lang.String, boolean) (ClassLoader.java:379)
09-24 12:36:53.126  6374  6374 I mobile.launche:   at java.lang.Class java.lang.ClassLoader.loadClass(java.lang.String) (ClassLoader.java:312)
09-24 12:36:53.126  6374  6374 I mobile.launche:   at void com.applovin.impl.adview.q.t(android.content.Context) (SourceFile:414)
09-24 12:36:53.126  6374  6374 I mobile.launche:   at void com.applovin.impl.adview.q.u(android.content.Context) (SourceFile:291)
09-24 12:36:53.126  6374  6374 I mobile.launche:   at void com.applovin.impl.adview.q.$r8$lambda$oX5fMKHcBBSG3EeUug4r3xxT9lk(com.applovin.impl.adview.q, android.content.Context) (SourceFile:-1)
09-24 12:36:53.126  6374  6374 I mobile.launche:   at void com.applovin.impl.adview.q$$ExternalSyntheticLambda0.run() (D8$$SyntheticClass:0)
09-24 12:36:53.126  6374  6374 I mobile.launche:   at void android.os.Handler.handleCallback(android.os.Message) (Handler.java:873)
09-24 12:36:53.126  6374  6374 I mobile.launche:   at void android.os.Handler.dispatchMessage(android.os.Message) (Handler.java:99)
09-24 12:36:53.126  6374  6374 I mobile.launche:   at void android.os.Looper.loop() (Looper.java:193)
09-24 12:36:53.126  6374  6374 I mobile.launche:   at void android.app.ActivityThread.main(java.lang.String[]) (ActivityThread.java:6846)
09-24 12:36:53.126  6374  6374 I mobile.launche:   at java.lang.Object java.lang.reflect.Method.invoke(java.lang.Object, java.lang.Object[]) (Method.java:-2)
09-24 12:36:53.126  6374  6374 I mobile.launche:   at void com.android.internal.os.RuntimeInit$MethodAndArgsCaller.run() (RuntimeInit.java:518)
09-24 12:36:53.126  6374  6374 I mobile.launche:   at void com.android.internal.os.ZygoteInit.main(java.lang.String[]) (ZygoteInit.java:858)
09-24 12:36:53.126  6374  6374 I mobile.launche: 
09-24 12:36:53.126  6374  6374 I mobile.launche: Rejecting re-init on previously-failed class java.lang.Class<com.applovin.adview.AppLovinFullscreenActivity$a>: java.lang.NoClassDefFoundError: Failed resolution of: Landroid/window/OnBackInvokedCallback;
09-24 12:36:53.126  6374  6374 I mobile.launche:   at void com.applovin.impl.adview.q.t(android.content.Context) (SourceFile:414)
09-24 12:36:53.126  6374  6374 I mobile.launche:   at void com.applovin.impl.adview.q.u(android.content.Context) (SourceFile:291)
09-24 12:36:53.126  6374  6374 I mobile.launche:   at void com.applovin.impl.adview.q.$r8$lambda$oX5fMKHcBBSG3EeUug4r3xxT9lk(com.applovin.impl.adview.q, android.content.Context) (SourceFile:-1)
09-24 12:36:53.126  6374  6374 I mobile.launche:   at void com.applovin.impl.adview.q$$ExternalSyntheticLambda0.run() (D8$$SyntheticClass:0)
09-24 12:36:53.126  6374  6374 I mobile.launche:   at void android.os.Handler.handleCallback(android.os.Message) (Handler.java:873)
09-24 12:36:53.126  6374  6374 I mobile.launche:   at void android.os.Handler.dispatchMessage(android.os.Message) (Handler.java:99)
09-24 12:36:53.126  6374  6374 I mobile.launche:   at void android.os.Looper.loop() (Looper.java:193)
09-24 12:36:53.126  6374  6374 I mobile.launche:   at void android.app.ActivityThread.main(java.lang.String[]) (ActivityThread.java:6846)
09-24 12:36:53.126  6374  6374 I mobile.launche:   at java.lang.Object java.lang.reflect.Method.invoke(java.lang.Object, java.lang.Object[]) (Method.java:-2)
09-24 12:36:53.126  6374  6374 I mobile.launche:   at void com.android.internal.os.RuntimeInit$MethodAndArgsCaller.run() (RuntimeInit.java:518)
09-24 12:36:53.126  6374  6374 I mobile.launche:   at void com.android.internal.os.ZygoteInit.main(java.lang.String[]) (ZygoteInit.java:858)
09-24 12:36:53.126  6374  6374 I mobile.launche: Caused by: java.lang.ClassNotFoundException: Didn't find class "android.window.OnBackInvokedCallback" on path: DexPathList[[zip file "/data/app/ro.alynsampmobile.launcher-1TqSFmeB_he3M2BYdMSYfQ==/base.apk"],nativeLibraryDirectories=[/data/app/ro.alynsampmobile.launcher-1TqSFmeB_he3M2BYdMSYfQ==/lib/arm64, /data/app/ro.alynsampmobile.launcher-1TqSFmeB_he3M2BYdMSYfQ==/base.apk!/lib/arm64-v8a, /system/lib64, /system/vendor/lib64]]
09-24 12:36:53.126  6374  6374 I mobile.launche:   at java.lang.Class dalvik.system.BaseDexClassLoader.findClass(java.lang.String) (BaseDexClassLoader.java:134)
09-24 12:36:53.126  6374  6374 I mobile.launche:   at java.lang.Class java.lang.ClassLoader.loadClass(java.lang.String, boolean) (ClassLoader.java:379)
09-24 12:36:53.126  6374  6374 I mobile.launche:   at java.lang.Class java.lang.ClassLoader.loadClass(java.lang.String) (ClassLoader.java:312)
09-24 12:36:53.126  6374  6374 I mobile.launche:   at void com.applovin.impl.adview.q.t(android.content.Context) (SourceFile:414)
09-24 12:36:53.126  6374  6374 I mobile.launche:   at void com.applovin.impl.adview.q.u(android.content.Context) (SourceFile:291)
09-24 12:36:53.126  6374  6374 I mobile.launche:   at void com.applovin.impl.adview.q.$r8$lambda$oX5fMKHcBBSG3EeUug4r3xxT9lk(com.applovin.impl.adview.q, android.content.Context) (SourceFile:-1)
09-24 12:36:53.126  6374  6374 I mobile.launche:   at void com.applovin.impl.adview.q$$ExternalSyntheticLambda0.run() (D8$$SyntheticClass:0)
09-24 12:36:53.126  6374  6374 I mobile.launche:   at void android.os.Handler.handleCallback(android.os.Message) (Handler.java:873)
09-24 12:36:53.126  6374  6374 I mobile.launche:   at void android.os.Handler.dispatchMessage(android.os.Message) (Handler.java:99)
09-24 12:36:53.126  6374  6374 I mobile.launche:   at void android.os.Looper.loop() (Looper.java:193)
09-24 12:36:53.126  6374  6374 I mobile.launche:   at void android.app.ActivityThread.main(java.lang.String[]) (ActivityThread.java:6846)
09-24 12:36:53.126  6374  6374 I mobile.launche:   at java.lang.Object java.lang.reflect.Method.invoke(java.lang.Object, java.lang.Object[]) (Method.java:-2)
09-24 12:36:53.126  6374  6374 I mobile.launche:   at void com.android.internal.os.RuntimeInit$MethodAndArgsCaller.run() (RuntimeInit.java:518)
09-24 12:36:53.126  6374  6374 I mobile.launche:   at void com.android.internal.os.ZygoteInit.main(java.lang.String[]) (ZygoteInit.java:858)
09-24 12:36:53.126  6374  6374 I mobile.launche: 
09-24 12:36:53.126  6374  6374 I mobile.launche: Rejecting re-init on previously-failed class java.lang.Class<com.applovin.adview.AppLovinFullscreenActivity$a>: java.lang.NoClassDefFoundError: Failed resolution of: Landroid/window/OnBackInvokedCallback;
09-24 12:36:53.126  6374  6374 I mobile.launche:   at void com.applovin.impl.adview.q.t(android.content.Context) (SourceFile:414)
09-24 12:36:53.126  6374  6374 I mobile.launche:   at void com.applovin.impl.adview.q.u(android.content.Context) (SourceFile:291)
09-24 12:36:53.126  6374  6374 I mobile.launche:   at void com.applovin.impl.adview.q.$r8$lambda$oX5fMKHcBBSG3EeUug4r3xxT9lk(com.applovin.impl.adview.q, android.content.Context) (SourceFile:-1)
09-24 12:36:53.126  6374  6374 I mobile.launche:   at void com.applovin.impl.adview.q$$ExternalSyntheticLambda0.run() (D8$$SyntheticClass:0)
09-24 12:36:53.126  6374  6374 I mobile.launche:   at void android.os.Handler.handleCallback(android.os.Message) (Handler.java:873)
09-24 12:36:53.126  6374  6374 I mobile.launche:   at void android.os.Handler.dispatchMessage(android.os.Message) (Handler.java:99)
09-24 12:36:53.126  6374  6374 I mobile.launche:   at void android.os.Looper.loop() (Looper.java:193)
09-24 12:36:53.126  6374  6374 I mobile.launche:   at void android.app.ActivityThread.main(java.lang.String[]) (ActivityThread.java:6846)
09-24 12:36:53.126  6374  6374 I mobile.launche:   at java.lang.Object java.lang.reflect.Method.invoke(java.lang.Object, java.lang.Object[]) (Method.java:-2)
09-24 12:36:53.126  6374  6374 I mobile.launche:   at void com.android.internal.os.RuntimeInit$MethodAndArgsCaller.run() (RuntimeInit.java:518)
09-24 12:36:53.126  6374  6374 I mobile.launche:   at void com.android.internal.os.ZygoteInit.main(java.lang.String[]) (ZygoteInit.java:858)
09-24 12:36:53.126  6374  6374 I mobile.launche: Caused by: java.lang.ClassNotFoundException: Didn't find class "android.window.OnBackInvokedCallback" on path: DexPathList[[zip file "/data/app/ro.alynsampmobile.launcher-1TqSFmeB_he3M2BYdMSYfQ==/base.apk"],nativeLibraryDirectories=[/data/app/ro.alynsampmobile.launcher-1TqSFmeB_he3M2BYdMSYfQ==/lib/arm64, /data/app/ro.alynsampmobile.launcher-1TqSFmeB_he3M2BYdMSYfQ==/base.apk!/lib/arm64-v8a, /system/lib64, /system/vendor/lib64]]
09-24 12:36:53.126  6374  6374 I mobile.launche:   at java.lang.Class dalvik.system.BaseDexClassLoader.findClass(java.lang.String) (BaseDexClassLoader.java:134)
09-24 12:36:53.126  6374  6374 I mobile.launche:   at java.lang.Class java.lang.ClassLoader.loadClass(java.lang.String, boolean) (ClassLoader.java:379)
09-24 12:36:53.126  6374  6374 I mobile.launche:   at java.lang.Class java.lang.ClassLoader.loadClass(java.lang.String) (ClassLoader.java:312)
09-24 12:36:53.126  6374  6374 I mobile.launche:   at void com.applovin.impl.adview.q.t(android.content.Context) (SourceFile:414)
09-24 12:36:53.126  6374  6374 I mobile.launche:   at void com.applovin.impl.adview.q.u(android.content.Context) (SourceFile:291)
09-24 12:36:53.126  6374  6374 I mobile.launche:   at void com.applovin.impl.adview.q.$r8$lambda$oX5fMKHcBBSG3EeUug4r3xxT9lk(com.applovin.impl.adview.q, android.content.Context) (SourceFile:-1)
09-24 12:36:53.126  6374  6374 I mobile.launche:   at void com.applovin.impl.adview.q$$ExternalSyntheticLambda0.run() (D8$$SyntheticClass:0)
09-24 12:36:53.126  6374  6374 I mobile.launche:   at void android.os.Handler.handleCallback(android.os.Message) (Handler.java:873)
09-24 12:36:53.126  6374  6374 I mobile.launche:   at void android.os.Handler.dispatchMessage(android.os.Message) (Handler.java:99)
09-24 12:36:53.126  6374  6374 I mobile.launche:   at void android.os.Looper.loop() (Looper.java:193)
09-24 12:36:53.126  6374  6374 I mobile.launche:   at void android.app.ActivityThread.main(java.lang.String[]) (ActivityThread.java:6846)
09-24 12:36:53.126  6374  6374 I mobile.launche:   at java.lang.Object java.lang.reflect.Method.invoke(java.lang.Object, java.lang.Object[]) (Method.java:-2)
09-24 12:36:53.126  6374  6374 I mobile.launche:   at void com.android.internal.os.RuntimeInit$MethodAndArgsCaller.run() (RuntimeInit.java:518)
09-24 12:36:53.126  6374  6374 I mobile.launche:   at void com.android.internal.os.ZygoteInit.main(java.lang.String[]) (ZygoteInit.java:858)
09-24 12:36:53.126  6374  6374 I mobile.launche: 
09-24 12:36:53.127  6374  6374 I mobile.launche: Rejecting re-init on previously-failed class java.lang.Class<com.applovin.adview.AppLovinFullscreenActivity$a>: java.lang.NoClassDefFoundError: Failed resolution of: Landroid/window/OnBackInvokedCallback;
09-24 12:36:53.127  6374  6374 I mobile.launche:   at void com.applovin.impl.adview.q.t(android.content.Context) (SourceFile:414)
09-24 12:36:53.127  6374  6374 I mobile.launche:   at void com.applovin.impl.adview.q.u(android.content.Context) (SourceFile:291)
09-24 12:36:53.127  6374  6374 I mobile.launche:   at void com.applovin.impl.adview.q.$r8$lambda$oX5fMKHcBBSG3EeUug4r3xxT9lk(com.applovin.impl.adview.q, android.content.Context) (SourceFile:-1)
09-24 12:36:53.127  6374  6374 I mobile.launche:   at void com.applovin.impl.adview.q$$ExternalSyntheticLambda0.run() (D8$$SyntheticClass:0)
09-24 12:36:53.127  6374  6374 I mobile.launche:   at void android.os.Handler.handleCallback(android.os.Message) (Handler.java:873)
09-24 12:36:53.127  6374  6374 I mobile.launche:   at void android.os.Handler.dispatchMessage(android.os.Message) (Handler.java:99)
09-24 12:36:53.127  6374  6374 I mobile.launche:   at void android.os.Looper.loop() (Looper.java:193)
09-24 12:36:53.127  6374  6374 I mobile.launche:   at void android.app.ActivityThread.main(java.lang.String[]) (ActivityThread.java:6846)
09-24 12:36:53.127  6374  6374 I mobile.launche:   at java.lang.Object java.lang.reflect.Method.invoke(java.lang.Object, java.lang.Object[]) (Method.java:-2)
09-24 12:36:53.127  6374  6374 I mobile.launche:   at void com.android.internal.os.RuntimeInit$MethodAndArgsCaller.run() (RuntimeInit.java:518)
09-24 12:36:53.127  6374  6374 I mobile.launche:   at void com.android.internal.os.ZygoteInit.main(java.lang.String[]) (ZygoteInit.java:858)
09-24 12:36:53.127  6374  6374 I mobile.launche: Caused by: java.lang.ClassNotFoundException: Didn't find class "android.window.OnBackInvokedCallback" on path: DexPathList[[zip file "/data/app/ro.alynsampmobile.launcher-1TqSFmeB_he3M2BYdMSYfQ==/base.apk"],nativeLibraryDirectories=[/data/app/ro.alynsampmobile.launcher-1TqSFmeB_he3M2BYdMSYfQ==/lib/arm64, /data/app/ro.alynsampmobile.launcher-1TqSFmeB_he3M2BYdMSYfQ==/base.apk!/lib/arm64-v8a, /system/lib64, /system/vendor/lib64]]
09-24 12:36:53.127  6374  6374 I mobile.launche:   at java.lang.Class dalvik.system.BaseDexClassLoader.findClass(java.lang.String) (BaseDexClassLoader.java:134)
09-24 12:36:53.127  6374  6374 I mobile.launche:   at java.lang.Class java.lang.ClassLoader.loadClass(java.lang.String, boolean) (ClassLoader.java:379)
09-24 12:36:53.127  6374  6374 I mobile.launche:   at java.lang.Class java.lang.ClassLoader.loadClass(java.lang.String) (ClassLoader.java:312)
09-24 12:36:53.127  6374  6374 I mobile.launche:   at void com.applovin.impl.adview.q.t(android.content.Context) (SourceFile:414)
09-24 12:36:53.127  6374  6374 I mobile.launche:   at void com.applovin.impl.adview.q.u(android.content.Context) (SourceFile:291)
09-24 12:36:53.127  6374  6374 I mobile.launche:   at void com.applovin.impl.adview.q.$r8$lambda$oX5fMKHcBBSG3EeUug4r3xxT9lk(com.applovin.impl.adview.q, android.content.Context) (SourceFile:-1)
09-24 12:36:53.127  6374  6374 I mobile.launche:   at void com.applovin.impl.adview.q$$ExternalSyntheticLambda0.run() (D8$$SyntheticClass:0)
09-24 12:36:53.127  6374  6374 I mobile.launche:   at void android.os.Handler.handleCallback(android.os.Message) (Handler.java:873)
09-24 12:36:53.127  6374  6374 I mobile.launche:   at void android.os.Handler.dispatchMessage(android.os.Message) (Handler.java:99)
09-24 12:36:53.127  6374  6374 I mobile.launche:   at void android.os.Looper.loop() (Looper.java:193)
09-24 12:36:53.127  6374  6374 I mobile.launche:   at void android.app.ActivityThread.main(java.lang.String[]) (ActivityThread.java:6846)
09-24 12:36:53.127  6374  6374 I mobile.launche:   at java.lang.Object java.lang.reflect.Method.invoke(java.lang.Object, java.lang.Object[]) (Method.java:-2)
09-24 12:36:53.127  6374  6374 I mobile.launche:   at void com.android.internal.os.RuntimeInit$MethodAndArgsCaller.run() (RuntimeInit.java:518)
09-24 12:36:53.127  6374  6374 I mobile.launche:   at void com.android.internal.os.ZygoteInit.main(java.lang.String[]) (ZygoteInit.java:858)
09-24 12:36:53.127  6374  6374 I mobile.launche: 
09-24 12:36:53.132  6374  6415 D SessionLifecycleClient: Sending lifecycle 2 to service
09-24 12:36:53.132  6374  6436 D SessionLifecycleService: Activity backgrounding at 651544
09-24 12:36:53.133  6374  6374 I am_on_paused_called: [0,ro.alynsampmobile.launcher.MainActivity,performPause]
09-24 12:36:53.136  6374  6374 W ActivityThread: handleWindowVisibility: no activity for token android.os.BinderProxy@7207903
09-24 12:36:53.138  6374  6374 D View    : setSystemUiVisibility - uid=10074
09-24 12:36:53.166  6374  6374 I ExoPlayerImpl: Init a7b1b61 [ExoPlayerLib/2.15.1] [b0q, SM-S908E, samsung, 28]
09-24 12:36:53.245  6374  6374 I am_on_create_called: [0,com.applovin.adview.AppLovinFullscreenThemedActivity,performCreate]
09-24 12:36:53.255  6374  6374 I am_on_start_called: [0,com.applovin.adview.AppLovinFullscreenThemedActivity,handleStartActivity]
09-24 12:36:53.256  6374  6406 D SessionLifecycleClient: Sending lifecycle 1 to service
09-24 12:36:53.256  6374  6436 D SessionLifecycleService: Activity foregrounding at 651668.
09-24 12:36:53.257  6374  6374 I am_on_resume_called: [0,com.applovin.adview.AppLovinFullscreenThemedActivity,RESUME_ACTIVITY]
09-24 12:36:53.274  6374  6428 E EGL_emulation: tid 6428: eglSurfaceAttrib(1774): error 0x3009 (EGL_BAD_MATCH)
09-24 12:36:53.274  6374  6428 W OpenGLRenderer: Failed to set EGL_SWAP_BEHAVIOR on surface 0x7213f5f54980, error=EGL_BAD_MATCH
09-24 12:36:53.307  6374  6428 E EGL_emulation: tid 6428: eglSurfaceAttrib(1774): error 0x3009 (EGL_BAD_MATCH)
09-24 12:36:53.307  6374  6428 W OpenGLRenderer: Failed to set EGL_SWAP_BEHAVIOR on surface 0x7213f5f54980, error=EGL_BAD_MATCH
09-24 12:36:53.309  6374  6428 D EGL_emulation: eglMakeCurrent: 0x72141ca68000: ver 3 2 (tinfo 0x7213fb486640)
09-24 12:36:53.320  6374  6428 E eglCodecCommon: glUtilsParamSize: unknow param 0x000088ef
09-24 12:36:53.320  6374  6428 E eglCodecCommon: glUtilsParamSize: unknow param 0x000088ef
09-24 12:36:53.321  6374  6428 D emuglGLESv2_enc: check GLPB with pkg[ro.alynsampmobile.launcher] with res1[1]
09-24 12:36:53.321  6374  6428 D emuglGLESv2_enc: check isUnreal5App with pkg[ro.alynsampmobile.launcher] with res2[0]
09-24 12:36:53.321  6374  6428 D emuglGLESv2_enc: check isUE5PBDisabled with pkg[ro.alynsampmobile.launcher] with res3[0]
09-24 12:36:53.321  6374  6428 E emuglGLESv2_enc: ../ggl/goldfish-opengl-pie/system/GLESv2_enc/GL2Encoder.cpp:s_glGetInternalformativ:6304 GL error 0x500 condition [!GLESv2Validation::unsizedFormat(internalformat) && !GLESv2Validation::colorRenderableFormat(ctx, internalformat) && !GLESv2Validation::depthRenderableFormat(ctx, internalformat) && !GLESv2Validation::stencilRenderableFormat(ctx, internalformat)]
09-24 12:36:53.321  6374  6428 I chatty  : uid=10074(ro.alynsampmobile.launcher) RenderThread identical 1 line
09-24 12:36:53.321  6374  6428 E emuglGLESv2_enc: ../ggl/goldfish-opengl-pie/system/GLESv2_enc/GL2Encoder.cpp:s_glGetInternalformativ:6304 GL error 0x500 condition [!GLESv2Validation::unsizedFormat(internalformat) && !GLESv2Validation::colorRenderableFormat(ctx, internalformat) && !GLESv2Validation::depthRenderableFormat(ctx, internalformat) && !GLESv2Validation::stencilRenderableFormat(ctx, internalformat)]
09-24 12:36:53.333  6374  6374 I AdsModule: Interstitial ad displayed
09-24 12:36:53.363  6374  6374 I am_on_stop_called: [0,ro.alynsampmobile.launcher.MainActivity,STOP_ACTIVITY_ITEM]
09-24 12:36:53.409  6374  6428 E libEGL  : called unimplemented OpenGL ES API
09-24 12:36:54.173  6374  6520 D emuglGLESv2_enc: check TTCDisabled with pkg[ro.alynsampmobile.launcher] with res[1]
09-24 12:36:54.663  6374  6408 I TRuntime.CctTransportBackend: Making request to: https://firebaselogging-pa.googleapis.com/v1/firelog/legacy/batchlog
09-24 12:36:54.779  6374  6520 E libEGL  : called unimplemented OpenGL ES API
09-24 12:36:54.790  6374  6585 I OMXClient: IOmx service obtained
09-24 12:36:54.792  6374  6584 D SurfaceUtils: connecting to surface 0x7213fc2b9010, reason connectToSurface
09-24 12:36:54.792  6374  6584 I MediaCodec: [OMX.google.h264.decoder] setting surface generation to 6526977
09-24 12:36:54.792  6374  6584 D SurfaceUtils: disconnecting from surface 0x7213fc2b9010, reason connectToSurface(reconnect)
09-24 12:36:54.792  6374  6584 D SurfaceUtils: connecting to surface 0x7213fc2b9010, reason connectToSurface(reconnect)
09-24 12:36:54.793  6374  6585 E ACodec  : [OMX.google.h264.decoder] setPortMode on output to DynamicANWBuffer failed w/ err -1010
09-24 12:36:54.795  6374  6585 I ACodec  : codec does not support config priority (err -1010)
09-24 12:36:54.805  6374  6589 I OMXClient: IOmx service obtained
09-24 12:36:54.808  6374  6589 I ACodec  : codec does not support config priority (err -2147483648)
09-24 12:36:54.995  6374  6584 D MediaCodec: [OMX.google.h264.decoder] setting dataspace on output surface to #104
09-24 12:36:55.004  6374  6584 D SoftwareRenderer: setting dataspace on output surface to #104
09-24 12:36:55.108  6374  6520 D emuglGLESv2_enc: check GLMBRH with pkg[ro.alynsampmobile.launcher] with res[1]
09-24 12:36:55.108  6374  6520 D emuglGLESv2_enc: check GLUBPerf with pkg[ro.alynsampmobile.launcher] with res[1]
09-24 12:36:56.724  6374  6374 I NativeDownloadManager: Download completed successfully: alyn_sampmobile-20.7.8-c11386bd649a.apk
09-24 12:36:56.740  6374  6421 I ReactNativeJS: APK download completed!
09-24 12:36:56.740  6374  6421 I ReactNativeJS: Background keep-alive stopped
09-24 12:36:56.741  6374  6421 I ReactNativeJS: Foreground service stopped
09-24 12:36:56.741  6374  6421 I ReactNativeJS: Game APK downloaded successfully
09-24 12:36:56.742  6374  6421 I ReactNativeJS: 'Update status changed:', 'undefined'
09-24 12:36:56.756  6374  6421 I ReactNativeJS: Hiding checking modal (Undefined)
09-24 12:36:56.757  6374  6374 I DownloadForegroundService: Service destroyed
09-24 12:36:56.757  6374  6374 I DownloadForegroundService: Notification receiver unregistered
09-24 12:36:56.757  6374  6374 I DownloadForegroundService: WakeLock released
09-24 12:36:56.757  6374  6374 I DownloadForegroundService: WifiLock released
09-24 12:36:56.759  6374  6421 I ReactNativeJS: 'Game status changed:', 'apkDownloaded'
09-24 12:36:56.826  6374  6374 E unknown:ReactModalHost: Creating new dialog from context: ro.alynsampmobile.launcher.MainActivity@c50158f@206574991
09-24 12:36:56.841  6374  6374 D View    : setSystemUiVisibility - uid=10074
09-24 12:36:58.089  6374  6408 I TRuntime.CctTransportBackend: Status Code: 200
09-24 12:37:07.604  6374  7347 D HostConnection: createUnique: call
09-24 12:37:07.604  6374  7347 I AGA     : hstInit: opened /dev/bstpgaipc: fd = 115
09-24 12:37:07.604  6374  7347 I AGA     : Attempting to create new SOCKET connection pid = 6374, tid = 7347
09-24 12:37:07.604  6374  7347 I AGA     : hstInitClientPgaIpc: Attempting to get GROUP2 cid
09-24 12:37:07.605  6374  7347 I AGA     : hstInitClientPgaIpc: data mapped to 0x7213e3297000 with size 4194304
09-24 12:37:07.605  6374  7347 I AGA     : New SOCKET connection: ro.alynsampmobile.launcher (pid 6374, tid 7347)
09-24 12:37:07.606  6374  7347 D HostConnection: HostComposition ext ANDROID_EMU_vulkan ANDROID_EMU_deferred_vulkan_commands ANDROID_EMU_vulkan_create_resources_with_requirements ANDROID_EMU_vulkan_shader_float16_int8 ANDROID_EMU_vulkan_async_queue_submit ANDROID_EMU_vulkan_queue_submit_with_commands ANDROID_EMU_vulkan_batched_descriptor_set_update ANDROID_EMU_vulkan_enabled ANDROID_EMU_vulkan_initialized GL_OES_EGL_image_external_essl3 GL_OES_vertex_array_object GL_OVR_multiview2 GL_OES_sample_shading GL_OES_shader_multisample_interpolation GL_OES_texture_stencil8 GL_EXT_texture_norm16 GL_OES_surfaceless_context GL_EXT_read_format_bgra GL_KHR_blend_equation_advanced GL_KHR_blend_equation_advanced_coherent GL_EXT_copy_image GL_EXT_texture_buffer GL_EXT_texture_buffer_half_float GL_OES_texture_storage_multisample_2d_array GL_OES_sample_variables GL_OES_shader_image_atomic GL_EXT_primitive_bounding_box GL_EXT_geometry_shader GL_EXT_geometry_point_size GL_EXT_tessellation_shader GL_EXT_tessellation_point_size GL_EXT_shader_io_blocks GL_ANDROID_extension_pack_
09-24 12:37:07.616  6374  7347 D EGL_emulation: eglCreateContext: 0x7213fc3acc00: maj 3 min 2 rcv 5
09-24 12:37:07.617  6374  7347 D EGL_emulation: eglMakeCurrent: 0x7213fc3acc00: ver 3 2 (tinfo 0x7213f1a59480)
09-24 12:37:07.617  6374  7347 I AGA     : The gl query need cache 0
09-24 12:37:07.618  6374  7347 D EGL_emulation: eglMakeCurrent: 0x7213fc3acc00: ver 3 2 (tinfo 0x7213f1a59480) (first time)
09-24 12:37:07.619  6374  7347 E eglCodecCommon: glUtilsParamSize: unknow param 0x000082da
09-24 12:37:07.619  6374  7347 E eglCodecCommon: glUtilsParamSize: unknow param 0x000082da
09-24 12:37:07.619  6374  7347 E eglCodecCommon: glUtilsParamSize: unknow param 0x000082e5
09-24 12:37:07.619  6374  7347 E eglCodecCommon: glUtilsParamSize: unknow param 0x000082e5
09-24 12:37:07.620  6374  7347 E EGL_emulation: eglQueryContext 32c0  EGL_BAD_ATTRIBUTE
09-24 12:37:07.620  6374  7347 E EGL_emulation: tid 7347: eglQueryContext(2397): error 0x3004 (EGL_BAD_ATTRIBUTE)
09-24 12:37:07.620  6374  6584 D SurfaceUtils: connecting to surface 0x7213fb45e010, reason connectToSurface
09-24 12:37:07.620  6374  6584 I MediaCodec: [OMX.google.h264.decoder] setting surface generation to 6526978
09-24 12:37:07.620  6374  6584 D SurfaceUtils: disconnecting from surface 0x7213fb45e010, reason connectToSurface(reconnect)
09-24 12:37:07.620  6374  6584 D SurfaceUtils: connecting to surface 0x7213fb45e010, reason connectToSurface(reconnect)
09-24 12:37:07.620  6374  6584 D SurfaceUtils: disconnecting from surface 0x7213fc2b9010, reason disconnectFromSurface
09-24 12:37:08.640  6374  6428 E libEGL  : called unimplemented OpenGL ES API
09-24 12:37:11.335  6374  6374 I am_on_paused_called: [0,com.applovin.adview.AppLovinFullscreenThemedActivity,performPause]
09-24 12:37:11.335  6374  6401 D SessionLifecycleClient: Sending lifecycle 2 to service
09-24 12:37:11.335  6374  6436 D SessionLifecycleService: Activity backgrounding at 669747
09-24 12:37:11.344  6374  6374 I AdsModule: Ad clicked
09-24 12:37:11.413  6374  6374 D View    : setSystemUiVisibility - uid=10074
09-24 12:37:11.413  6374  6374 I chatty  : uid=10074(ro.alynsampmobile.launcher) identical 1 line
09-24 12:37:11.413  6374  6374 D View    : setSystemUiVisibility - uid=10074
09-24 12:37:11.441  6374  6428 D EGL_emulation: eglMakeCurrent: 0x72141ca68000: ver 3 2 (tinfo 0x7213fb486640)
09-24 12:37:11.446  6374  6428 E EGL_emulation: tid 6428: eglSurfaceAttrib(1774): error 0x3009 (EGL_BAD_MATCH)
09-24 12:37:11.446  6374  6428 W OpenGLRenderer: Failed to set EGL_SWAP_BEHAVIOR on surface 0x7213f5f54980, error=EGL_BAD_MATCH
09-24 12:37:11.446  6374  6428 D EGL_emulation: eglMakeCurrent: 0x72141ca68000: ver 3 2 (tinfo 0x7213fb486640)
09-24 12:37:11.461  6374  6428 D EGL_emulation: eglMakeCurrent: 0x72141ca68000: ver 3 2 (tinfo 0x7213fb486640)
09-24 12:37:11.469  6374  6428 E EGL_emulation: tid 6428: eglSurfaceAttrib(1774): error 0x3009 (EGL_BAD_MATCH)
09-24 12:37:11.469  6374  6428 W OpenGLRenderer: Failed to set EGL_SWAP_BEHAVIOR on surface 0x7213f5f54980, error=EGL_BAD_MATCH
09-24 12:37:11.470  6374  6428 D EGL_emulation: eglMakeCurrent: 0x72141ca68000: ver 3 2 (tinfo 0x7213fb486640)
09-24 12:37:11.524  6374  6428 D EGL_emulation: eglMakeCurrent: 0x72141ca68000: ver 3 2 (tinfo 0x7213fb486640)
09-24 12:37:11.527  6374  6421 I ReactNativeJNI: Memory warning (pressure level: TRIM_MEMORY_UI_HIDDEN) received by JS VM, ignoring because it's non-severe
09-24 12:37:11.529  6374  6374 I am_on_stop_called: [0,com.applovin.adview.AppLovinFullscreenThemedActivity,STOP_ACTIVITY_ITEM]
09-24 12:37:11.843  6374  6374 I am_on_restart_called: [0,com.applovin.adview.AppLovinFullscreenThemedActivity,handleWindowVisibility]
09-24 12:37:11.849  6374  6374 I am_on_start_called: [0,com.applovin.adview.AppLovinFullscreenThemedActivity,handleWindowVisibility]
09-24 12:37:11.850  6374  6414 D SessionLifecycleClient: Sending lifecycle 1 to service
09-24 12:37:11.850  6374  6436 D SessionLifecycleService: Activity foregrounding at 670262.
09-24 12:37:11.852  6374  6374 I am_on_resume_called: [0,com.applovin.adview.AppLovinFullscreenThemedActivity,LIFECYCLER_RESUME_ACTIVITY]
09-24 12:37:11.853  6374  6374 I am_on_paused_called: [0,com.applovin.adview.AppLovinFullscreenThemedActivity,performPause]
09-24 12:37:11.853  6374  6401 D SessionLifecycleClient: Sending lifecycle 2 to service
09-24 12:37:11.853  6374  6436 D SessionLifecycleService: Activity backgrounding at 670265
09-24 12:37:11.879  6374  6428 E EGL_emulation: tid 6428: eglSurfaceAttrib(1774): error 0x3009 (EGL_BAD_MATCH)
09-24 12:37:11.879  6374  6428 W OpenGLRenderer: Failed to set EGL_SWAP_BEHAVIOR on surface 0x7213f5f54980, error=EGL_BAD_MATCH
09-24 12:37:11.897  6374  6428 E EGL_emulation: tid 6428: eglSurfaceAttrib(1774): error 0x3009 (EGL_BAD_MATCH)
09-24 12:37:11.897  6374  6428 W OpenGLRenderer: Failed to set EGL_SWAP_BEHAVIOR on surface 0x7213f5f54980, error=EGL_BAD_MATCH
09-24 12:37:11.898  6374  6428 D EGL_emulation: eglMakeCurrent: 0x72141ca68000: ver 3 2 (tinfo 0x7213fb486640)
09-24 12:37:11.910  6374  6428 D EGL_emulation: eglMakeCurrent: 0x72141ca68000: ver 3 2 (tinfo 0x7213fb486640)
09-24 12:37:11.917  6374  6428 E EGL_emulation: tid 6428: eglSurfaceAttrib(1774): error 0x3009 (EGL_BAD_MATCH)
09-24 12:37:11.917  6374  6428 W OpenGLRenderer: Failed to set EGL_SWAP_BEHAVIOR on surface 0x7213f5f54980, error=EGL_BAD_MATCH
09-24 12:37:11.918  6374  6428 D EGL_emulation: eglMakeCurrent: 0x72141ca68000: ver 3 2 (tinfo 0x7213fb486640)
09-24 12:37:11.990  6374  6428 D EGL_emulation: eglMakeCurrent: 0x72141ca68000: ver 3 2 (tinfo 0x7213fb486640)
09-24 12:37:12.010  6374  6374 I am_on_stop_called: [0,com.applovin.adview.AppLovinFullscreenThemedActivity,STOP_ACTIVITY_ITEM]
09-24 12:37:12.024  6374  6421 I ReactNativeJNI: Memory warning (pressure level: TRIM_MEMORY_UI_HIDDEN) received by JS VM, ignoring because it's non-severe
09-24 12:37:13.896  6374  6395 I FA      : Application backgrounded at: timestamp_millis: 1790264231858
09-24 12:37:17.104  6374  6374 I am_on_restart_called: [0,com.applovin.adview.AppLovinFullscreenThemedActivity,performRestartActivity]
09-24 12:37:17.107  6374  6374 I am_on_start_called: [0,com.applovin.adview.AppLovinFullscreenThemedActivity,handleStartActivity]
09-24 12:37:17.109  6374  6406 D SessionLifecycleClient: Sending lifecycle 1 to service
09-24 12:37:17.109  6374  6436 D SessionLifecycleService: Activity foregrounding at 675521.
09-24 12:37:17.110  6374  6374 I am_on_resume_called: [0,com.applovin.adview.AppLovinFullscreenThemedActivity,RESUME_ACTIVITY]
09-24 12:37:17.123  6374  6374 D View    : setSystemUiVisibility - uid=10074
09-24 12:37:17.126  6374  6428 E EGL_emulation: tid 6428: eglSurfaceAttrib(1774): error 0x3009 (EGL_BAD_MATCH)
09-24 12:37:17.126  6374  6428 W OpenGLRenderer: Failed to set EGL_SWAP_BEHAVIOR on surface 0x7213f5f54980, error=EGL_BAD_MATCH
09-24 12:37:17.129  6374  6374 I cr_A11yState: Enabled accessibility services list updated. []
09-24 12:37:17.129  6374  6374 I cr_A11yState: Informing listeners of changes.
09-24 12:37:17.129  6374  6374 I cr_A11yState: New AccessibilityState: State{isScreenReaderEnabled=false, isTouchExplorationEnabled=false, isPerformGesturesEnabled=false, isAnyAccessibilityServiceEnabled=false, isAccessibilityToolPresent=false, isSpokenFeedbackServicePresent=false, isTextShowPasswordEnabled=true, isOnlyPasswordManagersEnabled=false}
09-24 12:37:17.141  6374  6428 D EGL_emulation: eglMakeCurrent: 0x72141ca68000: ver 3 2 (tinfo 0x7213fb486640)
09-24 12:37:17.162  6374  6428 D EGL_emulation: eglMakeCurrent: 0x72141ca68000: ver 3 2 (tinfo 0x7213fb486640)
09-24 12:37:17.167  6374  6428 E EGL_emulation: tid 6428: eglSurfaceAttrib(1774): error 0x3009 (EGL_BAD_MATCH)
09-24 12:37:17.167  6374  6428 W OpenGLRenderer: Failed to set EGL_SWAP_BEHAVIOR on surface 0x7213f5f54980, error=EGL_BAD_MATCH
09-24 12:37:17.167  6374  6428 D EGL_emulation: eglMakeCurrent: 0x72141ca68000: ver 3 2 (tinfo 0x7213fb486640)
09-24 12:37:18.852  6374  6374 I am_on_paused_called: [0,com.applovin.adview.AppLovinFullscreenThemedActivity,performPause]
09-24 12:37:18.852  6374  6415 D SessionLifecycleClient: Sending lifecycle 2 to service
09-24 12:37:18.852  6374  6436 D SessionLifecycleService: Activity backgrounding at 677264
09-24 12:37:18.879  6374  6374 I am_on_restart_called: [0,ro.alynsampmobile.launcher.MainActivity,performRestartActivity]
09-24 12:37:18.880  6374  6374 I am_on_start_called: [0,ro.alynsampmobile.launcher.MainActivity,handleStartActivity]
09-24 12:37:18.881  6374  6406 D SessionLifecycleClient: Sending lifecycle 1 to service
09-24 12:37:18.881  6374  6374 E unknown:ReactModalHost: Updating existing dialog with context: ro.alynsampmobile.launcher.MainActivity@c50158f@206574991
09-24 12:37:18.881  6374  6374 I am_on_resume_called: [0,ro.alynsampmobile.launcher.MainActivity,RESUME_ACTIVITY]
09-24 12:37:18.881  6374  6421 I ReactNativeJS: App returned to foreground
09-24 12:37:18.881  6374  6436 D SessionLifecycleService: Activity foregrounding at 677292.
09-24 12:37:18.899  6374  6428 E EGL_emulation: tid 6428: eglSurfaceAttrib(1774): error 0x3009 (EGL_BAD_MATCH)
09-24 12:37:18.899  6374  6428 W OpenGLRenderer: Failed to set EGL_SWAP_BEHAVIOR on surface 0x7213fb574e80, error=EGL_BAD_MATCH
09-24 12:37:18.920  6374  6428 E EGL_emulation: tid 6428: eglSurfaceAttrib(1774): error 0x3009 (EGL_BAD_MATCH)
09-24 12:37:18.920  6374  6428 W OpenGLRenderer: Failed to set EGL_SWAP_BEHAVIOR on surface 0x7213f859d800, error=EGL_BAD_MATCH
09-24 12:37:18.927  6374  6428 E EGL_emulation: tid 6428: eglSurfaceAttrib(1774): error 0x3009 (EGL_BAD_MATCH)
09-24 12:37:18.927  6374  6428 W OpenGLRenderer: Failed to set EGL_SWAP_BEHAVIOR on surface 0x7213fb574e80, error=EGL_BAD_MATCH
09-24 12:37:18.928  6374  6428 D EGL_emulation: eglMakeCurrent: 0x72141ca68000: ver 3 2 (tinfo 0x7213fb486640)
09-24 12:37:18.934  6374  6428 D EGL_emulation: eglMakeCurrent: 0x72141ca68000: ver 3 2 (tinfo 0x7213fb486640)
09-24 12:37:18.949  6374  6428 E EGL_emulation: tid 6428: eglSurfaceAttrib(1774): error 0x3009 (EGL_BAD_MATCH)
09-24 12:37:18.949  6374  6428 W OpenGLRenderer: Failed to set EGL_SWAP_BEHAVIOR on surface 0x7213fb574e80, error=EGL_BAD_MATCH
09-24 12:37:18.949  6374  6428 D EGL_emulation: eglMakeCurrent: 0x72141ca68000: ver 3 2 (tinfo 0x7213fb486640)
09-24 12:37:18.959  6374  6428 E EGL_emulation: tid 6428: eglSurfaceAttrib(1774): error 0x3009 (EGL_BAD_MATCH)
09-24 12:37:18.959  6374  6428 W OpenGLRenderer: Failed to set EGL_SWAP_BEHAVIOR on surface 0x7213f859d800, error=EGL_BAD_MATCH
09-24 12:37:18.960  6374  6428 D EGL_emulation: eglMakeCurrent: 0x72141ca68000: ver 3 2 (tinfo 0x7213fb486640)
09-24 12:37:18.965  6374  6374 D View    : setSystemUiVisibility - uid=10074
09-24 12:37:18.975  6374  6374 I am_on_stop_called: [0,com.applovin.adview.AppLovinFullscreenThemedActivity,LIFECYCLER_STOP_ACTIVITY]
09-24 12:37:18.976  6374  6374 I ExoPlayerImpl: Release a7b1b61 [ExoPlayerLib/2.15.1] [b0q, SM-S908E, samsung, 28] [goog.exo.core, goog.exo.ui]
09-24 12:37:18.982  6374  6584 D SurfaceUtils: disconnecting from surface 0x7213fb45e010, reason disconnectFromSurface
09-24 12:37:18.992  6374  6374 I am_on_destroy_called: [0,com.applovin.adview.AppLovinFullscreenThemedActivity,performDestroy]
09-24 12:37:18.997  6374  6374 E chromium: [ERROR:aw_browser_terminator.cc(166)] Renderer process (6550) crash detected (code -1).
09-24 12:37:19.351  6374  6374 I AdsModule: Interstitial ad hidden
09-24 12:37:20.489  6374  6428 D EGL_emulation: eglMakeCurrent: 0x72141ca68000: ver 3 2 (tinfo 0x7213fb486640)
09-24 12:37:20.498  6374  6428 D EGL_emulation: eglMakeCurrent: 0x72141ca68000: ver 3 2 (tinfo 0x7213fb486640)
09-24 12:37:20.756  6374  6428 I chatty  : uid=10074(ro.alynsampmobile.launcher) RenderThread identical 31 lines
09-24 12:37:20.756  6374  6428 D EGL_emulation: eglMakeCurrent: 0x72141ca68000: ver 3 2 (tinfo 0x7213fb486640)
09-24 12:37:22.423  6374  6428 D EGL_emulation: eglMakeCurrent: 0x72141ca68000: ver 3 2 (tinfo 0x7213fb486640)
09-24 12:37:22.491  6374  6421 I ReactNativeJS: 'Auto installing APK from:', '/storage/emulated/0/Android/data/ro.alynsampmobile.launcher/files/alyn_sampmobile-20.7.8-c11386bd649a.apk'
09-24 12:37:22.491  6374  6422 I GameLauncher: Installing APK from: /storage/emulated/0/Android/data/ro.alynsampmobile.launcher/files/alyn_sampmobile-20.7.8-c11386bd649a.apk
09-24 12:37:22.491  6374  6422 I GameLauncher: APK file exists, size: 70267857 bytes
09-24 12:37:22.491  6374  6422 W GameLauncher: Install permission not granted, requesting...
09-24 12:37:22.503  6374  6401 D SessionLifecycleClient: Sending lifecycle 2 to service
09-24 12:37:22.503  6374  6436 D SessionLifecycleService: Activity backgrounding at 680915
09-24 12:37:22.503  6374  6374 I am_on_paused_called: [0,ro.alynsampmobile.launcher.MainActivity,performPause]
09-24 12:37:22.504  6374  6421 E ReactNativeJS: 'Error auto installing APK:', [Error: Install permission required]
09-24 12:37:22.510  6374  6422 E unknown:ReactNative: console.error: Error auto installing APK: Error: Install permission required, js engine: hermes, stack:
09-24 12:37:22.510  6374  6422 E unknown:ReactNative: _construct@1:148722
09-24 12:37:22.510  6374  6422 E unknown:ReactNative: Wrapper@1:148368
09-24 12:37:22.510  6374  6422 E unknown:ReactNative: _callSuper@1:146370
09-24 12:37:22.510  6374  6422 E unknown:ReactNative: SyntheticError@1:147856
09-24 12:37:22.510  6374  6422 E unknown:ReactNative: reactConsoleErrorHandler@1:147506
09-24 12:37:22.510  6374  6422 E unknown:ReactNative: ?anon_0_@1:636582
09-24 12:37:22.510  6374  6422 E unknown:ReactNative: asyncGeneratorStep@1:506761
09-24 12:37:22.510  6374  6422 E unknown:ReactNative: _throw@1:507066
09-24 12:37:22.510  6374  6422 E unknown:ReactNative: tryCallOne@53:15
09-24 12:37:22.510  6374  6422 E unknown:ReactNative: anonymous@139:26
09-24 12:37:22.510  6374  6422 E unknown:ReactNative: anonymous@1:165410
09-24 12:37:22.510  6374  6422 E unknown:ReactNative: _callTimer@1:164361
09-24 12:37:22.510  6374  6422 E unknown:ReactNative: _callReactNativeMicrotasksPass@1:164505
09-24 12:37:22.510  6374  6422 E unknown:ReactNative: callReactNativeMicrotasks@1:166487
09-24 12:37:22.510  6374  6422 E unknown:ReactNative: __callReactNativeMicrotasks@1:52545
09-24 12:37:22.510  6374  6422 E unknown:ReactNative: anonymous@1:51629
09-24 12:37:22.510  6374  6422 E unknown:ReactNative: __guard@1:52383
09-24 12:37:22.510  6374  6422 E unknown:ReactNative: flushedQueue@1:51540
09-24 12:37:22.510  6374  6422 E unknown:ReactNative: invokeCallbackAndReturnFlushedQueue@1:51483
09-24 12:37:22.527  6374  6428 E EGL_emulation: tid 6428: eglSurfaceAttrib(1774): error 0x3009 (EGL_BAD_MATCH)
09-24 12:37:22.527  6374  6428 W OpenGLRenderer: Failed to set EGL_SWAP_BEHAVIOR on surface 0x7213f5f7d180, error=EGL_BAD_MATCH
09-24 12:37:22.539  6374  6428 D EGL_emulation: eglMakeCurrent: 0x72141ca68000: ver 3 2 (tinfo 0x7213fb486640)
09-24 12:37:23.194  6374  6421 I ReactNativeJNI: Memory warning (pressure level: TRIM_MEMORY_UI_HIDDEN) received by JS VM, ignoring because it's non-severe
09-24 12:37:23.196  6374  6374 I am_on_stop_called: [0,ro.alynsampmobile.launcher.MainActivity,STOP_ACTIVITY_ITEM]
09-24 12:37:24.517  6374  6395 I FA      : Application backgrounded at: timestamp_millis: 1790264242516
09-24 12:37:26.014  6374  6428 D EGL_emulation: eglMakeCurrent: 0x72141ca68000: ver 3 2 (tinfo 0x7213fb486640)
09-24 12:37:29.421  6374  6428 E EGL_emulation: tid 6428: eglSurfaceAttrib(1774): error 0x3009 (EGL_BAD_MATCH)
09-24 12:37:29.421  6374  6428 W OpenGLRenderer: Failed to set EGL_SWAP_BEHAVIOR on surface 0x72141cab1900, error=EGL_BAD_MATCH
09-24 12:37:29.421  6374  6374 I am_on_restart_called: [0,ro.alynsampmobile.launcher.MainActivity,performRestartActivity]
09-24 12:37:29.422  6374  6374 I am_on_start_called: [0,ro.alynsampmobile.launcher.MainActivity,handleStartActivity]
09-24 12:37:29.423  6374  6414 D SessionLifecycleClient: Sending lifecycle 1 to service
09-24 12:37:29.423  6374  6436 D SessionLifecycleService: Activity foregrounding at 687835.
09-24 12:37:29.425  6374  6374 E unknown:ReactModalHost: Updating existing dialog with context: ro.alynsampmobile.launcher.MainActivity@c50158f@206574991
09-24 12:37:29.425  6374  6374 I am_on_resume_called: [0,ro.alynsampmobile.launcher.MainActivity,RESUME_ACTIVITY]
09-24 12:37:29.425  6374  6421 I ReactNativeJS: App returned to foreground
09-24 12:37:29.428  6374  6428 D EGL_emulation: eglMakeCurrent: 0x72141ca68000: ver 3 2 (tinfo 0x7213fb486640)
09-24 12:37:29.445  6374  6428 E EGL_emulation: tid 6428: eglSurfaceAttrib(1774): error 0x3009 (EGL_BAD_MATCH)
09-24 12:37:29.445  6374  6428 W OpenGLRenderer: Failed to set EGL_SWAP_BEHAVIOR on surface 0x7213fab7e180, error=EGL_BAD_MATCH
09-24 12:37:29.447  6374  6428 D EGL_emulation: eglMakeCurrent: 0x72141ca68000: ver 3 2 (tinfo 0x7213fb486640)
09-24 12:37:29.449  6374  6428 D EGL_emulation: eglMakeCurrent: 0x72141ca68000: ver 3 2 (tinfo 0x7213fb486640)
09-24 12:37:30.240  6374  6421 I ReactNativeJS: 'Auto installing APK from:', '/storage/emulated/0/Android/data/ro.alynsampmobile.launcher/files/alyn_sampmobile-20.7.8-c11386bd649a.apk'
09-24 12:37:30.241  6374  6422 I GameLauncher: Installing APK from: /storage/emulated/0/Android/data/ro.alynsampmobile.launcher/files/alyn_sampmobile-20.7.8-c11386bd649a.apk
09-24 12:37:30.241  6374  6422 I GameLauncher: APK file exists, size: 70267857 bytes
09-24 12:37:30.241  6374  6422 I GameLauncher: Using FileProvider URI: content://ro.alynsampmobile.launcher.fileprovider/files/alyn_sampmobile-20.7.8-c11386bd649a.apk
09-24 12:37:30.241  6374  6422 I GameLauncher: Starting install activity...
09-24 12:37:30.245  6374  6401 D SessionLifecycleClient: Sending lifecycle 2 to service
09-24 12:37:30.245  6374  6436 D SessionLifecycleService: Activity backgrounding at 688656
09-24 12:37:30.245  6374  6374 I am_on_paused_called: [0,ro.alynsampmobile.launcher.MainActivity,performPause]
09-24 12:37:30.262  6374  6428 D EGL_emulation: eglMakeCurrent: 0x72141ca68000: ver 3 2 (tinfo 0x7213fb486640)
09-24 12:37:30.280  6374  6428 D EGL_emulation: eglMakeCurrent: 0x72141ca68000: ver 3 2 (tinfo 0x7213fb486640)
09-24 12:37:30.292  6374  6428 E EGL_emulation: tid 6428: eglSurfaceAttrib(1774): error 0x3009 (EGL_BAD_MATCH)
09-24 12:37:30.292  6374  6428 W OpenGLRenderer: Failed to set EGL_SWAP_BEHAVIOR on surface 0x7213f851fe00, error=EGL_BAD_MATCH
09-24 12:37:30.306  6374  6428 D EGL_emulation: eglMakeCurrent: 0x72141ca68000: ver 3 2 (tinfo 0x7213fb486640)
09-24 12:37:30.724  6374  6374 I am_on_stop_called: [0,ro.alynsampmobile.launcher.MainActivity,STOP_ACTIVITY_ITEM]
