[2026-09-24 13:12:54.981] [info] Initializing java..
[2026-09-24 13:12:54.985] [info] Initializing Alyn_SAMPMOBILE client...
[2026-09-24 13:12:54.991] [info] Crash logs on device: 0 (retained, none deleted) in 0ms
[2026-09-24 13:12:54.993] [info] Java VM: 0x7214054D6928
[2026-09-24 13:12:54.993] [info] Client version: v20.7.8 (native: a9ba239a)
[2026-09-24 13:12:54.993] [info] Game version: GTA: SA v2.10 (arm64-v8a)
[2026-09-24 13:12:54.993] [info] Game directory: /storage/emulated/0/Android/data/ro.alynsampmobile.launcher/files/
[2026-09-24 13:12:54.993] [info] Offline mode: false
[2026-09-24 13:12:54.993] [info] Initializing settings...
[2026-09-24 13:12:55.004] [info] FPS limit: 61
[2026-09-24 13:12:55.004] [info] Display FPS: false
[2026-09-24 13:12:55.004] [info] Voice chat: false
[2026-09-24 13:12:55.004] [info] Microphone toggle: false
[2026-09-24 13:12:55.004] [info] Auto reconnect: true
[2026-09-24 13:12:55.004] [info] GPS mod: false
[2026-09-24 13:12:55.005] [info] Radar touch: true
[2026-09-24 13:12:55.005] [info] Weapon tags: true
[2026-09-24 13:12:55.005] [info] Free cam: false
[2026-09-24 13:12:55.005] [info] Sensitivity on foot: 10
[2026-09-24 13:12:55.005] [info] Sensitivity in vehicle: 10
[2026-09-24 13:12:55.005] [info] Sensitivity aim: 10
[2026-09-24 13:12:55.005] [info] Legacy static GCID auth: false
[2026-09-24 13:12:55.005] [info] Kill feed weapon icons: true
[2026-09-24 13:12:55.005] [info] Gameplay patches: heli camera false / aiming walk rifle false / sprint anywhere false
[2026-09-24 13:12:55.005] [info] Gameplay patches: country rifle false / walk-aim high FPS false / inverse diving false / weapon spread false / carcols false
[2026-09-24 13:12:55.005] [info] Gameplay patches: AI heli speed false / vehicle turning false / colour picker false
[2026-09-24 13:12:55.006] [info] Gyro aiming: first person false / third person false / sensitivity 30 / dead zone 0
[2026-09-24 13:12:55.006] [info] Gyro aiming: inverted vertical false
[2026-09-24 13:12:55.006] [info] Voice volume: 100 / mic volume: 75
[2026-09-24 13:12:55.006] [info] SA-MP version: 0.3.DL-R1
[2026-09-24 13:12:55.006] [info] Loading libGTASA.so...
[2026-09-24 13:12:55.006] [info] Memory::open: dlopen("libGTASA.so") = 0x721401279ac0
[2026-09-24 13:12:55.007] [info] Memory::open: getLibAddrFor("libGTASA.so") = 0xC134000
[2026-09-24 13:12:55.007] [info] libGTASA.so base: 0xC134000
[2026-09-24 13:12:55.010] [info] Crashlytics initialized in 2ms
[2026-09-24 13:12:55.011] [info] Loading BASS library..
[2026-09-24 13:12:55.015] [info] Initializing SA...
[2026-09-24 13:12:55.018] [info] Model tables extended: 32768 streaming ids, 32768 model-info ids (6452 custom slots from 26316)
[2026-09-24 13:12:55.018] [info] CModelInfo::Initialize
[2026-09-24 13:12:55.019] [info] CPlaceable::Initialize
[2026-09-24 13:12:55.019] [info] CWorld::Initialize
[2026-09-24 13:12:55.019] [info] CPools::Initialize
[2026-09-24 13:12:55.019] [info] CRealTimeShadowManager::Initialize
[2026-09-24 13:12:55.019] [info] Applying patches...
[2026-09-24 13:12:55.019] [info] Memory::saveBytesToMap addr: 0xc499f10 bytes: 84 d2 fa 97 
[2026-09-24 13:12:55.020] [info] Memory::saveBytesToMap addr: 0xc609b00 bytes: f3 0f 1e f8 
[2026-09-24 13:12:55.020] [info] Memory::saveBytesToMap addr: 0xc708ab4 bytes: fd 7b bf a9 
[2026-09-24 13:12:55.020] [info] Memory::saveBytesToMap addr: 0xc497454 bytes: bf 24 fb 97 
[2026-09-24 13:12:55.020] [info] Memory::saveBytesToMap addr: 0xc4974a4 bytes: ab 24 fb 97 
[2026-09-24 13:12:55.020] [info] Memory::saveBytesToMap addr: 0xc68b74c bytes: 88 01 00 b9 
[2026-09-24 13:12:55.020] [info] Memory::saveBytesToMap addr: 0xc610d6c bytes: 80 02 00 37 
[2026-09-24 13:12:55.020] [info] Memory::saveBytesToMap addr: 0xc610e00 bytes: 80 02 00 37 
[2026-09-24 13:12:55.020] [info] Memory::saveBytesToMap addr: 0xc3bbd24 bytes: 49 2e 00 90 
[2026-09-24 13:12:55.021] [info] Memory::saveBytesToMap addr: 0xc62389c bytes: ff c3 01 d1 
[2026-09-24 13:12:55.021] [info] Memory::saveBytesToMap addr: 0xc5f60a4 bytes: f7 0f 1c f8 
[2026-09-24 13:12:55.021] [info] Memory::saveBytesToMap addr: 0xc6503e0 bytes: ff 03 01 d1 
[2026-09-24 13:12:55.022] [info] Memory::saveBytesToMap addr: 0xc650488 bytes: e9 23 bc 6d 
[2026-09-24 13:12:55.022] [info] Memory::saveBytesToMap addr: 0xc652ad8 bytes: ff 03 01 d1 
[2026-09-24 13:12:55.022] [info] Memory::saveBytesToMap addr: 0xc4f8638 bytes: ff 43 05 d1 
[2026-09-24 13:12:55.025] [info] Memory::saveBytesToMap addr: 0xc4f8728 bytes: ff 83 05 d1 
[2026-09-24 13:12:55.025] [info] Memory::saveBytesToMap addr: 0xc4f74ac bytes: ff 03 02 d1 
[2026-09-24 13:12:55.025] [info] Memory::saveBytesToMap addr: 0xc4f745c bytes: f3 0f 1e f8 
[2026-09-24 13:12:55.025] [info] Memory::saveBytesToMap addr: 0xc702b40 bytes: ff c3 01 d1 
[2026-09-24 13:12:55.026] [info] Memory::saveBytesToMap addr: 0xc704d4c bytes: ff 03 02 d1 
[2026-09-24 13:12:55.027] [info] Memory::saveBytesToMap addr: 0xc6f7970 bytes: 68 32 06 b9 
[2026-09-24 13:12:55.027] [info] Memory::saveBytesToMap addr: 0xc74f044 bytes: ff 03 02 d1 
[2026-09-24 13:12:55.027] [info] Memory::saveBytesToMap addr: 0xc7a8610 bytes: 40 a3 ee 97 
[2026-09-24 13:12:55.027] [info] Memory::saveBytesToMap addr: 0xc7b6c1c bytes: bd 69 ee 97 
[2026-09-24 13:12:55.027] [info] Memory::saveBytesToMap addr: 0xc7c1d0c bytes: 81 3d ee 97 
[2026-09-24 13:12:55.027] [info] Memory::saveBytesToMap addr: 0xc7d4a68 bytes: 2a f2 ed 97 
[2026-09-24 13:12:55.027] [info] Memory::saveBytesToMap addr: 0xc83e3d0 bytes: 40 80 ec 97 
[2026-09-24 13:12:55.028] [info] Memory::saveBytesToMap addr: 0xc7b99bc bytes: a8 00 00 54 
[2026-09-24 13:12:55.028] [info] Memory::saveBytesToMap addr: 0xc6247dc bytes: 59 da f4 97 
[2026-09-24 13:12:55.028] [info] Memory::saveBytesToMap addr: 0xc5a6904 bytes: ff 43 03 d1 
[2026-09-24 13:12:55.028] [info] Memory::saveBytesToMap addr: 0xc7d08f4 bytes: ff c3 02 d1 
[2026-09-24 13:12:55.028] [info] Memory::saveBytesToMap addr: 0xc68ae14 bytes: ff 83 00 d1 
[2026-09-24 13:12:55.028] [info] Memory::saveBytesToMap addr: 0xc50058c bytes: f5 0f 1d f8 
[2026-09-24 13:12:55.029] [info] Memory::saveBytesToMap addr: 0xc624c94 bytes: 08 00 40 f9 
[2026-09-24 13:12:55.029] [info] Memory::saveBytesToMap addr: 0xc65922c bytes: c5 20 f4 97 
[2026-09-24 13:12:55.029] [info] Memory::saveBytesToMap addr: 0xc659e14 bytes: cb 1d f4 97 
[2026-09-24 13:12:55.029] [info] Memory::saveBytesToMap addr: 0xc639bf8 bytes: e9 23 bb 6d 
[2026-09-24 13:12:55.029] [info] Memory::saveBytesToMap addr: 0xc83e61c bytes: f5 0f 1d f8 
[2026-09-24 13:12:55.029] [info] Memory::saveBytesToMap addr: 0xc708338 bytes: ff 03 01 d1 
[2026-09-24 13:12:55.029] [info] Memory::saveBytesToMap addr: 0xc7082d8 bytes: f5 0f 1d f8 
[2026-09-24 13:12:55.029] [info] Memory::saveBytesToMap addr: 0xc6cfad0 bytes: 58 0b f2 97 08 3c 46 39 28 06 00 34 
[2026-09-24 13:12:55.030] [info] Memory::saveBytesToMap addr: 0xc788a8c bytes: e8 0f 1b fc 
[2026-09-24 13:12:55.030] [info] Memory::saveBytesToMap addr: 0xc4dfb3c bytes: f3 0f 1e f8 
[2026-09-24 13:12:55.030] [info] Memory::saveBytesToMap addr: 0xc7c4560 bytes: f4 4f be a9 
[2026-09-24 13:12:55.030] [info] Memory::saveBytesToMap addr: 0xc5af340 bytes: f5 0f 1d f8 
[2026-09-24 13:12:55.030] [info] Memory::saveBytesToMap addr: 0xc46ba2c bytes: 00 01 00 f9 
[2026-09-24 13:12:55.030] [info] Installing hooks...
[2026-09-24 13:12:55.030] [info] Initializing XclipseFix fix...
[2026-09-24 13:12:55.031] [info] XclipseFix RQ_Command_rqInit hook installed
[2026-09-24 13:12:55.043] [info] SetMoveAnim: reimplementation installed
[2026-09-24 13:12:55.043] [info] SafeCTaskSimpleUseGunCtor: redirect installed (BUGS/3 A75 errata mitigation)
[2026-09-24 13:12:55.044] [info] Installing pickup hooks...
[2026-09-24 13:12:55.044] [info] Installing remove building hooks...
[2026-09-24 13:12:55.044] [info] MapLimits: installing out-of-bounds world support
[2026-09-24 13:12:55.044] [info] MapLimits: CIplStore bounds -> +/-10000 @ 0x739070
[2026-09-24 13:12:55.044] [info] MapLimits: installing SA-MP style object drawing
[2026-09-24 13:12:55.044] [info] Installing pad hooks...
[2026-09-24 13:12:55.045] [info] Installing widget fix hooks...
[2026-09-24 13:12:55.045] [info] Installing crosshair fix hooks...
[2026-09-24 13:12:55.046] [info] GyroAiming: _ZN4CCam17Process_AimWeaponERK7CVectorfff hooked
[2026-09-24 13:12:55.046] [info] GyroAiming: _ZN4CCam21Process_M16_1stPersonERK7CVectorfff hooked
[2026-09-24 13:12:55.046] [info] GyroAiming: _ZN6CTimer6UpdateEv hooked
[2026-09-24 13:12:55.046] [info] GyroAiming: 2 camera(s), sensitivity 30, dead zone 0/1000
[2026-09-24 13:12:55.046] [info] Initializing multi touch..
[2026-09-24 13:12:55.046] [info] NVEventQueue @ c9ea108 insertIdx=0 headIdx=0 processingPause=0 finishing=0
[2026-09-24 13:12:55.046] [info] NVEvent: ring buffer bypass active (consumer-side, no producer patches)
[2026-09-24 13:12:55.046] [info] NVEvent: NVEventInsertNewest hooked (killed flag bypass)
[2026-09-24 13:12:55.046] [info] Game::Game
[2026-09-24 13:12:55.047] [info] Client::initialize finished in 61ms
[2026-09-24 13:12:55.352] [info] ClientSecurity: session accepted
[2026-09-24 13:12:55.967] [info] CTimer_EndUserPause
[2026-09-24 13:12:55.977] [error] OS_FileOpen failed (1): gta_sa.set
[2026-09-24 13:12:55.978] [info] RenderQueue_Initialize
[2026-09-24 13:12:55.978] [info] RenderQueue expanded to 4194304 bytes for DL custom geometry
[2026-09-24 13:12:55.984] [info] XclipseFix probe #1: manufacturer=samsung brand=samsung model=SM-S908E product=b0qxxx device=b0q board=taro hardware=qcom socManufacturer=<empty> socModel=<empty> sdk=28
[2026-09-24 13:12:55.984] [info] XclipseFix GL #1: vendor=Qualcomm renderer=Adreno (TM) 650 version=OpenGL ES 3.2 (4.5.0 Core Profile Context 26.8.1.260806) eglDisplay=0x1 eglContext=0x721420027A80 eglSurface=0x721420027B00 extS3TC=true extDXT1=false extATC=false extPVRTC=false
[2026-09-24 13:12:55.984] [info] XclipseFix decision #1: rendererMatched=false samsungAmdMatched=false modelMatched=false reason=no-match shouldApply=false
[2026-09-24 13:12:55.984] [info] XclipseFix workaround skipped #1
[2026-09-24 13:12:55.984] [info] Initialise3D...
[2026-09-24 13:12:55.986] [info] MatFX material free-list blocks pinned for streaming safety
[2026-09-24 13:12:55.986] [info] Initializing samp texture database...
[2026-09-24 13:12:56.026] [error] OS_FileOpen failed (1): texdb/cutscene/cutscene.txt
[2026-09-24 13:12:56.045] [info] ImGuiWrapper::initialize
[2026-09-24 13:12:56.045] [info] ImGuiWrapper display=1600x900 fontsPath=/storage/emulated/0/Android/data/ro.alynsampmobile.launcher/files/fonts/
[2026-09-24 13:12:56.045] [info] ImGui IO configured: display=1600x900 framebufferScale=(1.0,1.0) backendFlags=0x18 rendererName=alyn_renderware
[2026-09-24 13:12:56.046] [info] Body font selection begin: uiFontSize=48.8px bodyFontSize=24.4px outline=1.00 scale=(2.500,1.875)
[2026-09-24 13:12:56.047] [info] Font load attempt: path=/storage/emulated/0/Android/data/ro.alynsampmobile.launcher/files/fonts/arial_bold.ttf size=24.4px rasterDensity=1.00 file=352224 bytes rangeCodepoints=3488 outlineAdvance=1.00 fontsBefore=0 sourcesBefore=0
[2026-09-24 13:12:56.049] [info] Font load OK: path=/storage/emulated/0/Android/data/ro.alynsampmobile.launcher/files/fonts/arial_bold.ttf font=0x7214200771F0 legacy=24.4px fontsAfter=1 sourcesAfter=1 debugName=arial_bold.ttf
[2026-09-24 13:12:56.049] [info] Body font selected: font=0x7214200771F0 debug=arial_bold.ttf legacy=24.4px
[2026-09-24 13:12:56.050] [info] Font load attempt: path=/storage/emulated/0/Android/data/ro.alynsampmobile.launcher/files/fonts/gtaweap3.ttf size=24.4px rasterDensity=1.00 file=104004 bytes rangeCodepoints=3488 outlineAdvance=1.00 fontsBefore=1 sourcesBefore=1
[2026-09-24 13:12:56.050] [info] Font load OK: path=/storage/emulated/0/Android/data/ro.alynsampmobile.launcher/files/fonts/gtaweap3.ttf font=0x721420077260 legacy=24.4px fontsAfter=2 sourcesAfter=2 debugName=gtaweap3.ttf
[2026-09-24 13:12:56.051] [info] Weapon font selected: font=0x721420077260 fallbackToBody=0 debug=gtaweap3.ttf
[2026-09-24 13:12:56.051] [info] Font load attempt: path=/storage/emulated/0/Android/data/ro.alynsampmobile.launcher/files/fonts/sampaux3.ttf size=24.4px rasterDensity=1.00 file=7376 bytes rangeCodepoints=3488 outlineAdvance=1.00 fontsBefore=2 sourcesBefore=2
[2026-09-24 13:12:56.051] [info] Font load OK: path=/storage/emulated/0/Android/data/ro.alynsampmobile.launcher/files/fonts/sampaux3.ttf font=0x7214200772D0 legacy=24.4px fontsAfter=3 sourcesAfter=3 debugName=sampaux3.ttf
[2026-09-24 13:12:56.051] [info] SA-MP auxiliary font selected: font=0x7214200772D0 fallbackToBody=0 debug=sampaux3.ttf
[2026-09-24 13:12:56.051] [info] ImGui FontDefault set: font=0x7214200771F0
[2026-09-24 13:12:56.052] [info] ImGuiWrapper::buildAtlasDeferred begin: bodySize=24.4px body=0x7214200771F0 weapon=0x721420077260 samp=0x7214200772D0 fontDefault=0x7214200771F0
[2026-09-24 13:12:56.052] [info] Font atlas diag [build-begin]: fonts=3 sources=3 texList=1 built=0 locked=0 rendererHasTextures=1 flags=0x0 min=512x128 max=8192x8192 desiredFormat=0 texId=0x0 texUnique=1 status=2(WantCreate) fmt=0 512x128 bpp=4 pixels=0x7213FBA5EA80 bytes=262144 updates=0 used=(0,0 280x33) update=(0,0 280x33) useColors=0 uvScale=(0.001953,0.007812) white=(0.069336,0.003906)
[2026-09-24 13:12:56.052] [info] Font diag [build-begin:body]: font=0x7214200771F0 debug=arial_bold.ttf legacy=24.4px flags=0x0 sources=1 fallback=U+3F requested=24.4px baked=not-inspected
[2026-09-24 13:12:56.053] [info] Font diag [build-begin:weapon]: font=0x721420077260 debug=gtaweap3.ttf legacy=24.4px flags=0x0 sources=1 fallback=U+3F requested=24.4px baked=not-inspected
[2026-09-24 13:12:56.053] [info] Font diag [build-begin:sampaux]: font=0x7214200772D0 debug=sampaux3.ttf legacy=24.4px flags=0x0 sources=1 fallback=U+20 requested=24.4px baked=not-inspected
[2026-09-24 13:12:56.053] [warning] GL_MAX_TEXTURE_SIZE=0 — likely no current GL context at atlas-build time; falling back to tight atlas (limited CJK, trimmed emoji)
[2026-09-24 13:12:56.053] [info] RenderWare font atlas cap forced to 2048x2048 for local raster creation
[2026-09-24 13:12:56.053] [info] Script font merge begin: body=0x7214200771F0 size=24.4px tight=1 fontsBefore=3 sourcesBefore=3
[2026-09-24 13:12:56.054] [info] Latin/Cyrillic fallback candidate missing: /system/fonts/NotoSans-Regular.ttf errno=2
[2026-09-24 13:12:56.054] [info] Latin/Cyrillic fallback merge attempt: path=/system/fonts/Roboto-Regular.ttf size=24.4px rasterDensity=1.00 file=305608 bytes glyphRangeCodepoints=1120 fontsBefore=3 sourcesBefore=3
[2026-09-24 13:12:56.054] [info] Merged Latin/Cyrillic fallback font: /system/fonts/Roboto-Regular.ttf target=0x7214200771F0 returned=0x7214200771F0 sourcesAfter=4
[2026-09-24 13:12:56.054] [info] Latin/Cyrillic fallback merge summary: merged=1 missingCandidates=1
[2026-09-24 13:12:56.056] [info] Script merge attempt: Thai path=/system/fonts/NotoSansThai-Regular.ttf size=24.4px scale=1.00 rasterDensity=1.00 file=21380 bytes glyphRangeCodepoints=128 heavy=0 fontsBefore=3 sourcesBefore=4
[2026-09-24 13:12:56.057] [info] Merged script font: Thai (/system/fonts/NotoSansThai-Regular.ttf) at 24.4px
[2026-09-24 13:12:56.057] [info] Script merge attempt: Lao path=/system/fonts/NotoSansLao-Regular.ttf size=24.4px scale=1.00 rasterDensity=1.00 file=30564 bytes glyphRangeCodepoints=128 heavy=0 fontsBefore=3 sourcesBefore=5
[2026-09-24 13:12:56.057] [info] Merged script font: Lao (/system/fonts/NotoSansLao-Regular.ttf) at 24.4px
[2026-09-24 13:12:56.057] [info] Script merge attempt: Lao UI path=/system/fonts/NotoSansLaoUI-Regular.ttf size=24.4px scale=1.00 rasterDensity=1.00 file=30568 bytes glyphRangeCodepoints=128 heavy=0 fontsBefore=3 sourcesBefore=6
[2026-09-24 13:12:56.057] [info] Merged script font: Lao UI (/system/fonts/NotoSansLaoUI-Regular.ttf) at 24.4px
[2026-09-24 13:12:56.058] [info] Script merge attempt: Hebrew path=/system/fonts/NotoSansHebrew-Regular.ttf size=24.4px scale=1.00 rasterDensity=1.00 file=17352 bytes glyphRangeCodepoints=163 heavy=0 fontsBefore=3 sourcesBefore=7
[2026-09-24 13:12:56.058] [info] Merged script font: Hebrew (/system/fonts/NotoSansHebrew-Regular.ttf) at 24.4px
[2026-09-24 13:12:56.058] [info] Script merge attempt: Arabic UI path=/system/fonts/NotoNaskhArabicUI-Regular.ttf size=24.4px scale=1.00 rasterDensity=1.00 file=120800 bytes glyphRangeCodepoints=1136 heavy=0 fontsBefore=3 sourcesBefore=8
[2026-09-24 13:12:56.058] [info] Merged script font: Arabic UI (/system/fonts/NotoNaskhArabicUI-Regular.ttf) at 24.4px
[2026-09-24 13:12:56.058] [info] Script merge attempt: Arabic path=/system/fonts/NotoNaskhArabic-Regular.ttf size=24.4px scale=1.00 rasterDensity=1.00 file=116716 bytes glyphRangeCodepoints=1136 heavy=0 fontsBefore=3 sourcesBefore=9
[2026-09-24 13:12:56.059] [info] Merged script font: Arabic (/system/fonts/NotoNaskhArabic-Regular.ttf) at 24.4px
[2026-09-24 13:12:56.059] [info] Script font candidate missing: Arabic (sans) (/system/fonts/NotoSansArabic-Regular.ttf) errno=2
[2026-09-24 13:12:56.059] [info] Script font candidate missing: Devanagari UI (/system/fonts/NotoSansDevanagariUI-VF.ttf) errno=2
[2026-09-24 13:12:56.059] [info] Script font candidate missing: Devanagari (/system/fonts/NotoSansDevanagari-Regular.ttf) errno=2
[2026-09-24 13:12:56.059] [info] Script font candidate missing: Bengali UI (/system/fonts/NotoSansBengaliUI-VF.ttf) errno=2
[2026-09-24 13:12:56.059] [info] Script font candidate missing: Bengali (/system/fonts/NotoSansBengali-Regular.ttf) errno=2
[2026-09-24 13:12:56.059] [info] Script font candidate missing: Tamil UI (/system/fonts/NotoSansTamilUI-VF.ttf) errno=2
[2026-09-24 13:12:56.059] [info] Script font candidate missing: Tamil (/system/fonts/NotoSansTamil-Regular.ttf) errno=2
[2026-09-24 13:12:56.059] [info] Script font candidate missing: Telugu UI (/system/fonts/NotoSansTeluguUI-VF.ttf) errno=2
[2026-09-24 13:12:56.059] [info] Script merge attempt: Telugu path=/system/fonts/NotoSansTelugu-Regular.ttf size=24.4px scale=1.00 rasterDensity=1.00 file=110700 bytes glyphRangeCodepoints=128 heavy=0 fontsBefore=3 sourcesBefore=10
[2026-09-24 13:12:56.059] [info] Merged script font: Telugu (/system/fonts/NotoSansTelugu-Regular.ttf) at 24.4px
[2026-09-24 13:12:56.059] [info] Script font candidate missing: Sinhala UI (/system/fonts/NotoSansSinhalaUI-VF.ttf) errno=2
[2026-09-24 13:12:56.059] [info] Script font candidate missing: Sinhala (/system/fonts/NotoSansSinhala-Regular.ttf) errno=2
[2026-09-24 13:12:56.060] [info] Script merge attempt: Khmer UI path=/system/fonts/NotoSansKhmerUI-Regular.ttf size=24.4px scale=1.00 rasterDensity=1.00 file=37932 bytes glyphRangeCodepoints=160 heavy=0 fontsBefore=3 sourcesBefore=11
[2026-09-24 13:12:56.060] [info] Merged script font: Khmer UI (/system/fonts/NotoSansKhmerUI-Regular.ttf) at 24.4px
[2026-09-24 13:12:56.060] [info] Script font candidate missing: Khmer (/system/fonts/NotoSansKhmer-Regular.ttf) errno=2
[2026-09-24 13:12:56.060] [info] Script merge attempt: Myanmar OTF path=/system/fonts/NotoSansMyanmar-Regular.otf size=24.4px scale=1.00 rasterDensity=1.00 file=110380 bytes glyphRangeCodepoints=224 heavy=0 fontsBefore=3 sourcesBefore=12
[2026-09-24 13:12:56.061] [info] Merged script font: Myanmar OTF (/system/fonts/NotoSansMyanmar-Regular.otf) at 24.4px
[2026-09-24 13:12:56.061] [info] Script font candidate missing: Myanmar (/system/fonts/NotoSansMyanmar-Regular.ttf) errno=2
[2026-09-24 13:12:56.061] [info] Script merge attempt: Javanese path=/system/fonts/NotoSansJavanese-Regular.otf size=24.4px scale=1.00 rasterDensity=1.00 file=86944 bytes glyphRangeCodepoints=96 heavy=0 fontsBefore=3 sourcesBefore=13
[2026-09-24 13:12:56.062] [info] Merged script font: Javanese (/system/fonts/NotoSansJavanese-Regular.otf) at 24.4px
[2026-09-24 13:12:56.062] [info] Script merge attempt: Sundanese path=/system/fonts/NotoSansSundanese-Regular.ttf size=24.4px scale=1.00 rasterDensity=1.00 file=10356 bytes glyphRangeCodepoints=64 heavy=0 fontsBefore=3 sourcesBefore=14
[2026-09-24 13:12:56.062] [info] Merged script font: Sundanese (/system/fonts/NotoSansSundanese-Regular.ttf) at 24.4px
[2026-09-24 13:12:56.062] [info] Script merge attempt: Georgian VF path=/system/fonts/NotoSansGeorgian-VF.ttf size=24.4px scale=1.00 rasterDensity=1.00 file=66720 bytes glyphRangeCodepoints=144 heavy=0 fontsBefore=3 sourcesBefore=15
[2026-09-24 13:12:56.063] [info] Merged script font: Georgian VF (/system/fonts/NotoSansGeorgian-VF.ttf) at 24.4px
[2026-09-24 13:12:56.063] [info] Script font candidate missing: Georgian (/system/fonts/NotoSansGeorgian-Regular.ttf) errno=2
[2026-09-24 13:12:56.063] [info] Script font candidate missing: Armenian VF (/system/fonts/NotoSansArmenian-VF.ttf) errno=2
[2026-09-24 13:12:56.063] [info] Script font candidate missing: Armenian (/system/fonts/NotoSansArmenian-Regular.ttf) errno=2
[2026-09-24 13:12:56.063] [info] Script font candidate missing: Ethiopic VF (/system/fonts/NotoSansEthiopic-VF.ttf) errno=2
[2026-09-24 13:12:56.063] [info] Script merge attempt: Ethiopic path=/system/fonts/NotoSansEthiopic-Regular.ttf size=24.4px scale=1.00 rasterDensity=1.00 file=143228 bytes glyphRangeCodepoints=384 heavy=0 fontsBefore=3 sourcesBefore=16
[2026-09-24 13:12:56.063] [info] Merged script font: Ethiopic (/system/fonts/NotoSansEthiopic-Regular.ttf) at 24.4px
[2026-09-24 13:12:56.063] [info] Script merge attempt: CJK probe path=/system/fonts/NotoSansCJK-Regular.ttc size=24.4px scale=1.00 rasterDensity=1.00 file=20332200 bytes glyphRangeCodepoints=301 heavy=0 fontsBefore=3 sourcesBefore=17
[2026-09-24 13:12:56.073] [info] Merged script font: CJK probe (/system/fonts/NotoSansCJK-Regular.ttc) at 24.4px
[2026-09-24 13:12:56.073] [info] Script font candidate missing: CJK probe fallback (/system/fonts/DroidSansFallback.ttf) errno=2
[2026-09-24 13:12:56.073] [info] Script merge attempt: Symbols probe path=/system/fonts/NotoSansSymbols-Regular-Subsetted.ttf size=24.4px scale=1.00 rasterDensity=1.00 file=709192 bytes glyphRangeCodepoints=18 heavy=0 fontsBefore=3 sourcesBefore=18
[2026-09-24 13:12:56.074] [info] Merged script font: Symbols probe (/system/fonts/NotoSansSymbols-Regular-Subsetted.ttf) at 24.4px
[2026-09-24 13:12:56.074] [info] Script merge attempt: Symbols2 probe path=/system/fonts/NotoSansSymbols-Regular-Subsetted2.ttf size=24.4px scale=1.00 rasterDensity=1.00 file=32932 bytes glyphRangeCodepoints=18 heavy=0 fontsBefore=3 sourcesBefore=19
[2026-09-24 13:12:56.074] [info] Merged script font: Symbols2 probe (/system/fonts/NotoSansSymbols-Regular-Subsetted2.ttf) at 24.4px
[2026-09-24 13:12:56.074] [info] Skipping heavy script font on tight atlas: CJK (Chinese/Japanese) (/system/fonts/NotoSansCJK-Regular.ttc)
[2026-09-24 13:12:56.074] [info] Skipping heavy script font on tight atlas: CJK (DroidSans fallback) (/system/fonts/DroidSansFallback.ttf)
[2026-09-24 13:12:56.074] [info] Skipping heavy script font on tight atlas: Symbols (/system/fonts/NotoSansSymbols-Regular-Subsetted.ttf)
[2026-09-24 13:12:56.075] [info] Script font merge summary: merged=16 missing=17 skippedHeavy=3 failed=0 fontsAfter=3 sourcesAfter=20
[2026-09-24 13:12:56.075] [info] Font atlas diag [after-script-merge]: fonts=3 sources=20 texList=1 built=0 locked=0 rendererHasTextures=1 flags=0x0 min=512x128 max=2048x2048 desiredFormat=0 texId=0x0 texUnique=1 status=2(WantCreate) fmt=0 512x128 bpp=4 pixels=0x7213FBA5EA80 bytes=262144 updates=0 used=(0,0 280x33) update=(0,0 280x33) useColors=0 uvScale=(0.001953,0.007812) white=(0.069336,0.003906)
[2026-09-24 13:12:56.075] [info] Font diag [after-script-merge:body]: font=0x7214200771F0 debug=arial_bold.ttf legacy=24.4px flags=0x0 sources=18 fallback=U+3F requested=24.4px baked=not-inspected
[2026-09-24 13:12:56.075] [info] Emoji font candidate: path=/system/fonts/NotoColorEmoji.ttf exists=1 file=10419948 bytes tight=1
[2026-09-24 13:12:56.076] [info] Emoji font strike probe: exists=1 hasUsableBitmapStrike=1
[2026-09-24 13:12:56.076] [info] Emoji merge attempt: path=/system/fonts/NotoColorEmoji.ttf size=24.4px rasterDensity=1.00 tight=1 ranges=3 fontBefore=0x7214200771F0 sourcesBefore=20
[2026-09-24 13:12:56.080] [info] Merged NotoColorEmoji (color emoji enabled): returned=0x7214200771F0 sourcesAfter=21
[2026-09-24 13:12:56.080] [info] Font atlas diag [before-build]: fonts=3 sources=21 texList=1 built=0 locked=0 rendererHasTextures=1 flags=0x0 min=512x128 max=2048x2048 desiredFormat=0 texId=0x0 texUnique=1 status=2(WantCreate) fmt=0 512x128 bpp=4 pixels=0x7213FBA5EA80 bytes=262144 updates=0 used=(0,0 280x33) update=(0,0 280x33) useColors=0 uvScale=(0.001953,0.007812) white=(0.069336,0.003906)
[2026-09-24 13:12:56.080] [info] Font diag [before-build:body]: font=0x7214200771F0 debug=arial_bold.ttf legacy=24.4px flags=0x0 sources=19 fallback=U+3F requested=24.4px baked=not-inspected
[2026-09-24 13:12:56.080] [info] ImFontAtlas::Build result: ok=1
[2026-09-24 13:12:56.080] [info] Font atlas diag [after-build]: fonts=3 sources=21 texList=1 built=1 locked=0 rendererHasTextures=1 flags=0x0 min=512x128 max=2048x2048 desiredFormat=0 texId=0x0 texUnique=1 status=2(WantCreate) fmt=0 512x128 bpp=4 pixels=0x7213FBA5EA80 bytes=262144 updates=0 used=(0,0 280x33) update=(0,0 280x33) useColors=0 uvScale=(0.001953,0.007812) white=(0.069336,0.003906)
[2026-09-24 13:12:56.093] [info] Font diag [after-build:body]: font=0x7214200771F0 debug=arial_bold.ttf legacy=24.4px flags=0x0 sources=19 fallback=U+3F baked=0x7213FCC53A00 bakedSize=24.0px density=1.00 glyphs=6 lookup=65534 advances=65534 fallbackIdx=-1 ascent=20.0 descent=-5.0 surface=0 hasA=1 has0=1 hasQuestion=1 hasReplacement=1
[2026-09-24 13:12:56.102] [info] Font diag [after-build:weapon]: font=0x721420077260 debug=gtaweap3.ttf legacy=24.4px flags=0x0 sources=1 fallback=U+3F baked=0x7213FCC53A68 bakedSize=24.0px density=1.00 glyphs=5 lookup=66 advances=66 fallbackIdx=-1 ascent=25.0 descent=0.0 surface=0 hasA=1 has0=1 hasQuestion=1 hasReplacement=0
[2026-09-24 13:12:56.105] [info] Font diag [after-build:sampaux]: font=0x7214200772D0 debug=sampaux3.ttf legacy=24.4px flags=0x0 sources=1 fallback=U+20 baked=0x7213FCC53AD0 bakedSize=24.0px density=1.00 glyphs=4 lookup=66 advances=66 fallbackIdx=-1 ascent=28.0 descent=3.0 surface=0 hasA=1 has0=1 hasQuestion=0 hasReplacement=0
[2026-09-24 13:12:56.107] [info] Glyph probe OK: U+F3 (Polish o acute) colored=0
[2026-09-24 13:12:56.107] [info] Glyph probe OK: U+105 (Polish a ogonek) colored=0
[2026-09-24 13:12:56.108] [info] Glyph probe OK: U+17C (Polish z dot) colored=0
[2026-09-24 13:12:56.108] [info] Glyph probe OK: U+404 (Ukrainian uppercase Ye) colored=0
[2026-09-24 13:12:56.109] [info] Glyph probe OK: U+454 (Ukrainian lowercase ye) colored=0
[2026-09-24 13:12:56.109] [info] Glyph probe OK: U+406 (Ukrainian uppercase I) colored=0
[2026-09-24 13:12:56.110] [info] Glyph probe OK: U+456 (Ukrainian lowercase i) colored=0
[2026-09-24 13:12:56.110] [info] Glyph probe OK: U+407 (Ukrainian uppercase Yi) colored=0
[2026-09-24 13:12:56.111] [info] Glyph probe OK: U+457 (Ukrainian lowercase yi) colored=0
[2026-09-24 13:12:56.111] [info] Glyph probe OK: U+490 (Ukrainian uppercase Ghe) colored=0
[2026-09-24 13:12:56.111] [info] Glyph probe OK: U+491 (Ukrainian lowercase ghe) colored=0
[2026-09-24 13:12:56.113] [info] Glyph probe OK: U+E01 (Thai ก) colored=0
[2026-09-24 13:12:56.115] [info] Glyph probe OK: U+10D2 (Georgian gani) colored=0
[2026-09-24 13:12:56.115] [warning] Glyph probe MISS: U+532 (Armenian ben) not in atlas
[2026-09-24 13:12:56.117] [info] Glyph probe OK: U+1230 (Ethiopic he) colored=0
[2026-09-24 13:12:56.118] [info] Glyph probe OK: U+6D4B (Chinese 测) colored=0
[2026-09-24 13:12:56.120] [info] Glyph probe OK: U+7B80 (Simplified Chinese jian) colored=0
[2026-09-24 13:12:56.120] [info] Glyph probe OK: U+4F53 (Simplified Chinese ti) colored=0
[2026-09-24 13:12:56.121] [info] Glyph probe OK: U+4F86 (Traditional Chinese lai) colored=0
[2026-09-24 13:12:56.122] [info] Glyph probe OK: U+6E2C (Traditional Chinese ce) colored=0
[2026-09-24 13:12:56.123] [info] Glyph probe OK: U+8A66 (Traditional Chinese shi) colored=0
[2026-09-24 13:12:56.124] [info] Glyph probe OK: U+3042 (Japanese あ) colored=0
[2026-09-24 13:12:56.124] [info] Glyph probe OK: U+65E5 (Japanese day) colored=0
[2026-09-24 13:12:56.125] [info] Glyph probe OK: U+672C (Japanese book) colored=0
[2026-09-24 13:12:56.125] [info] Glyph probe OK: U+8A9E (Japanese language) colored=0
[2026-09-24 13:12:56.126] [info] Glyph probe OK: U+C548 (Korean an) colored=0
[2026-09-24 13:12:56.126] [info] Glyph probe OK: U+D55C (Korean han) colored=0
[2026-09-24 13:12:56.127] [info] Glyph probe OK: U+AD6D (Korean guk) colored=0
[2026-09-24 13:12:56.127] [info] Glyph probe OK: U+C5B4 (Korean eo) colored=0
[2026-09-24 13:12:56.128] [info] Glyph probe OK: U+ACC4 (Korean gye) colored=0
[2026-09-24 13:12:56.129] [info] Glyph probe OK: U+1B9E (Sundanese sa) colored=0
[2026-09-24 13:12:56.129] [info] Glyph probe OK: U+2764 (Symbol heart) colored=0
[2026-09-24 13:12:56.129] [info] Glyph probe OK: U+2713 (Symbol check) colored=0
[2026-09-24 13:12:56.130] [info] Glyph probe OK: U+25A3 (Symbol boxed) colored=0
[2026-09-24 13:12:56.130] [info] Glyph probe OK: U+20AC (Symbol euro) colored=0
[2026-09-24 13:12:56.130] [info] Glyph probe OK: U+1F600 (Emoji 😀) colored=0
[2026-09-24 13:12:56.130] [info] Glyph probe OK: U+1F595 (Emoji 🖕) colored=0
[2026-09-24 13:12:56.135] [info] Material font registered from APK: 'arial' (1045720 bytes)
[2026-09-24 13:12:56.141] [info] Material font registered from APK: 'calibri' (1650632 bytes)
[2026-09-24 13:12:56.143] [info] Material font registered from APK: 'comicsansms' (272612 bytes)
[2026-09-24 13:12:56.145] [info] Material font registered from APK: 'consolas' (453088 bytes)
[2026-09-24 13:12:56.147] [info] Material font registered from APK: 'constantia' (448376 bytes)
[2026-09-24 13:12:56.148] [info] Material font registered from APK: 'corbel' (277168 bytes)
[2026-09-24 13:12:56.152] [info] Material font registered from APK: 'couriernew' (817164 bytes)
[2026-09-24 13:12:56.153] [info] Material font registered from APK: 'georgia' (219712 bytes)
[2026-09-24 13:12:56.154] [info] Material font registered from APK: 'impact' (206784 bytes)
[2026-09-24 13:12:56.154] [info] Material font registered from APK: 'lucidaconsole' (111108 bytes)
[2026-09-24 13:12:56.155] [info] Material font registered from APK: 'marlett' (27724 bytes)
[2026-09-24 13:12:56.157] [info] Material font registered from APK: 'palatinolinotype' (472284 bytes)
[2026-09-24 13:12:56.158] [info] Material font registered from APK: 'symbol' (69036 bytes)
[2026-09-24 13:12:56.162] [info] Material font registered from APK: 'tahoma' (919260 bytes)
[2026-09-24 13:12:56.168] [info] Material font registered from APK: 'timesnewroman' (1190736 bytes)
[2026-09-24 13:12:56.169] [info] Material font registered from APK: 'trebuchetms' (254396 bytes)
[2026-09-24 13:12:56.171] [info] Material font registered from APK: 'verdana' (243304 bytes)
[2026-09-24 13:12:56.171] [info] Material font registered from APK: 'webdings' (120560 bytes)
[2026-09-24 13:12:56.172] [info] Material font registered from APK: 'wingdings' (82180 bytes)
[2026-09-24 13:12:56.172] [info] Material font registered from APK: 'wingdings2' (65788 bytes)
[2026-09-24 13:12:56.173] [info] Material font registered from APK: 'wingdings3' (35328 bytes)
[2026-09-24 13:12:56.173] [info] Font atlas diag [before-raster-bind]: fonts=24 sources=42 texList=1 built=0 locked=0 rendererHasTextures=1 flags=0x0 min=512x128 max=2048x2048 desiredFormat=0 texId=0x0 texUnique=1 status=2(WantCreate) fmt=0 512x128 bpp=4 pixels=0x7213FBA5EA80 bytes=262144 updates=0 used=(0,0 510x45) update=(0,0 510x45) useColors=0 uvScale=(0.001953,0.007812) white=(0.069336,0.003906)
[2026-09-24 13:12:56.173] [info] ImGuiWrapper::createFontTexture
[2026-09-24 13:12:56.173] [info] Font atlas diag [createTexture-before-getTexData]: fonts=24 sources=42 texList=1 built=0 locked=0 rendererHasTextures=1 flags=0x0 min=512x128 max=2048x2048 desiredFormat=0 texId=0x0 texUnique=1 status=2(WantCreate) fmt=0 512x128 bpp=4 pixels=0x7213FBA5EA80 bytes=262144 updates=0 used=(0,0 510x45) update=(0,0 510x45) useColors=0 uvScale=(0.001953,0.007812) white=(0.069336,0.003906)
[2026-09-24 13:12:56.173] [info] Font atlas diag [createTexture-after-getTexData]: fonts=24 sources=42 texList=1 built=1 locked=0 rendererHasTextures=1 flags=0x0 min=512x128 max=2048x2048 desiredFormat=0 texId=0x0 texUnique=1 status=2(WantCreate) fmt=0 512x128 bpp=4 pixels=0x7213FBA5EA80 bytes=262144 updates=0 used=(0,0 510x45) update=(0,0 510x45) useColors=0 uvScale=(0.001953,0.007812) white=(0.069336,0.003906)
[2026-09-24 13:12:56.173] [info] Atlas built: 512x128 (32 bpp, 0 MB)
[2026-09-24 13:12:56.174] [info] Font image allocated: image=0x7213FCCAC020 512x128 depth=32 stride=2048 pixels=0x7213F8F7C880
[2026-09-24 13:12:56.174] [info] Font image copy: srcStride=2048 dstStride=2048 copyStride=2048 rows=128
[2026-09-24 13:12:56.174] [info] Font raster created: raster=0x7213FCCE3C10 requested=512x128
[2026-09-24 13:12:56.175] [info] RwRasterSetFromImage OK: input=0x7213FCCE3C10 final=0x7213FCCE3C10
[2026-09-24 13:12:56.175] [info] Font TexData bound to local RenderWare raster: texData=0x72142002F2C0 texId=0x7213FCCE3C10 status=0(OK)
[2026-09-24 13:12:56.175] [info] Atlas width 512
[2026-09-24 13:12:56.175] [info] Atlas height 128
[2026-09-24 13:12:56.175] [info] Font atlas diag [after-raster-bind]: fonts=24 sources=42 texList=1 built=1 locked=0 rendererHasTextures=1 flags=0x0 min=512x128 max=2048x2048 desiredFormat=0 texId=0x7213FCCE3C10 texUnique=1 status=0(OK) fmt=0 512x128 bpp=4 pixels=0x7213FBA5EA80 bytes=262144 updates=0 used=(0,0 510x45) update=(0,0 510x45) useColors=0 uvScale=(0.001953,0.007812) white=(0.069336,0.003906)
[2026-09-24 13:12:56.175] [info] Font diag [after-bind:body]: font=0x7214200771F0 debug=arial_bold.ttf legacy=24.4px flags=0x0 sources=19 fallback=U+3F baked=0x7213FCC53A00 bakedSize=24.0px density=1.00 glyphs=43 lookup=128513 advances=128513 fallbackIdx=-1 ascent=20.0 descent=-5.0 surface=8012 hasA=1 has0=1 hasQuestion=1 hasReplacement=1
[2026-09-24 13:12:56.175] [info] Font diag [after-bind:weapon]: font=0x721420077260 debug=gtaweap3.ttf legacy=24.4px flags=0x0 sources=1 fallback=U+3F baked=0x7213FCC53A68 bakedSize=24.0px density=1.00 glyphs=5 lookup=66 advances=66 fallbackIdx=-1 ascent=25.0 descent=0.0 surface=957 hasA=1 has0=1 hasQuestion=1 hasReplacement=0
[2026-09-24 13:12:56.176] [info] Font diag [after-bind:sampaux]: font=0x7214200772D0 debug=sampaux3.ttf legacy=24.4px flags=0x0 sources=1 fallback=U+20 baked=0x7213FCC53AD0 bakedSize=24.0px density=1.00 glyphs=4 lookup=66 advances=66 fallbackIdx=-1 ascent=28.0 descent=3.0 surface=878 hasA=1 has0=1 hasQuestion=0 hasReplacement=0
[2026-09-24 13:12:56.194] [info] LoadTextureFromFile: loaded blockpunch.png (512x512 -> 512x512)
[2026-09-24 13:12:56.200] [info] LoadTextureFromFile: loaded blockpunch_hover.png (512x512 -> 512x512)
[2026-09-24 13:12:56.328] [info] LoadTextureFromFile: loaded alyn_logo.png (1672x941 -> 2048x1024)
[2026-09-24 13:12:56.329] [info] Settings loaded with defaults
[2026-09-24 13:12:56.329] [warning] Settings file not found, using defaults: /storage/emulated/0/Android/data/ro.alynsampmobile.launcher/files/widget_settings.json
[2026-09-24 13:12:56.330] [info] Settings loaded with defaults
[2026-09-24 13:12:56.334] [info] Settings applied to widgets
[2026-09-24 13:12:56.335] [info] Initializing EditObject...
[2026-09-24 13:12:56.368] [error] OS_FileOpen failed (1): Adjustable.cfg
[2026-09-24 13:12:56.399] [info] Loading timecyc.dat..
[2026-09-24 13:12:56.446] [info] CTimer_StartUserPause
[2026-09-24 13:12:56.453] [error] OS_FileOpen failed (1): ALYNSAMP10.b
[2026-09-24 13:12:56.475] [info] Font atlas WantCreate: re-uploading 512x256, rebuild #1
[2026-09-24 13:12:56.475] [info] Destroying font raster: raster=0x7213FCCE3C10
[2026-09-24 13:12:56.475] [info] Font atlas diag [destroy-before]: fonts=24 sources=42 texList=2 built=0 locked=0 rendererHasTextures=1 flags=0x0 min=512x128 max=2048x2048 desiredFormat=0 texId=0x0 texUnique=2 status=2(WantCreate) fmt=0 512x256 bpp=4 pixels=0x7213F8D0E1C0 bytes=524288 updates=0 used=(0,0 510x212) update=(0,93 510x119) useColors=0 uvScale=(0.001953,0.003906) white=(0.069336,0.001953)
[2026-09-24 13:12:56.475] [info] Font atlas diag [destroy-after]: fonts=24 sources=42 texList=2 built=0 locked=0 rendererHasTextures=1 flags=0x0 min=512x128 max=2048x2048 desiredFormat=0 texId=0x0 texUnique=2 status=2(WantCreate) fmt=0 512x256 bpp=4 pixels=0x7213F8D0E1C0 bytes=524288 updates=0 used=(0,0 510x212) update=(0,93 510x119) useColors=0 uvScale=(0.001953,0.003906) white=(0.069336,0.001953)
[2026-09-24 13:12:56.476] [info] ImGuiWrapper::createFontTexture
[2026-09-24 13:12:56.476] [info] Font atlas diag [createTexture-before-getTexData]: fonts=24 sources=42 texList=2 built=0 locked=0 rendererHasTextures=1 flags=0x0 min=512x128 max=2048x2048 desiredFormat=0 texId=0x0 texUnique=2 status=2(WantCreate) fmt=0 512x256 bpp=4 pixels=0x7213F8D0E1C0 bytes=524288 updates=0 used=(0,0 510x212) update=(0,93 510x119) useColors=0 uvScale=(0.001953,0.003906) white=(0.069336,0.001953)
[2026-09-24 13:12:56.476] [info] Font atlas diag [createTexture-after-getTexData]: fonts=24 sources=42 texList=2 built=1 locked=0 rendererHasTextures=1 flags=0x0 min=512x128 max=2048x2048 desiredFormat=0 texId=0x0 texUnique=2 status=2(WantCreate) fmt=0 512x256 bpp=4 pixels=0x7213F8D0E1C0 bytes=524288 updates=0 used=(0,0 510x212) update=(0,93 510x119) useColors=0 uvScale=(0.001953,0.003906) white=(0.069336,0.001953)
[2026-09-24 13:12:56.476] [info] Atlas built: 512x256 (32 bpp, 0 MB)
[2026-09-24 13:12:56.476] [info] Font image allocated: image=0x7213FCCAC020 512x256 depth=32 stride=2048 pixels=0x7213F8A0D940
[2026-09-24 13:12:56.476] [info] Font image copy: srcStride=2048 dstStride=2048 copyStride=2048 rows=256
[2026-09-24 13:12:56.476] [info] Font raster created: raster=0x7213FCCE3C10 requested=512x256
[2026-09-24 13:12:56.476] [info] RwRasterSetFromImage OK: input=0x7213FCCE3C10 final=0x7213FCCE3C10
[2026-09-24 13:12:56.476] [info] Font TexData bound to local RenderWare raster: texData=0x72142002FC20 texId=0x7213FCCE3C10 status=0(OK)
[2026-09-24 13:12:56.476] [info] Atlas width 512
[2026-09-24 13:12:56.476] [info] Atlas height 256
[2026-09-24 13:12:56.476] [warning] renderDrawData skipped invalid draw data: ptr=0x72142001BF38 vtx=0 idx=0
[2026-09-24 13:12:56.487] [info] Game::StartGame
[2026-09-24 13:12:56.488] [info] CTimer_EndUserPause
[2026-09-24 13:12:56.509] [warning] drawTextRaw queuing text while font texture is not ready: texData=0x72142002FC20 texId=0x7213FCCE3C10 status=3 size=512x256 bpp=4
[2026-09-24 13:12:56.510] [info] Text renderer diag [first-drawTextRaw]: font=0x7214200771F0 default=0x7214200771F0 requestedSize=18.8px legacy=24.4px baked=0x7213FCC53BA0 glyphs=16 lookup=121 atlas=0x721420038800 texData=0x72142002FC20 texId=0x7213FCCE3C10 texStatus=3 texSize=512x256 bpp=4
[2026-09-24 13:12:56.518] [info] Font atlas WantUpdates: re-uploading 512x256, rebuild #2
[2026-09-24 13:12:56.518] [info] Destroying font raster: raster=0x7213FCCE3C10
[2026-09-24 13:12:56.518] [info] Font atlas diag [destroy-before]: fonts=24 sources=42 texList=1 built=0 locked=0 rendererHasTextures=1 flags=0x0 min=512x128 max=2048x2048 desiredFormat=0 texId=0x7213FCCE3C10 texUnique=2 status=3(WantUpdates) fmt=0 512x256 bpp=4 pixels=0x7213F8D0E1C0 bytes=524288 updates=89 used=(0,0 510x214) update=(0,168 496x46) useColors=0 uvScale=(0.001953,0.003906) white=(0.069336,0.001953)
[2026-09-24 13:12:56.518] [info] Font atlas diag [destroy-after]: fonts=24 sources=42 texList=1 built=0 locked=0 rendererHasTextures=1 flags=0x0 min=512x128 max=2048x2048 desiredFormat=0 texId=0x0 texUnique=2 status=3(WantUpdates) fmt=0 512x256 bpp=4 pixels=0x7213F8D0E1C0 bytes=524288 updates=89 used=(0,0 510x214) update=(0,168 496x46) useColors=0 uvScale=(0.001953,0.003906) white=(0.069336,0.001953)
[2026-09-24 13:12:56.518] [info] ImGuiWrapper::createFontTexture
[2026-09-24 13:12:56.518] [info] Font atlas diag [createTexture-before-getTexData]: fonts=24 sources=42 texList=1 built=0 locked=0 rendererHasTextures=1 flags=0x0 min=512x128 max=2048x2048 desiredFormat=0 texId=0x0 texUnique=2 status=3(WantUpdates) fmt=0 512x256 bpp=4 pixels=0x7213F8D0E1C0 bytes=524288 updates=89 used=(0,0 510x214) update=(0,168 496x46) useColors=0 uvScale=(0.001953,0.003906) white=(0.069336,0.001953)
[2026-09-24 13:12:56.518] [info] Font atlas diag [createTexture-after-getTexData]: fonts=24 sources=42 texList=1 built=1 locked=0 rendererHasTextures=1 flags=0x0 min=512x128 max=2048x2048 desiredFormat=0 texId=0x0 texUnique=2 status=3(WantUpdates) fmt=0 512x256 bpp=4 pixels=0x7213F8D0E1C0 bytes=524288 updates=89 used=(0,0 510x214) update=(0,168 496x46) useColors=0 uvScale=(0.001953,0.003906) white=(0.069336,0.001953)
[2026-09-24 13:12:56.518] [info] Atlas built: 512x256 (32 bpp, 0 MB)
[2026-09-24 13:12:56.518] [info] Font image allocated: image=0x7213FCCAC020 512x256 depth=32 stride=2048 pixels=0x7213F8A0D8C0
[2026-09-24 13:12:56.518] [info] Font image copy: srcStride=2048 dstStride=2048 copyStride=2048 rows=256
[2026-09-24 13:12:56.518] [info] Font raster created: raster=0x7213FCCE3C10 requested=512x256
[2026-09-24 13:12:56.519] [info] RwRasterSetFromImage OK: input=0x7213FCCE3C10 final=0x7213FCCE3C10
[2026-09-24 13:12:56.519] [info] Font TexData bound to local RenderWare raster: texData=0x72142002FC20 texId=0x7213FCCE3C10 status=0(OK)
[2026-09-24 13:12:56.519] [info] Atlas width 512
[2026-09-24 13:12:56.519] [info] Atlas height 256
[2026-09-24 13:12:56.519] [info] ImGuiWrapper::checkVertexBuffer
[2026-09-24 13:12:56.519] [info] Vertex buffer reallocated. Size 14336
[2026-09-24 13:12:56.519] [info] renderDrawData first valid frame: cmdLists=1 totalVtx=4336 totalIdx=6684 fb=1600x900 fontRaster=0x7213FCCE3C10 fontTexData=0x72142002FC20 fontTexId=0x7213FCCE3C10
[2026-09-24 13:12:56.519] [info] renderDrawData first texture bind: tex=0x7213FCCE3C10 list=0 cmd=0 elem=6 clip=(0.0,0.0,1600.0,900.0)
[2026-09-24 13:12:56.536] [info] Initializing CPools...
[2026-09-24 13:12:56.542] [error] OS_FileOpen failed (1): gta3.ini
[2026-09-24 13:12:56.543] [info] [SafeDxtDecode] 32-bit decoder active (first call: fmt=0x83F3 32x512)
[2026-09-24 13:12:57.185] [info] Font atlas WantUpdates: re-uploading 512x256, rebuild #3
[2026-09-24 13:12:57.185] [info] Destroying font raster: raster=0x7213FCCE3C10
[2026-09-24 13:12:57.185] [info] Font atlas diag [destroy-before]: fonts=24 sources=42 texList=1 built=0 locked=0 rendererHasTextures=1 flags=0x0 min=512x128 max=2048x2048 desiredFormat=0 texId=0x7213FCCE3C10 texUnique=2 status=3(WantUpdates) fmt=0 512x256 bpp=4 pixels=0x7213F8D0E1C0 bytes=524288 updates=3 used=(0,0 510x219) update=(31,204 312x15) useColors=0 uvScale=(0.001953,0.003906) white=(0.069336,0.001953)
[2026-09-24 13:12:57.185] [info] Font atlas diag [destroy-after]: fonts=24 sources=42 texList=1 built=0 locked=0 rendererHasTextures=1 flags=0x0 min=512x128 max=2048x2048 desiredFormat=0 texId=0x0 texUnique=2 status=3(WantUpdates) fmt=0 512x256 bpp=4 pixels=0x7213F8D0E1C0 bytes=524288 updates=3 used=(0,0 510x219) update=(31,204 312x15) useColors=0 uvScale=(0.001953,0.003906) white=(0.069336,0.001953)
[2026-09-24 13:12:57.185] [info] ImGuiWrapper::createFontTexture
[2026-09-24 13:12:57.185] [info] Font atlas diag [createTexture-before-getTexData]: fonts=24 sources=42 texList=1 built=0 locked=0 rendererHasTextures=1 flags=0x0 min=512x128 max=2048x2048 desiredFormat=0 texId=0x0 texUnique=2 status=3(WantUpdates) fmt=0 512x256 bpp=4 pixels=0x7213F8D0E1C0 bytes=524288 updates=3 used=(0,0 510x219) update=(31,204 312x15) useColors=0 uvScale=(0.001953,0.003906) white=(0.069336,0.001953)
[2026-09-24 13:12:57.185] [info] Font atlas diag [createTexture-after-getTexData]: fonts=24 sources=42 texList=1 built=1 locked=0 rendererHasTextures=1 flags=0x0 min=512x128 max=2048x2048 desiredFormat=0 texId=0x0 texUnique=2 status=3(WantUpdates) fmt=0 512x256 bpp=4 pixels=0x7213F8D0E1C0 bytes=524288 updates=3 used=(0,0 510x219) update=(31,204 312x15) useColors=0 uvScale=(0.001953,0.003906) white=(0.069336,0.001953)
[2026-09-24 13:12:57.185] [info] Atlas built: 512x256 (32 bpp, 0 MB)
[2026-09-24 13:12:57.185] [info] Font image allocated: image=0x7213FCCAC020 512x256 depth=32 stride=2048 pixels=0x7213F470ECC0
[2026-09-24 13:12:57.185] [info] Font image copy: srcStride=2048 dstStride=2048 copyStride=2048 rows=256
[2026-09-24 13:12:57.186] [info] Font raster created: raster=0x7213FCCE3C10 requested=512x256
[2026-09-24 13:12:57.186] [info] RwRasterSetFromImage OK: input=0x7213FCCE3C10 final=0x7213FCCE3C10
[2026-09-24 13:12:57.186] [info] Font TexData bound to local RenderWare raster: texData=0x72142002FC20 texId=0x7213FCCE3C10 status=0(OK)
[2026-09-24 13:12:57.186] [info] Atlas width 512
[2026-09-24 13:12:57.186] [info] Atlas height 256
[2026-09-24 13:12:57.188] [info] Initializing image list...
[2026-09-24 13:12:57.239] [error] OS_FileOpen failed (1): CINFO.BIN
[2026-09-24 13:12:57.273] [info] Loading peds.ide..
[2026-09-24 13:12:57.296] [info] Font atlas WantUpdates: re-uploading 512x256, rebuild #4
[2026-09-24 13:12:57.297] [info] Destroying font raster: raster=0x7213FCCE3C10
[2026-09-24 13:12:57.297] [info] Font atlas diag [destroy-before]: fonts=24 sources=42 texList=1 built=0 locked=0 rendererHasTextures=1 flags=0x0 min=512x128 max=2048x2048 desiredFormat=0 texId=0x7213FCCE3C10 texUnique=2 status=3(WantUpdates) fmt=0 512x256 bpp=4 pixels=0x7213F8D0E1C0 bytes=524288 updates=1 used=(0,0 510x222) update=(116,207 8x15) useColors=0 uvScale=(0.001953,0.003906) white=(0.069336,0.001953)
[2026-09-24 13:12:57.297] [info] Font atlas diag [destroy-after]: fonts=24 sources=42 texList=1 built=0 locked=0 rendererHasTextures=1 flags=0x0 min=512x128 max=2048x2048 desiredFormat=0 texId=0x0 texUnique=2 status=3(WantUpdates) fmt=0 512x256 bpp=4 pixels=0x7213F8D0E1C0 bytes=524288 updates=1 used=(0,0 510x222) update=(116,207 8x15) useColors=0 uvScale=(0.001953,0.003906) white=(0.069336,0.001953)
[2026-09-24 13:12:57.297] [info] ImGuiWrapper::createFontTexture
[2026-09-24 13:12:57.297] [info] Font atlas diag [createTexture-before-getTexData]: fonts=24 sources=42 texList=1 built=0 locked=0 rendererHasTextures=1 flags=0x0 min=512x128 max=2048x2048 desiredFormat=0 texId=0x0 texUnique=2 status=3(WantUpdates) fmt=0 512x256 bpp=4 pixels=0x7213F8D0E1C0 bytes=524288 updates=1 used=(0,0 510x222) update=(116,207 8x15) useColors=0 uvScale=(0.001953,0.003906) white=(0.069336,0.001953)
[2026-09-24 13:12:57.297] [info] Font atlas diag [createTexture-after-getTexData]: fonts=24 sources=42 texList=1 built=1 locked=0 rendererHasTextures=1 flags=0x0 min=512x128 max=2048x2048 desiredFormat=0 texId=0x0 texUnique=2 status=3(WantUpdates) fmt=0 512x256 bpp=4 pixels=0x7213F8D0E1C0 bytes=524288 updates=1 used=(0,0 510x222) update=(116,207 8x15) useColors=0 uvScale=(0.001953,0.003906) white=(0.069336,0.001953)
[2026-09-24 13:12:57.297] [info] Atlas built: 512x256 (32 bpp, 0 MB)
[2026-09-24 13:12:57.297] [info] Font image allocated: image=0x7213FCCAC020 512x256 depth=32 stride=2048 pixels=0x7213F470EE40
[2026-09-24 13:12:57.297] [info] Font image copy: srcStride=2048 dstStride=2048 copyStride=2048 rows=256
[2026-09-24 13:12:57.297] [info] Font raster created: raster=0x7213FCCE3C10 requested=512x256
[2026-09-24 13:12:57.297] [info] RwRasterSetFromImage OK: input=0x7213FCCE3C10 final=0x7213FCCE3C10
[2026-09-24 13:12:57.297] [info] Font TexData bound to local RenderWare raster: texData=0x72142002FC20 texId=0x7213FCCE3C10 status=0(OK)
[2026-09-24 13:12:57.297] [info] Atlas width 512
[2026-09-24 13:12:57.297] [info] Atlas height 256
[2026-09-24 13:12:57.308] [info] Loading gta.dat..
[2026-09-24 13:12:57.323] [info] Loading scriptV1.img..
[2026-09-24 13:12:57.325] [warning] OS_FileOpen retry (case-insensitive): TEXDB/CUTSCENE.IMG
[2026-09-24 13:12:57.325] [error] OS_FileOpen failed (1): TEXDB\CUTSCENE.IMG
[2026-09-24 13:12:57.342] [info] Font atlas WantUpdates: re-uploading 512x256, rebuild #5
[2026-09-24 13:12:57.342] [info] Destroying font raster: raster=0x7213FCCE3C10
[2026-09-24 13:12:57.342] [info] Font atlas diag [destroy-before]: fonts=24 sources=42 texList=1 built=0 locked=0 rendererHasTextures=1 flags=0x0 min=512x128 max=2048x2048 desiredFormat=0 texId=0x7213FCCE3C10 texUnique=2 status=3(WantUpdates) fmt=0 512x256 bpp=4 pixels=0x7213F8D0E1C0 bytes=524288 updates=1 used=(0,0 510x222) update=(236,207 10x9) useColors=0 uvScale=(0.001953,0.003906) white=(0.069336,0.001953)
[2026-09-24 13:12:57.342] [info] Font atlas diag [destroy-after]: fonts=24 sources=42 texList=1 built=0 locked=0 rendererHasTextures=1 flags=0x0 min=512x128 max=2048x2048 desiredFormat=0 texId=0x0 texUnique=2 status=3(WantUpdates) fmt=0 512x256 bpp=4 pixels=0x7213F8D0E1C0 bytes=524288 updates=1 used=(0,0 510x222) update=(236,207 10x9) useColors=0 uvScale=(0.001953,0.003906) white=(0.069336,0.001953)
[2026-09-24 13:12:57.343] [info] ImGuiWrapper::createFontTexture
[2026-09-24 13:12:57.343] [info] Font atlas diag [createTexture-before-getTexData]: fonts=24 sources=42 texList=1 built=0 locked=0 rendererHasTextures=1 flags=0x0 min=512x128 max=2048x2048 desiredFormat=0 texId=0x0 texUnique=2 status=3(WantUpdates) fmt=0 512x256 bpp=4 pixels=0x7213F8D0E1C0 bytes=524288 updates=1 used=(0,0 510x222) update=(236,207 10x9) useColors=0 uvScale=(0.001953,0.003906) white=(0.069336,0.001953)
[2026-09-24 13:12:57.343] [info] Font atlas diag [createTexture-after-getTexData]: fonts=24 sources=42 texList=1 built=1 locked=0 rendererHasTextures=1 flags=0x0 min=512x128 max=2048x2048 desiredFormat=0 texId=0x0 texUnique=2 status=3(WantUpdates) fmt=0 512x256 bpp=4 pixels=0x7213F8D0E1C0 bytes=524288 updates=1 used=(0,0 510x222) update=(236,207 10x9) useColors=0 uvScale=(0.001953,0.003906) white=(0.069336,0.001953)
[2026-09-24 13:12:57.343] [info] Atlas built: 512x256 (32 bpp, 0 MB)
[2026-09-24 13:12:57.343] [info] Font image allocated: image=0x7213FCCAC020 512x256 depth=32 stride=2048 pixels=0x7213F470ED40
[2026-09-24 13:12:57.343] [info] Font image copy: srcStride=2048 dstStride=2048 copyStride=2048 rows=256
[2026-09-24 13:12:57.343] [info] Font raster created: raster=0x7213FCCE3C10 requested=512x256
[2026-09-24 13:12:57.343] [info] RwRasterSetFromImage OK: input=0x7213FCCE3C10 final=0x7213FCCE3C10
[2026-09-24 13:12:57.343] [info] Font TexData bound to local RenderWare raster: texData=0x72142002FC20 texId=0x7213FCCE3C10 status=0(OK)
[2026-09-24 13:12:57.343] [info] Atlas width 512
[2026-09-24 13:12:57.343] [info] Atlas height 256
[2026-09-24 13:12:57.374] [info] Font atlas WantUpdates: re-uploading 512x256, rebuild #6
[2026-09-24 13:12:57.374] [info] Destroying font raster: raster=0x7213FCCE3C10
[2026-09-24 13:12:57.374] [info] Font atlas diag [destroy-before]: fonts=24 sources=42 texList=1 built=0 locked=0 rendererHasTextures=1 flags=0x0 min=512x128 max=2048x2048 desiredFormat=0 texId=0x7213FCCE3C10 texUnique=2 status=3(WantUpdates) fmt=0 512x256 bpp=4 pixels=0x7213F8D0E1C0 bytes=524288 updates=1 used=(0,0 510x222) update=(441,207 11x15) useColors=0 uvScale=(0.001953,0.003906) white=(0.069336,0.001953)
[2026-09-24 13:12:57.374] [info] Font atlas diag [destroy-after]: fonts=24 sources=42 texList=1 built=0 locked=0 rendererHasTextures=1 flags=0x0 min=512x128 max=2048x2048 desiredFormat=0 texId=0x0 texUnique=2 status=3(WantUpdates) fmt=0 512x256 bpp=4 pixels=0x7213F8D0E1C0 bytes=524288 updates=1 used=(0,0 510x222) update=(441,207 11x15) useColors=0 uvScale=(0.001953,0.003906) white=(0.069336,0.001953)
[2026-09-24 13:12:57.374] [info] ImGuiWrapper::createFontTexture
[2026-09-24 13:12:57.374] [info] Font atlas diag [createTexture-before-getTexData]: fonts=24 sources=42 texList=1 built=0 locked=0 rendererHasTextures=1 flags=0x0 min=512x128 max=2048x2048 desiredFormat=0 texId=0x0 texUnique=2 status=3(WantUpdates) fmt=0 512x256 bpp=4 pixels=0x7213F8D0E1C0 bytes=524288 updates=1 used=(0,0 510x222) update=(441,207 11x15) useColors=0 uvScale=(0.001953,0.003906) white=(0.069336,0.001953)
[2026-09-24 13:12:57.375] [info] Font atlas diag [createTexture-after-getTexData]: fonts=24 sources=42 texList=1 built=1 locked=0 rendererHasTextures=1 flags=0x0 min=512x128 max=2048x2048 desiredFormat=0 texId=0x0 texUnique=2 status=3(WantUpdates) fmt=0 512x256 bpp=4 pixels=0x7213F8D0E1C0 bytes=524288 updates=1 used=(0,0 510x222) update=(441,207 11x15) useColors=0 uvScale=(0.001953,0.003906) white=(0.069336,0.001953)
[2026-09-24 13:12:57.375] [info] Atlas built: 512x256 (32 bpp, 0 MB)
[2026-09-24 13:12:57.375] [info] Font image allocated: image=0x7213FCCAC020 512x256 depth=32 stride=2048 pixels=0x7213F470E080
[2026-09-24 13:12:57.375] [info] Font image copy: srcStride=2048 dstStride=2048 copyStride=2048 rows=256
[2026-09-24 13:12:57.375] [info] Font raster created: raster=0x7213FCCE3C10 requested=512x256
[2026-09-24 13:12:57.375] [info] RwRasterSetFromImage OK: input=0x7213FCCE3C10 final=0x7213FCCE3C10
[2026-09-24 13:12:57.375] [info] Font TexData bound to local RenderWare raster: texData=0x72142002FC20 texId=0x7213FCCE3C10 status=0(OK)
[2026-09-24 13:12:57.375] [info] Atlas width 512
[2026-09-24 13:12:57.375] [info] Atlas height 256
[2026-09-24 13:12:57.409] [info] Font atlas WantUpdates: re-uploading 512x256, rebuild #7
[2026-09-24 13:12:57.410] [info] Destroying font raster: raster=0x7213FCCE3C10
[2026-09-24 13:12:57.410] [info] Font atlas diag [destroy-before]: fonts=24 sources=42 texList=1 built=0 locked=0 rendererHasTextures=1 flags=0x0 min=512x128 max=2048x2048 desiredFormat=0 texId=0x7213FCCE3C10 texUnique=2 status=3(WantUpdates) fmt=0 512x256 bpp=4 pixels=0x7213F8D0E1C0 bytes=524288 updates=1 used=(0,0 510x224) update=(75,209 12x15) useColors=0 uvScale=(0.001953,0.003906) white=(0.069336,0.001953)
[2026-09-24 13:12:57.410] [info] Font atlas diag [destroy-after]: fonts=24 sources=42 texList=1 built=0 locked=0 rendererHasTextures=1 flags=0x0 min=512x128 max=2048x2048 desiredFormat=0 texId=0x0 texUnique=2 status=3(WantUpdates) fmt=0 512x256 bpp=4 pixels=0x7213F8D0E1C0 bytes=524288 updates=1 used=(0,0 510x224) update=(75,209 12x15) useColors=0 uvScale=(0.001953,0.003906) white=(0.069336,0.001953)
[2026-09-24 13:12:57.410] [info] ImGuiWrapper::createFontTexture
[2026-09-24 13:12:57.410] [info] Font atlas diag [createTexture-before-getTexData]: fonts=24 sources=42 texList=1 built=0 locked=0 rendererHasTextures=1 flags=0x0 min=512x128 max=2048x2048 desiredFormat=0 texId=0x0 texUnique=2 status=3(WantUpdates) fmt=0 512x256 bpp=4 pixels=0x7213F8D0E1C0 bytes=524288 updates=1 used=(0,0 510x224) update=(75,209 12x15) useColors=0 uvScale=(0.001953,0.003906) white=(0.069336,0.001953)
[2026-09-24 13:12:57.410] [info] Font atlas diag [createTexture-after-getTexData]: fonts=24 sources=42 texList=1 built=1 locked=0 rendererHasTextures=1 flags=0x0 min=512x128 max=2048x2048 desiredFormat=0 texId=0x0 texUnique=2 status=3(WantUpdates) fmt=0 512x256 bpp=4 pixels=0x7213F8D0E1C0 bytes=524288 updates=1 used=(0,0 510x224) update=(75,209 12x15) useColors=0 uvScale=(0.001953,0.003906) white=(0.069336,0.001953)
[2026-09-24 13:12:57.410] [info] Atlas built: 512x256 (32 bpp, 0 MB)
[2026-09-24 13:12:57.410] [info] Font image allocated: image=0x7213FCCAC020 512x256 depth=32 stride=2048 pixels=0x7213F470ED80
[2026-09-24 13:12:57.410] [info] Font image copy: srcStride=2048 dstStride=2048 copyStride=2048 rows=256
[2026-09-24 13:12:57.410] [info] Font raster created: raster=0x7213FCCE3C10 requested=512x256
[2026-09-24 13:12:57.410] [info] RwRasterSetFromImage OK: input=0x7213FCCE3C10 final=0x7213FCCE3C10
[2026-09-24 13:12:57.410] [info] Font TexData bound to local RenderWare raster: texData=0x72142002FC20 texId=0x7213FCCE3C10 status=0(OK)
[2026-09-24 13:12:57.410] [info] Atlas width 512
[2026-09-24 13:12:57.410] [info] Atlas height 256
[2026-09-24 13:12:57.459] [info] Font atlas WantUpdates: re-uploading 512x256, rebuild #8
[2026-09-24 13:12:57.459] [info] Destroying font raster: raster=0x7213FCCE3C10
[2026-09-24 13:12:57.461] [info] Font atlas diag [destroy-before]: fonts=24 sources=42 texList=1 built=0 locked=0 rendererHasTextures=1 flags=0x0 min=512x128 max=2048x2048 desiredFormat=0 texId=0x7213FCCE3C10 texUnique=2 status=3(WantUpdates) fmt=0 512x256 bpp=4 pixels=0x7213F8D0E1C0 bytes=524288 updates=1 used=(0,0 510x224) update=(88,209 12x15) useColors=0 uvScale=(0.001953,0.003906) white=(0.069336,0.001953)
[2026-09-24 13:12:57.461] [info] Font atlas diag [destroy-after]: fonts=24 sources=42 texList=1 built=0 locked=0 rendererHasTextures=1 flags=0x0 min=512x128 max=2048x2048 desiredFormat=0 texId=0x0 texUnique=2 status=3(WantUpdates) fmt=0 512x256 bpp=4 pixels=0x7213F8D0E1C0 bytes=524288 updates=1 used=(0,0 510x224) update=(88,209 12x15) useColors=0 uvScale=(0.001953,0.003906) white=(0.069336,0.001953)
[2026-09-24 13:12:57.461] [info] ImGuiWrapper::createFontTexture
[2026-09-24 13:12:57.461] [info] Font atlas diag [createTexture-before-getTexData]: fonts=24 sources=42 texList=1 built=0 locked=0 rendererHasTextures=1 flags=0x0 min=512x128 max=2048x2048 desiredFormat=0 texId=0x0 texUnique=2 status=3(WantUpdates) fmt=0 512x256 bpp=4 pixels=0x7213F8D0E1C0 bytes=524288 updates=1 used=(0,0 510x224) update=(88,209 12x15) useColors=0 uvScale=(0.001953,0.003906) white=(0.069336,0.001953)
[2026-09-24 13:12:57.461] [info] Font atlas diag [createTexture-after-getTexData]: fonts=24 sources=42 texList=1 built=1 locked=0 rendererHasTextures=1 flags=0x0 min=512x128 max=2048x2048 desiredFormat=0 texId=0x0 texUnique=2 status=3(WantUpdates) fmt=0 512x256 bpp=4 pixels=0x7213F8D0E1C0 bytes=524288 updates=1 used=(0,0 510x224) update=(88,209 12x15) useColors=0 uvScale=(0.001953,0.003906) white=(0.069336,0.001953)
[2026-09-24 13:12:57.461] [info] Atlas built: 512x256 (32 bpp, 0 MB)
[2026-09-24 13:12:57.461] [info] Font image allocated: image=0x7213FCCAC020 512x256 depth=32 stride=2048 pixels=0x7213F470EE80
[2026-09-24 13:12:57.461] [info] Font image copy: srcStride=2048 dstStride=2048 copyStride=2048 rows=256
[2026-09-24 13:12:57.461] [info] Font raster created: raster=0x7213FCCE3C10 requested=512x256
[2026-09-24 13:12:57.462] [info] RwRasterSetFromImage OK: input=0x7213FCCE3C10 final=0x7213FCCE3C10
[2026-09-24 13:12:57.462] [info] Font TexData bound to local RenderWare raster: texData=0x72142002FC20 texId=0x7213FCCE3C10 status=0(OK)
[2026-09-24 13:12:57.462] [info] Atlas width 512
[2026-09-24 13:12:57.462] [info] Atlas height 256
[2026-09-24 13:12:57.491] [info] Font atlas WantUpdates: re-uploading 512x256, rebuild #9
[2026-09-24 13:12:57.491] [info] Destroying font raster: raster=0x7213FCCE3C10
[2026-09-24 13:12:57.491] [info] Font atlas diag [destroy-before]: fonts=24 sources=42 texList=1 built=0 locked=0 rendererHasTextures=1 flags=0x0 min=512x128 max=2048x2048 desiredFormat=0 texId=0x7213FCCE3C10 texUnique=2 status=3(WantUpdates) fmt=0 512x256 bpp=4 pixels=0x7213F8D0E1C0 bytes=524288 updates=1 used=(0,0 510x224) update=(133,208 11x15) useColors=0 uvScale=(0.001953,0.003906) white=(0.069336,0.001953)
[2026-09-24 13:12:57.491] [info] Font atlas diag [destroy-after]: fonts=24 sources=42 texList=1 built=0 locked=0 rendererHasTextures=1 flags=0x0 min=512x128 max=2048x2048 desiredFormat=0 texId=0x0 texUnique=2 status=3(WantUpdates) fmt=0 512x256 bpp=4 pixels=0x7213F8D0E1C0 bytes=524288 updates=1 used=(0,0 510x224) update=(133,208 11x15) useColors=0 uvScale=(0.001953,0.003906) white=(0.069336,0.001953)
[2026-09-24 13:12:57.491] [info] ImGuiWrapper::createFontTexture
[2026-09-24 13:12:57.491] [info] Font atlas diag [createTexture-before-getTexData]: fonts=24 sources=42 texList=1 built=0 locked=0 rendererHasTextures=1 flags=0x0 min=512x128 max=2048x2048 desiredFormat=0 texId=0x0 texUnique=2 status=3(WantUpdates) fmt=0 512x256 bpp=4 pixels=0x7213F8D0E1C0 bytes=524288 updates=1 used=(0,0 510x224) update=(133,208 11x15) useColors=0 uvScale=(0.001953,0.003906) white=(0.069336,0.001953)
[2026-09-24 13:12:57.491] [info] Font atlas diag [createTexture-after-getTexData]: fonts=24 sources=42 texList=1 built=1 locked=0 rendererHasTextures=1 flags=0x0 min=512x128 max=2048x2048 desiredFormat=0 texId=0x0 texUnique=2 status=3(WantUpdates) fmt=0 512x256 bpp=4 pixels=0x7213F8D0E1C0 bytes=524288 updates=1 used=(0,0 510x224) update=(133,208 11x15) useColors=0 uvScale=(0.001953,0.003906) white=(0.069336,0.001953)
[2026-09-24 13:12:57.491] [info] Atlas built: 512x256 (32 bpp, 0 MB)
[2026-09-24 13:12:57.491] [info] Font image allocated: image=0x7213FCCAC020 512x256 depth=32 stride=2048 pixels=0x7213F470EF80
[2026-09-24 13:12:57.491] [info] Font image copy: srcStride=2048 dstStride=2048 copyStride=2048 rows=256
[2026-09-24 13:12:57.491] [info] Font raster created: raster=0x7213FCCE3C10 requested=512x256
[2026-09-24 13:12:57.491] [info] RwRasterSetFromImage OK: input=0x7213FCCE3C10 final=0x7213FCCE3C10
[2026-09-24 13:12:57.491] [info] Font TexData bound to local RenderWare raster: texData=0x72142002FC20 texId=0x7213FCCE3C10 status=0(OK)
[2026-09-24 13:12:57.491] [info] Atlas width 512
[2026-09-24 13:12:57.491] [info] Atlas height 256
[2026-09-24 13:12:57.525] [info] Font atlas WantUpdates: re-uploading 512x256, rebuild #10
[2026-09-24 13:12:57.525] [info] Destroying font raster: raster=0x7213FCCE3C10
[2026-09-24 13:12:57.525] [info] Font atlas diag [destroy-before]: fonts=24 sources=42 texList=1 built=0 locked=0 rendererHasTextures=1 flags=0x0 min=512x128 max=2048x2048 desiredFormat=0 texId=0x7213FCCE3C10 texUnique=2 status=3(WantUpdates) fmt=0 512x256 bpp=4 pixels=0x7213F8D0E1C0 bytes=524288 updates=1 used=(0,0 510x224) update=(101,209 11x15) useColors=0 uvScale=(0.001953,0.003906) white=(0.069336,0.001953)
[2026-09-24 13:12:57.525] [info] Font atlas diag [destroy-after]: fonts=24 sources=42 texList=1 built=0 locked=0 rendererHasTextures=1 flags=0x0 min=512x128 max=2048x2048 desiredFormat=0 texId=0x0 texUnique=2 status=3(WantUpdates) fmt=0 512x256 bpp=4 pixels=0x7213F8D0E1C0 bytes=524288 updates=1 used=(0,0 510x224) update=(101,209 11x15) useColors=0 uvScale=(0.001953,0.003906) white=(0.069336,0.001953)
[2026-09-24 13:12:57.525] [info] ImGuiWrapper::createFontTexture
[2026-09-24 13:12:57.525] [info] Font atlas diag [createTexture-before-getTexData]: fonts=24 sources=42 texList=1 built=0 locked=0 rendererHasTextures=1 flags=0x0 min=512x128 max=2048x2048 desiredFormat=0 texId=0x0 texUnique=2 status=3(WantUpdates) fmt=0 512x256 bpp=4 pixels=0x7213F8D0E1C0 bytes=524288 updates=1 used=(0,0 510x224) update=(101,209 11x15) useColors=0 uvScale=(0.001953,0.003906) white=(0.069336,0.001953)
[2026-09-24 13:12:57.525] [info] Font atlas diag [createTexture-after-getTexData]: fonts=24 sources=42 texList=1 built=1 locked=0 rendererHasTextures=1 flags=0x0 min=512x128 max=2048x2048 desiredFormat=0 texId=0x0 texUnique=2 status=3(WantUpdates) fmt=0 512x256 bpp=4 pixels=0x7213F8D0E1C0 bytes=524288 updates=1 used=(0,0 510x224) update=(101,209 11x15) useColors=0 uvScale=(0.001953,0.003906) white=(0.069336,0.001953)
[2026-09-24 13:12:57.525] [info] Atlas built: 512x256 (32 bpp, 0 MB)
[2026-09-24 13:12:57.525] [info] Font image allocated: image=0x7213FCCAC020 512x256 depth=32 stride=2048 pixels=0x7213F470E700
[2026-09-24 13:12:57.525] [info] Font image copy: srcStride=2048 dstStride=2048 copyStride=2048 rows=256
[2026-09-24 13:12:57.525] [info] Font raster created: raster=0x7213FCCE3C10 requested=512x256
[2026-09-24 13:12:57.525] [info] RwRasterSetFromImage OK: input=0x7213FCCE3C10 final=0x7213FCCE3C10
[2026-09-24 13:12:57.525] [info] Font TexData bound to local RenderWare raster: texData=0x72142002FC20 texId=0x7213FCCE3C10 status=0(OK)
[2026-09-24 13:12:57.525] [info] Atlas width 512
[2026-09-24 13:12:57.525] [info] Atlas height 256
[2026-09-24 13:12:57.608] [info] Font atlas WantUpdates: re-uploading 512x256, rebuild #11
[2026-09-24 13:12:57.608] [info] Destroying font raster: raster=0x7213FCCE3C10
[2026-09-24 13:12:57.608] [info] Font atlas diag [destroy-before]: fonts=24 sources=42 texList=1 built=0 locked=0 rendererHasTextures=1 flags=0x0 min=512x128 max=2048x2048 desiredFormat=0 texId=0x7213FCCE3C10 texUnique=2 status=3(WantUpdates) fmt=0 512x256 bpp=4 pixels=0x7213F8D0E1C0 bytes=524288 updates=1 used=(0,0 510x224) update=(145,209 11x15) useColors=0 uvScale=(0.001953,0.003906) white=(0.069336,0.001953)
[2026-09-24 13:12:57.608] [info] Font atlas diag [destroy-after]: fonts=24 sources=42 texList=1 built=0 locked=0 rendererHasTextures=1 flags=0x0 min=512x128 max=2048x2048 desiredFormat=0 texId=0x0 texUnique=2 status=3(WantUpdates) fmt=0 512x256 bpp=4 pixels=0x7213F8D0E1C0 bytes=524288 updates=1 used=(0,0 510x224) update=(145,209 11x15) useColors=0 uvScale=(0.001953,0.003906) white=(0.069336,0.001953)
[2026-09-24 13:12:57.609] [info] ImGuiWrapper::createFontTexture
[2026-09-24 13:12:57.609] [info] Font atlas diag [createTexture-before-getTexData]: fonts=24 sources=42 texList=1 built=0 locked=0 rendererHasTextures=1 flags=0x0 min=512x128 max=2048x2048 desiredFormat=0 texId=0x0 texUnique=2 status=3(WantUpdates) fmt=0 512x256 bpp=4 pixels=0x7213F8D0E1C0 bytes=524288 updates=1 used=(0,0 510x224) update=(145,209 11x15) useColors=0 uvScale=(0.001953,0.003906) white=(0.069336,0.001953)
[2026-09-24 13:12:57.609] [info] Font atlas diag [createTexture-after-getTexData]: fonts=24 sources=42 texList=1 built=1 locked=0 rendererHasTextures=1 flags=0x0 min=512x128 max=2048x2048 desiredFormat=0 texId=0x0 texUnique=2 status=3(WantUpdates) fmt=0 512x256 bpp=4 pixels=0x7213F8D0E1C0 bytes=524288 updates=1 used=(0,0 510x224) update=(145,209 11x15) useColors=0 uvScale=(0.001953,0.003906) white=(0.069336,0.001953)
[2026-09-24 13:12:57.609] [info] Atlas built: 512x256 (32 bpp, 0 MB)
[2026-09-24 13:12:57.609] [info] Font image allocated: image=0x7213FCCAC020 512x256 depth=32 stride=2048 pixels=0x7213F470E2C0
[2026-09-24 13:12:57.609] [info] Font image copy: srcStride=2048 dstStride=2048 copyStride=2048 rows=256
[2026-09-24 13:12:57.609] [info] Font raster created: raster=0x7213FCCE3C10 requested=512x256
[2026-09-24 13:12:57.609] [info] RwRasterSetFromImage OK: input=0x7213FCCE3C10 final=0x7213FCCE3C10
[2026-09-24 13:12:57.609] [info] Font TexData bound to local RenderWare raster: texData=0x72142002FC20 texId=0x7213FCCE3C10 status=0(OK)
[2026-09-24 13:12:57.609] [info] Atlas width 512
[2026-09-24 13:12:57.609] [info] Atlas height 256
[2026-09-24 13:12:57.959] [info] Font atlas WantUpdates: re-uploading 512x256, rebuild #12
[2026-09-24 13:12:57.959] [info] Destroying font raster: raster=0x7213FCCE3C10
[2026-09-24 13:12:57.959] [info] Font atlas diag [destroy-before]: fonts=24 sources=42 texList=1 built=0 locked=0 rendererHasTextures=1 flags=0x0 min=512x128 max=2048x2048 desiredFormat=0 texId=0x7213FCCE3C10 texUnique=2 status=3(WantUpdates) fmt=0 512x256 bpp=4 pixels=0x7213F8D0E1C0 bytes=524288 updates=2 used=(0,0 510x224) update=(247,209 24x12) useColors=0 uvScale=(0.001953,0.003906) white=(0.069336,0.001953)
[2026-09-24 13:12:57.959] [info] Font atlas diag [destroy-after]: fonts=24 sources=42 texList=1 built=0 locked=0 rendererHasTextures=1 flags=0x0 min=512x128 max=2048x2048 desiredFormat=0 texId=0x0 texUnique=2 status=3(WantUpdates) fmt=0 512x256 bpp=4 pixels=0x7213F8D0E1C0 bytes=524288 updates=2 used=(0,0 510x224) update=(247,209 24x12) useColors=0 uvScale=(0.001953,0.003906) white=(0.069336,0.001953)
[2026-09-24 13:12:57.959] [info] ImGuiWrapper::createFontTexture
[2026-09-24 13:12:57.959] [info] Font atlas diag [createTexture-before-getTexData]: fonts=24 sources=42 texList=1 built=0 locked=0 rendererHasTextures=1 flags=0x0 min=512x128 max=2048x2048 desiredFormat=0 texId=0x0 texUnique=2 status=3(WantUpdates) fmt=0 512x256 bpp=4 pixels=0x7213F8D0E1C0 bytes=524288 updates=2 used=(0,0 510x224) update=(247,209 24x12) useColors=0 uvScale=(0.001953,0.003906) white=(0.069336,0.001953)
[2026-09-24 13:12:57.959] [info] Font atlas diag [createTexture-after-getTexData]: fonts=24 sources=42 texList=1 built=1 locked=0 rendererHasTextures=1 flags=0x0 min=512x128 max=2048x2048 desiredFormat=0 texId=0x0 texUnique=2 status=3(WantUpdates) fmt=0 512x256 bpp=4 pixels=0x7213F8D0E1C0 bytes=524288 updates=2 used=(0,0 510x224) update=(247,209 24x12) useColors=0 uvScale=(0.001953,0.003906) white=(0.069336,0.001953)
[2026-09-24 13:12:57.959] [info] Atlas built: 512x256 (32 bpp, 0 MB)
[2026-09-24 13:12:57.959] [info] Font image allocated: image=0x7213FCCAC020 512x256 depth=32 stride=2048 pixels=0x7213F470EC00
[2026-09-24 13:12:57.959] [info] Font image copy: srcStride=2048 dstStride=2048 copyStride=2048 rows=256
[2026-09-24 13:12:57.960] [info] Font raster created: raster=0x7213FCCE3C10 requested=512x256
[2026-09-24 13:12:57.960] [info] RwRasterSetFromImage OK: input=0x7213FCCE3C10 final=0x7213FCCE3C10
[2026-09-24 13:12:57.960] [info] Font TexData bound to local RenderWare raster: texData=0x72142002FC20 texId=0x7213FCCE3C10 status=0(OK)
[2026-09-24 13:12:57.960] [info] Atlas width 512
[2026-09-24 13:12:57.960] [info] Atlas height 256
[2026-09-24 13:12:58.308] [info] Font atlas WantUpdates: re-uploading 512x256, rebuild #13
[2026-09-24 13:12:58.308] [info] Destroying font raster: raster=0x7213FCCE3C10
[2026-09-24 13:12:58.308] [info] Font atlas diag [destroy-before]: fonts=24 sources=42 texList=1 built=0 locked=0 rendererHasTextures=1 flags=0x0 min=512x128 max=2048x2048 desiredFormat=0 texId=0x7213FCCE3C10 texUnique=2 status=3(WantUpdates) fmt=0 512x256 bpp=4 pixels=0x7213F8D0E1C0 bytes=524288 updates=1 used=(0,0 510x224) update=(288,209 11x2) useColors=0 uvScale=(0.001953,0.003906) white=(0.069336,0.001953)
[2026-09-24 13:12:58.308] [info] Font atlas diag [destroy-after]: fonts=24 sources=42 texList=1 built=0 locked=0 rendererHasTextures=1 flags=0x0 min=512x128 max=2048x2048 desiredFormat=0 texId=0x0 texUnique=2 status=3(WantUpdates) fmt=0 512x256 bpp=4 pixels=0x7213F8D0E1C0 bytes=524288 updates=1 used=(0,0 510x224) update=(288,209 11x2) useColors=0 uvScale=(0.001953,0.003906) white=(0.069336,0.001953)
[2026-09-24 13:12:58.308] [info] ImGuiWrapper::createFontTexture
[2026-09-24 13:12:58.308] [info] Font atlas diag [createTexture-before-getTexData]: fonts=24 sources=42 texList=1 built=0 locked=0 rendererHasTextures=1 flags=0x0 min=512x128 max=2048x2048 desiredFormat=0 texId=0x0 texUnique=2 status=3(WantUpdates) fmt=0 512x256 bpp=4 pixels=0x7213F8D0E1C0 bytes=524288 updates=1 used=(0,0 510x224) update=(288,209 11x2) useColors=0 uvScale=(0.001953,0.003906) white=(0.069336,0.001953)
[2026-09-24 13:12:58.308] [info] Font atlas diag [createTexture-after-getTexData]: fonts=24 sources=42 texList=1 built=1 locked=0 rendererHasTextures=1 flags=0x0 min=512x128 max=2048x2048 desiredFormat=0 texId=0x0 texUnique=2 status=3(WantUpdates) fmt=0 512x256 bpp=4 pixels=0x7213F8D0E1C0 bytes=524288 updates=1 used=(0,0 510x224) update=(288,209 11x2) useColors=0 uvScale=(0.001953,0.003906) white=(0.069336,0.001953)
[2026-09-24 13:12:58.308] [info] Atlas built: 512x256 (32 bpp, 0 MB)
[2026-09-24 13:12:58.308] [info] Font image allocated: image=0x7213FCCAC020 512x256 depth=32 stride=2048 pixels=0x7213F470EB40
[2026-09-24 13:12:58.308] [info] Font image copy: srcStride=2048 dstStride=2048 copyStride=2048 rows=256
[2026-09-24 13:12:58.308] [info] Font raster created: raster=0x7213FCCE3C10 requested=512x256
[2026-09-24 13:12:58.309] [info] RwRasterSetFromImage OK: input=0x7213FCCE3C10 final=0x7213FCCE3C10
[2026-09-24 13:12:58.309] [info] Font TexData bound to local RenderWare raster: texData=0x72142002FC20 texId=0x7213FCCE3C10 status=0(OK)
[2026-09-24 13:12:58.309] [info] Atlas width 512
[2026-09-24 13:12:58.309] [info] Atlas height 256
[2026-09-24 13:12:58.921] [info] Font atlas WantUpdates: re-uploading 512x256, rebuild #14
[2026-09-24 13:12:58.921] [info] Destroying font raster: raster=0x7213FCCE3C10
[2026-09-24 13:12:58.921] [info] Font atlas diag [destroy-before]: fonts=24 sources=42 texList=1 built=0 locked=0 rendererHasTextures=1 flags=0x0 min=512x128 max=2048x2048 desiredFormat=0 texId=0x7213FCCE3C10 texUnique=2 status=3(WantUpdates) fmt=0 512x256 bpp=4 pixels=0x7213F8D0E1C0 bytes=524288 updates=2 used=(0,0 510x224) update=(300,209 189x12) useColors=0 uvScale=(0.001953,0.003906) white=(0.069336,0.001953)
[2026-09-24 13:12:58.921] [info] Font atlas diag [destroy-after]: fonts=24 sources=42 texList=1 built=0 locked=0 rendererHasTextures=1 flags=0x0 min=512x128 max=2048x2048 desiredFormat=0 texId=0x0 texUnique=2 status=3(WantUpdates) fmt=0 512x256 bpp=4 pixels=0x7213F8D0E1C0 bytes=524288 updates=2 used=(0,0 510x224) update=(300,209 189x12) useColors=0 uvScale=(0.001953,0.003906) white=(0.069336,0.001953)
[2026-09-24 13:12:58.921] [info] ImGuiWrapper::createFontTexture
[2026-09-24 13:12:58.921] [info] Font atlas diag [createTexture-before-getTexData]: fonts=24 sources=42 texList=1 built=0 locked=0 rendererHasTextures=1 flags=0x0 min=512x128 max=2048x2048 desiredFormat=0 texId=0x0 texUnique=2 status=3(WantUpdates) fmt=0 512x256 bpp=4 pixels=0x7213F8D0E1C0 bytes=524288 updates=2 used=(0,0 510x224) update=(300,209 189x12) useColors=0 uvScale=(0.001953,0.003906) white=(0.069336,0.001953)
[2026-09-24 13:12:58.921] [info] Font atlas diag [createTexture-after-getTexData]: fonts=24 sources=42 texList=1 built=1 locked=0 rendererHasTextures=1 flags=0x0 min=512x128 max=2048x2048 desiredFormat=0 texId=0x0 texUnique=2 status=3(WantUpdates) fmt=0 512x256 bpp=4 pixels=0x7213F8D0E1C0 bytes=524288 updates=2 used=(0,0 510x224) update=(300,209 189x12) useColors=0 uvScale=(0.001953,0.003906) white=(0.069336,0.001953)
[2026-09-24 13:12:58.921] [info] Atlas built: 512x256 (32 bpp, 0 MB)
[2026-09-24 13:12:58.921] [info] Font image allocated: image=0x7213FCCAC020 512x256 depth=32 stride=2048 pixels=0x7213F3E0D440
[2026-09-24 13:12:58.921] [info] Font image copy: srcStride=2048 dstStride=2048 copyStride=2048 rows=256
[2026-09-24 13:12:58.921] [info] Font raster created: raster=0x7213FCCE3C10 requested=512x256
[2026-09-24 13:12:58.922] [info] RwRasterSetFromImage OK: input=0x7213FCCE3C10 final=0x7213FCCE3C10
[2026-09-24 13:12:58.922] [info] Font TexData bound to local RenderWare raster: texData=0x72142002FC20 texId=0x7213FCCE3C10 status=0(OK)
[2026-09-24 13:12:58.922] [info] Atlas width 512
[2026-09-24 13:12:58.922] [info] Atlas height 256
[2026-09-24 13:12:59.034] [warning] OS_FileOpen retry (case-insensitive): MODELS/MINFO.BIN
[2026-09-24 13:12:59.034] [error] OS_FileOpen failed (1): MODELS\MINFO.BIN
[2026-09-24 13:12:59.087] [info] Font atlas WantUpdates: re-uploading 512x256, rebuild #15
[2026-09-24 13:12:59.087] [info] Destroying font raster: raster=0x7213FCCE3C10
[2026-09-24 13:12:59.087] [info] Font atlas diag [destroy-before]: fonts=24 sources=42 texList=1 built=0 locked=0 rendererHasTextures=1 flags=0x0 min=512x128 max=2048x2048 desiredFormat=0 texId=0x7213FCCE3C10 texUnique=2 status=3(WantUpdates) fmt=0 512x256 bpp=4 pixels=0x7213F8D0E1C0 bytes=524288 updates=1 used=(0,0 510x224) update=(38,210 12x12) useColors=0 uvScale=(0.001953,0.003906) white=(0.069336,0.001953)
[2026-09-24 13:12:59.087] [info] Font atlas diag [destroy-after]: fonts=24 sources=42 texList=1 built=0 locked=0 rendererHasTextures=1 flags=0x0 min=512x128 max=2048x2048 desiredFormat=0 texId=0x0 texUnique=2 status=3(WantUpdates) fmt=0 512x256 bpp=4 pixels=0x7213F8D0E1C0 bytes=524288 updates=1 used=(0,0 510x224) update=(38,210 12x12) useColors=0 uvScale=(0.001953,0.003906) white=(0.069336,0.001953)
[2026-09-24 13:12:59.087] [info] ImGuiWrapper::createFontTexture
[2026-09-24 13:12:59.087] [info] Font atlas diag [createTexture-before-getTexData]: fonts=24 sources=42 texList=1 built=0 locked=0 rendererHasTextures=1 flags=0x0 min=512x128 max=2048x2048 desiredFormat=0 texId=0x0 texUnique=2 status=3(WantUpdates) fmt=0 512x256 bpp=4 pixels=0x7213F8D0E1C0 bytes=524288 updates=1 used=(0,0 510x224) update=(38,210 12x12) useColors=0 uvScale=(0.001953,0.003906) white=(0.069336,0.001953)
[2026-09-24 13:12:59.087] [info] Font atlas diag [createTexture-after-getTexData]: fonts=24 sources=42 texList=1 built=1 locked=0 rendererHasTextures=1 flags=0x0 min=512x128 max=2048x2048 desiredFormat=0 texId=0x0 texUnique=2 status=3(WantUpdates) fmt=0 512x256 bpp=4 pixels=0x7213F8D0E1C0 bytes=524288 updates=1 used=(0,0 510x224) update=(38,210 12x12) useColors=0 uvScale=(0.001953,0.003906) white=(0.069336,0.001953)
[2026-09-24 13:12:59.087] [info] Atlas built: 512x256 (32 bpp, 0 MB)
[2026-09-24 13:12:59.087] [info] Font image allocated: image=0x7213FCCAC020 512x256 depth=32 stride=2048 pixels=0x7213EC40D140
[2026-09-24 13:12:59.087] [info] Font image copy: srcStride=2048 dstStride=2048 copyStride=2048 rows=256
[2026-09-24 13:12:59.087] [info] Font raster created: raster=0x7213FCCE3C10 requested=512x256
[2026-09-24 13:12:59.088] [info] RwRasterSetFromImage OK: input=0x7213FCCE3C10 final=0x7213FCCE3C10
[2026-09-24 13:12:59.088] [info] Font TexData bound to local RenderWare raster: texData=0x72142002FC20 texId=0x7213FCCE3C10 status=0(OK)
[2026-09-24 13:12:59.088] [info] Atlas width 512
[2026-09-24 13:12:59.088] [info] Atlas height 256
[2026-09-24 13:12:59.106] [info] Loading scriptV1.img..
[2026-09-24 13:12:59.124] [warning] OS_FileOpen retry (case-insensitive): TEXDB/CUTSCENE.IMG
[2026-09-24 13:12:59.125] [error] OS_FileOpen failed (1): TEXDB\CUTSCENE.IMG
[2026-09-24 13:12:59.912] [info] Font atlas WantUpdates: re-uploading 512x256, rebuild #16
[2026-09-24 13:12:59.912] [info] Destroying font raster: raster=0x7213FCCE3C10
[2026-09-24 13:12:59.912] [info] Font atlas diag [destroy-before]: fonts=24 sources=42 texList=1 built=0 locked=0 rendererHasTextures=1 flags=0x0 min=512x128 max=2048x2048 desiredFormat=0 texId=0x7213FCCE3C10 texUnique=2 status=3(WantUpdates) fmt=0 512x256 bpp=4 pixels=0x7213F8D0E1C0 bytes=524288 updates=1 used=(0,0 510x224) update=(344,210 10x12) useColors=0 uvScale=(0.001953,0.003906) white=(0.069336,0.001953)
[2026-09-24 13:12:59.912] [info] Font atlas diag [destroy-after]: fonts=24 sources=42 texList=1 built=0 locked=0 rendererHasTextures=1 flags=0x0 min=512x128 max=2048x2048 desiredFormat=0 texId=0x0 texUnique=2 status=3(WantUpdates) fmt=0 512x256 bpp=4 pixels=0x7213F8D0E1C0 bytes=524288 updates=1 used=(0,0 510x224) update=(344,210 10x12) useColors=0 uvScale=(0.001953,0.003906) white=(0.069336,0.001953)
[2026-09-24 13:12:59.912] [info] ImGuiWrapper::createFontTexture
[2026-09-24 13:12:59.912] [info] Font atlas diag [createTexture-before-getTexData]: fonts=24 sources=42 texList=1 built=0 locked=0 rendererHasTextures=1 flags=0x0 min=512x128 max=2048x2048 desiredFormat=0 texId=0x0 texUnique=2 status=3(WantUpdates) fmt=0 512x256 bpp=4 pixels=0x7213F8D0E1C0 bytes=524288 updates=1 used=(0,0 510x224) update=(344,210 10x12) useColors=0 uvScale=(0.001953,0.003906) white=(0.069336,0.001953)
[2026-09-24 13:12:59.912] [info] Font atlas diag [createTexture-after-getTexData]: fonts=24 sources=42 texList=1 built=1 locked=0 rendererHasTextures=1 flags=0x0 min=512x128 max=2048x2048 desiredFormat=0 texId=0x0 texUnique=2 status=3(WantUpdates) fmt=0 512x256 bpp=4 pixels=0x7213F8D0E1C0 bytes=524288 updates=1 used=(0,0 510x224) update=(344,210 10x12) useColors=0 uvScale=(0.001953,0.003906) white=(0.069336,0.001953)
[2026-09-24 13:12:59.912] [info] Atlas built: 512x256 (32 bpp, 0 MB)
[2026-09-24 13:12:59.912] [info] Font image allocated: image=0x7213FCCAC020 512x256 depth=32 stride=2048 pixels=0x7213EBB52BC0
[2026-09-24 13:12:59.912] [info] Font image copy: srcStride=2048 dstStride=2048 copyStride=2048 rows=256
[2026-09-24 13:12:59.912] [info] Font raster created: raster=0x7213FCCE3C10 requested=512x256
[2026-09-24 13:12:59.923] [info] RwRasterSetFromImage OK: input=0x7213FCCE3C10 final=0x7213FCCE3C10
[2026-09-24 13:12:59.923] [info] Font TexData bound to local RenderWare raster: texData=0x72142002FC20 texId=0x7213FCCE3C10 status=0(OK)
[2026-09-24 13:12:59.923] [info] Atlas width 512
[2026-09-24 13:12:59.923] [info] Atlas height 256
[2026-09-24 13:13:00.728] [info] Loading tracks2.dat...
[2026-09-24 13:13:00.728] [info] Loading tracks4.dat...
[2026-09-24 13:13:00.831] [info] CVehicleStructure pool: 0x7214200b4940 size=50 free=50
[2026-09-24 13:13:01.007] [info] Loading mainV1.scm..
[2026-09-24 13:13:01.023] [info] Font atlas WantUpdates: re-uploading 512x256, rebuild #17
[2026-09-24 13:13:01.023] [info] Destroying font raster: raster=0x7213FCCE3C10
[2026-09-24 13:13:01.023] [info] Font atlas diag [destroy-before]: fonts=24 sources=42 texList=1 built=0 locked=0 rendererHasTextures=1 flags=0x0 min=512x128 max=2048x2048 desiredFormat=0 texId=0x7213FCCE3C10 texUnique=2 status=3(WantUpdates) fmt=0 512x256 bpp=4 pixels=0x7213F8D0E1C0 bytes=524288 updates=1 used=(0,0 510x224) update=(355,210 13x12) useColors=0 uvScale=(0.001953,0.003906) white=(0.069336,0.001953)
[2026-09-24 13:13:01.023] [info] Font atlas diag [destroy-after]: fonts=24 sources=42 texList=1 built=0 locked=0 rendererHasTextures=1 flags=0x0 min=512x128 max=2048x2048 desiredFormat=0 texId=0x0 texUnique=2 status=3(WantUpdates) fmt=0 512x256 bpp=4 pixels=0x7213F8D0E1C0 bytes=524288 updates=1 used=(0,0 510x224) update=(355,210 13x12) useColors=0 uvScale=(0.001953,0.003906) white=(0.069336,0.001953)
[2026-09-24 13:13:01.023] [info] ImGuiWrapper::createFontTexture
[2026-09-24 13:13:01.023] [info] Font atlas diag [createTexture-before-getTexData]: fonts=24 sources=42 texList=1 built=0 locked=0 rendererHasTextures=1 flags=0x0 min=512x128 max=2048x2048 desiredFormat=0 texId=0x0 texUnique=2 status=3(WantUpdates) fmt=0 512x256 bpp=4 pixels=0x7213F8D0E1C0 bytes=524288 updates=1 used=(0,0 510x224) update=(355,210 13x12) useColors=0 uvScale=(0.001953,0.003906) white=(0.069336,0.001953)
[2026-09-24 13:13:01.023] [info] Font atlas diag [createTexture-after-getTexData]: fonts=24 sources=42 texList=1 built=1 locked=0 rendererHasTextures=1 flags=0x0 min=512x128 max=2048x2048 desiredFormat=0 texId=0x0 texUnique=2 status=3(WantUpdates) fmt=0 512x256 bpp=4 pixels=0x7213F8D0E1C0 bytes=524288 updates=1 used=(0,0 510x224) update=(355,210 13x12) useColors=0 uvScale=(0.001953,0.003906) white=(0.069336,0.001953)
[2026-09-24 13:13:01.023] [info] Atlas built: 512x256 (32 bpp, 0 MB)
[2026-09-24 13:13:01.023] [info] Font image allocated: image=0x7213FCCAC020 512x256 depth=32 stride=2048 pixels=0x7213EBB4B940
[2026-09-24 13:13:01.023] [info] Font image copy: srcStride=2048 dstStride=2048 copyStride=2048 rows=256
[2026-09-24 13:13:01.023] [info] Font raster created: raster=0x7213EBAD8590 requested=512x256
[2026-09-24 13:13:01.040] [info] RwRasterSetFromImage OK: input=0x7213EBAD8590 final=0x7213EBAD8590
[2026-09-24 13:13:01.040] [info] Font TexData bound to local RenderWare raster: texData=0x72142002FC20 texId=0x7213EBAD8590 status=0(OK)
[2026-09-24 13:13:01.040] [info] Atlas width 512
[2026-09-24 13:13:01.040] [info] Atlas height 256
[2026-09-24 13:13:01.196] [info] Loading mainV1.scm..
[2026-09-24 13:13:01.360] [info] Loading mainV1.scm..
[2026-09-24 13:13:01.362] [info] Memory::saveBytesToMap addr: 0xc789a38 bytes: 68 ca 06 bd 
[2026-09-24 13:13:01.523] [info] Font atlas WantUpdates: re-uploading 512x256, rebuild #18
[2026-09-24 13:13:01.523] [info] Destroying font raster: raster=0x7213EBAD8590
[2026-09-24 13:13:01.523] [info] Font atlas diag [destroy-before]: fonts=24 sources=42 texList=1 built=0 locked=0 rendererHasTextures=1 flags=0x0 min=512x128 max=2048x2048 desiredFormat=0 texId=0x7213EBAD8590 texUnique=2 status=3(WantUpdates) fmt=0 512x256 bpp=4 pixels=0x7213F8D0E1C0 bytes=524288 updates=1 used=(0,0 510x224) update=(453,210 13x12) useColors=0 uvScale=(0.001953,0.003906) white=(0.069336,0.001953)
[2026-09-24 13:13:01.523] [info] Font atlas diag [destroy-after]: fonts=24 sources=42 texList=1 built=0 locked=0 rendererHasTextures=1 flags=0x0 min=512x128 max=2048x2048 desiredFormat=0 texId=0x0 texUnique=2 status=3(WantUpdates) fmt=0 512x256 bpp=4 pixels=0x7213F8D0E1C0 bytes=524288 updates=1 used=(0,0 510x224) update=(453,210 13x12) useColors=0 uvScale=(0.001953,0.003906) white=(0.069336,0.001953)
[2026-09-24 13:13:01.523] [info] ImGuiWrapper::createFontTexture
[2026-09-24 13:13:01.523] [info] Font atlas diag [createTexture-before-getTexData]: fonts=24 sources=42 texList=1 built=0 locked=0 rendererHasTextures=1 flags=0x0 min=512x128 max=2048x2048 desiredFormat=0 texId=0x0 texUnique=2 status=3(WantUpdates) fmt=0 512x256 bpp=4 pixels=0x7213F8D0E1C0 bytes=524288 updates=1 used=(0,0 510x224) update=(453,210 13x12) useColors=0 uvScale=(0.001953,0.003906) white=(0.069336,0.001953)
[2026-09-24 13:13:01.523] [info] Font atlas diag [createTexture-after-getTexData]: fonts=24 sources=42 texList=1 built=1 locked=0 rendererHasTextures=1 flags=0x0 min=512x128 max=2048x2048 desiredFormat=0 texId=0x0 texUnique=2 status=3(WantUpdates) fmt=0 512x256 bpp=4 pixels=0x7213F8D0E1C0 bytes=524288 updates=1 used=(0,0 510x224) update=(453,210 13x12) useColors=0 uvScale=(0.001953,0.003906) white=(0.069336,0.001953)
[2026-09-24 13:13:01.523] [info] Atlas built: 512x256 (32 bpp, 0 MB)
[2026-09-24 13:13:01.523] [info] Font image allocated: image=0x7213FCCAC020 512x256 depth=32 stride=2048 pixels=0x7213EB80DC80
[2026-09-24 13:13:01.523] [info] Font image copy: srcStride=2048 dstStride=2048 copyStride=2048 rows=256
[2026-09-24 13:13:01.524] [info] Font raster created: raster=0x7213EBAA9FF0 requested=512x256
[2026-09-24 13:13:01.524] [info] RwRasterSetFromImage OK: input=0x7213EBAA9FF0 final=0x7213EBAA9FF0
[2026-09-24 13:13:01.524] [info] Font TexData bound to local RenderWare raster: texData=0x72142002FC20 texId=0x7213EBAA9FF0 status=0(OK)
[2026-09-24 13:13:01.524] [info] Atlas width 512
[2026-09-24 13:13:01.524] [info] Atlas height 256
[2026-09-24 13:13:01.982] [info] Initializing game...
[2026-09-24 13:13:01.982] [info] Loading AFK icon..
[2026-09-24 13:13:01.983] [info] Post applying patches...
[2026-09-24 13:13:01.983] [info] Memory::saveBytesToMap addr: 0xc62ea40 bytes: 08 3c 00 12 
[2026-09-24 13:13:01.983] [info] Game::Initialize
[2026-09-24 13:13:01.983] [info] Initiating scripting...
[2026-09-24 13:13:01.983] [info] AudioStream::Initialize()
[2026-09-24 13:13:01.983] [info] AudioStream: BASS not initialized, initializing...
[2026-09-24 13:13:02.019] [info] Initializing client commands..
[2026-09-24 13:13:02.019] [info] Chat: registered '/q' (stored as '/q')
[2026-09-24 13:13:02.019] [info] Chat: registered '/quit' (stored as '/quit')
[2026-09-24 13:13:02.019] [info] Chat: registered '/save' (stored as '/save')
[2026-09-24 13:13:02.019] [info] Chat: registered '/interior' (stored as '/interior')
[2026-09-24 13:13:02.019] [info] Chat: registered '/dl' (stored as '/dl')
[2026-09-24 13:13:02.019] [info] Chat: registered '/fpslimit' (stored as '/fpslimit')
[2026-09-24 13:13:02.019] [info] Chat: registered '/screenshot' (stored as '/screenshot')
[2026-09-24 13:13:02.019] [info] Chat: registered '/ss' (stored as '/ss')
[2026-09-24 13:13:02.020] [info] Chat: registered '/clientcmds' (stored as '/clientcmds')
[2026-09-24 13:13:02.020] [info] Chat: registered '/rcon' (stored as '/rcon')
[2026-09-24 13:13:02.020] [info] Chat: registered '/dw' (stored as '/dw')
[2026-09-24 13:13:02.020] [info] Chat: registered '/clearmychat' (stored as '/clearmychat')
[2026-09-24 13:13:02.020] [info] Chat: registered '/timestamp' (stored as '/timestamp')
[2026-09-24 13:13:02.020] [info] Chat: registered '/fontsize' (stored as '/fontsize')
[2026-09-24 13:13:02.020] [info] Chat: registered '/pagesize' (stored as '/pagesize')
[2026-09-24 13:13:02.020] [info] Chat: registered '/headmove' (stored as '/headmove')
[2026-09-24 13:13:02.020] [info] Chat: registered '/radartouch' (stored as '/radartouch')
[2026-09-24 13:13:02.020] [info] Initializing netgame...
[2026-09-24 13:13:02.020] [info] NetGame initializing..
[2026-09-24 13:13:02.021] [info] CustomModels: server cache selected: /storage/emulated/0/Android/data/ro.alynsampmobile.launcher/files//dl_cache/server_10.0.2.2_7777_7f7f33f6185fb20c
[2026-09-24 13:13:02.026] [info] Registering RPC's..
[2026-09-24 13:13:02.026] [info] Registering 0.3.DL custom-model RPC's..
[2026-09-24 13:13:02.026] [info] Registering script RPC's..
[2026-09-24 13:13:02.027] [info] [CONN INIT] target=10.0.2.2:7777 playerName='Taylor_Gueorguiy' samp_version=0.3.DL-R1 voice=0 auto_reconnect=1 mod_loader=0 cleo=0 aml=0
[2026-09-24 13:13:02.030] [info] Font atlas WantUpdates: re-uploading 512x256, rebuild #19
[2026-09-24 13:13:02.030] [info] Destroying font raster: raster=0x7213EBAA9FF0
[2026-09-24 13:13:02.030] [info] Font atlas diag [destroy-before]: fonts=24 sources=42 texList=1 built=1 locked=0 rendererHasTextures=1 flags=0x0 min=512x128 max=2048x2048 desiredFormat=0 texId=0x7213EBAA9FF0 texUnique=2 status=3(WantUpdates) fmt=0 512x256 bpp=4 pixels=0x7213F8D0E1C0 bytes=524288 updates=30 used=(0,0 510x224) update=(0,206 497x17) useColors=0 uvScale=(0.001953,0.003906) white=(0.069336,0.001953)
[2026-09-24 13:13:02.030] [info] Font atlas diag [destroy-after]: fonts=24 sources=42 texList=1 built=1 locked=0 rendererHasTextures=1 flags=0x0 min=512x128 max=2048x2048 desiredFormat=0 texId=0x0 texUnique=2 status=3(WantUpdates) fmt=0 512x256 bpp=4 pixels=0x7213F8D0E1C0 bytes=524288 updates=30 used=(0,0 510x224) update=(0,206 497x17) useColors=0 uvScale=(0.001953,0.003906) white=(0.069336,0.001953)
[2026-09-24 13:13:02.030] [info] ImGuiWrapper::createFontTexture
[2026-09-24 13:13:02.030] [info] Font atlas diag [createTexture-before-getTexData]: fonts=24 sources=42 texList=1 built=1 locked=0 rendererHasTextures=1 flags=0x0 min=512x128 max=2048x2048 desiredFormat=0 texId=0x0 texUnique=2 status=3(WantUpdates) fmt=0 512x256 bpp=4 pixels=0x7213F8D0E1C0 bytes=524288 updates=30 used=(0,0 510x224) update=(0,206 497x17) useColors=0 uvScale=(0.001953,0.003906) white=(0.069336,0.001953)
[2026-09-24 13:13:02.030] [info] Font atlas diag [createTexture-after-getTexData]: fonts=24 sources=42 texList=1 built=1 locked=0 rendererHasTextures=1 flags=0x0 min=512x128 max=2048x2048 desiredFormat=0 texId=0x0 texUnique=2 status=3(WantUpdates) fmt=0 512x256 bpp=4 pixels=0x7213F8D0E1C0 bytes=524288 updates=30 used=(0,0 510x224) update=(0,206 497x17) useColors=0 uvScale=(0.001953,0.003906) white=(0.069336,0.001953)
[2026-09-24 13:13:02.030] [info] Atlas built: 512x256 (32 bpp, 0 MB)
[2026-09-24 13:13:02.030] [info] Font image allocated: image=0x7213FCCAC020 512x256 depth=32 stride=2048 pixels=0x7213EB80DBC0
[2026-09-24 13:13:02.030] [info] Font image copy: srcStride=2048 dstStride=2048 copyStride=2048 rows=256
[2026-09-24 13:13:02.031] [info] Font raster created: raster=0x7213EBAA9FF0 requested=512x256
[2026-09-24 13:13:02.032] [info] RwRasterSetFromImage OK: input=0x7213EBAA9FF0 final=0x7213EBAA9FF0
[2026-09-24 13:13:02.032] [info] Font TexData bound to local RenderWare raster: texData=0x72142002FC20 texId=0x7213EBAA9FF0 status=0(OK)
[2026-09-24 13:13:02.032] [info] Atlas width 512
[2026-09-24 13:13:02.032] [info] Atlas height 256
[2026-09-24 13:13:02.040] [info] Font atlas WantUpdates: re-uploading 512x256, rebuild #20
[2026-09-24 13:13:02.040] [info] Destroying font raster: raster=0x7213EBAA9FF0
[2026-09-24 13:13:02.040] [info] Font atlas diag [destroy-before]: fonts=24 sources=42 texList=1 built=1 locked=0 rendererHasTextures=1 flags=0x0 min=512x128 max=2048x2048 desiredFormat=0 texId=0x7213EBAA9FF0 texUnique=2 status=3(WantUpdates) fmt=0 512x256 bpp=4 pixels=0x7213F8D0E1C0 bytes=524288 updates=39 used=(0,0 510x229) update=(0,206 502x23) useColors=0 uvScale=(0.001953,0.003906) white=(0.069336,0.001953)
[2026-09-24 13:13:02.040] [info] Font atlas diag [destroy-after]: fonts=24 sources=42 texList=1 built=1 locked=0 rendererHasTextures=1 flags=0x0 min=512x128 max=2048x2048 desiredFormat=0 texId=0x0 texUnique=2 status=3(WantUpdates) fmt=0 512x256 bpp=4 pixels=0x7213F8D0E1C0 bytes=524288 updates=39 used=(0,0 510x229) update=(0,206 502x23) useColors=0 uvScale=(0.001953,0.003906) white=(0.069336,0.001953)
[2026-09-24 13:13:02.040] [info] ImGuiWrapper::createFontTexture
[2026-09-24 13:13:02.040] [info] Font atlas diag [createTexture-before-getTexData]: fonts=24 sources=42 texList=1 built=1 locked=0 rendererHasTextures=1 flags=0x0 min=512x128 max=2048x2048 desiredFormat=0 texId=0x0 texUnique=2 status=3(WantUpdates) fmt=0 512x256 bpp=4 pixels=0x7213F8D0E1C0 bytes=524288 updates=39 used=(0,0 510x229) update=(0,206 502x23) useColors=0 uvScale=(0.001953,0.003906) white=(0.069336,0.001953)
[2026-09-24 13:13:02.040] [info] Font atlas diag [createTexture-after-getTexData]: fonts=24 sources=42 texList=1 built=1 locked=0 rendererHasTextures=1 flags=0x0 min=512x128 max=2048x2048 desiredFormat=0 texId=0x0 texUnique=2 status=3(WantUpdates) fmt=0 512x256 bpp=4 pixels=0x7213F8D0E1C0 bytes=524288 updates=39 used=(0,0 510x229) update=(0,206 502x23) useColors=0 uvScale=(0.001953,0.003906) white=(0.069336,0.001953)
[2026-09-24 13:13:02.041] [info] Atlas built: 512x256 (32 bpp, 0 MB)
[2026-09-24 13:13:02.041] [info] Font image allocated: image=0x7213FCCAC020 512x256 depth=32 stride=2048 pixels=0x7213EB90FA00
[2026-09-24 13:13:02.041] [info] Font image copy: srcStride=2048 dstStride=2048 copyStride=2048 rows=256
[2026-09-24 13:13:02.041] [info] Font raster created: raster=0x7213EBAA9FF0 requested=512x256
[2026-09-24 13:13:02.041] [info] RwRasterSetFromImage OK: input=0x7213EBAA9FF0 final=0x7213EBAA9FF0
[2026-09-24 13:13:02.041] [info] Font TexData bound to local RenderWare raster: texData=0x72142002FC20 texId=0x7213EBAA9FF0 status=0(OK)
[2026-09-24 13:13:02.041] [info] Atlas width 512
[2026-09-24 13:13:02.041] [info] Atlas height 256
[2026-09-24 13:13:02.323] [info] ServiceStatus: verified, service is open
[2026-09-24 13:13:02.338] [info] Font atlas WantUpdates: re-uploading 512x256, rebuild #21
[2026-09-24 13:13:02.339] [info] Destroying font raster: raster=0x7213EBAA9FF0
[2026-09-24 13:13:02.339] [info] Font atlas diag [destroy-before]: fonts=24 sources=42 texList=1 built=1 locked=0 rendererHasTextures=1 flags=0x0 min=512x128 max=2048x2048 desiredFormat=0 texId=0x7213EBAA9FF0 texUnique=2 status=3(WantUpdates) fmt=0 512x256 bpp=4 pixels=0x7213F8D0E1C0 bytes=524288 updates=2 used=(0,0 510x231) update=(21,220 272x11) useColors=0 uvScale=(0.001953,0.003906) white=(0.069336,0.001953)
[2026-09-24 13:13:02.339] [info] Font atlas diag [destroy-after]: fonts=24 sources=42 texList=1 built=1 locked=0 rendererHasTextures=1 flags=0x0 min=512x128 max=2048x2048 desiredFormat=0 texId=0x0 texUnique=2 status=3(WantUpdates) fmt=0 512x256 bpp=4 pixels=0x7213F8D0E1C0 bytes=524288 updates=2 used=(0,0 510x231) update=(21,220 272x11) useColors=0 uvScale=(0.001953,0.003906) white=(0.069336,0.001953)
[2026-09-24 13:13:02.339] [info] ImGuiWrapper::createFontTexture
[2026-09-24 13:13:02.339] [info] Font atlas diag [createTexture-before-getTexData]: fonts=24 sources=42 texList=1 built=1 locked=0 rendererHasTextures=1 flags=0x0 min=512x128 max=2048x2048 desiredFormat=0 texId=0x0 texUnique=2 status=3(WantUpdates) fmt=0 512x256 bpp=4 pixels=0x7213F8D0E1C0 bytes=524288 updates=2 used=(0,0 510x231) update=(21,220 272x11) useColors=0 uvScale=(0.001953,0.003906) white=(0.069336,0.001953)
[2026-09-24 13:13:02.339] [info] Font atlas diag [createTexture-after-getTexData]: fonts=24 sources=42 texList=1 built=1 locked=0 rendererHasTextures=1 flags=0x0 min=512x128 max=2048x2048 desiredFormat=0 texId=0x0 texUnique=2 status=3(WantUpdates) fmt=0 512x256 bpp=4 pixels=0x7213F8D0E1C0 bytes=524288 updates=2 used=(0,0 510x231) update=(21,220 272x11) useColors=0 uvScale=(0.001953,0.003906) white=(0.069336,0.001953)
[2026-09-24 13:13:02.339] [info] Atlas built: 512x256 (32 bpp, 0 MB)
[2026-09-24 13:13:02.339] [info] Font image allocated: image=0x7213FCCAC020 512x256 depth=32 stride=2048 pixels=0x7213EB80D8C0
[2026-09-24 13:13:02.339] [info] Font image copy: srcStride=2048 dstStride=2048 copyStride=2048 rows=256
[2026-09-24 13:13:02.339] [info] Font raster created: raster=0x7213EBAA9FF0 requested=512x256
[2026-09-24 13:13:02.339] [info] RwRasterSetFromImage OK: input=0x7213EBAA9FF0 final=0x7213EBAA9FF0
[2026-09-24 13:13:02.339] [info] Font TexData bound to local RenderWare raster: texData=0x72142002FC20 texId=0x7213EBAA9FF0 status=0(OK)
[2026-09-24 13:13:02.339] [info] Atlas width 512
[2026-09-24 13:13:02.339] [info] Atlas height 256
[2026-09-24 13:13:03.029] [info] [CONN] attempt #1 -> 10.0.2.2:7777 (voice=0, samp_version=0.3.DL-R1, elapsed=0ms, wire_sent=0/0B wire_recv=0/0B)
[2026-09-24 13:13:03.029] [info] [SocketLayer] PMTU discovery disabled (IP_PMTUDISC_DONT) on UDP socket
[2026-09-24 13:13:03.029] [info] [SocketLayer] UDP socket bound to local port 57171 (requested 0)
[2026-09-24 13:13:03.041] [info] [SocketLayer] sendto #1 -> 10.0.2.2:7777 wire_len=4 first4b: 08 1E 77 DA 
[2026-09-24 13:13:03.042] [info] Font atlas WantUpdates: re-uploading 512x256, rebuild #22
[2026-09-24 13:13:03.042] [info] Destroying font raster: raster=0x7213EBAA9FF0
[2026-09-24 13:13:03.042] [info] Font atlas diag [destroy-before]: fonts=24 sources=42 texList=1 built=1 locked=0 rendererHasTextures=1 flags=0x0 min=512x128 max=2048x2048 desiredFormat=0 texId=0x7213EBAA9FF0 texUnique=2 status=3(WantUpdates) fmt=0 512x256 bpp=4 pixels=0x7213F8D0E1C0 bytes=524288 updates=3 used=(0,0 510x231) update=(295,212 215x16) useColors=0 uvScale=(0.001953,0.003906) white=(0.069336,0.001953)
[2026-09-24 13:13:03.042] [info] Font atlas diag [destroy-after]: fonts=24 sources=42 texList=1 built=1 locked=0 rendererHasTextures=1 flags=0x0 min=512x128 max=2048x2048 desiredFormat=0 texId=0x0 texUnique=2 status=3(WantUpdates) fmt=0 512x256 bpp=4 pixels=0x7213F8D0E1C0 bytes=524288 updates=3 used=(0,0 510x231) update=(295,212 215x16) useColors=0 uvScale=(0.001953,0.003906) white=(0.069336,0.001953)
[2026-09-24 13:13:03.042] [info] ImGuiWrapper::createFontTexture
[2026-09-24 13:13:03.042] [info] Font atlas diag [createTexture-before-getTexData]: fonts=24 sources=42 texList=1 built=1 locked=0 rendererHasTextures=1 flags=0x0 min=512x128 max=2048x2048 desiredFormat=0 texId=0x0 texUnique=2 status=3(WantUpdates) fmt=0 512x256 bpp=4 pixels=0x7213F8D0E1C0 bytes=524288 updates=3 used=(0,0 510x231) update=(295,212 215x16) useColors=0 uvScale=(0.001953,0.003906) white=(0.069336,0.001953)
[2026-09-24 13:13:03.042] [info] Font atlas diag [createTexture-after-getTexData]: fonts=24 sources=42 texList=1 built=1 locked=0 rendererHasTextures=1 flags=0x0 min=512x128 max=2048x2048 desiredFormat=0 texId=0x0 texUnique=2 status=3(WantUpdates) fmt=0 512x256 bpp=4 pixels=0x7213F8D0E1C0 bytes=524288 updates=3 used=(0,0 510x231) update=(295,212 215x16) useColors=0 uvScale=(0.001953,0.003906) white=(0.069336,0.001953)
[2026-09-24 13:13:03.042] [info] Atlas built: 512x256 (32 bpp, 0 MB)
[2026-09-24 13:13:03.042] [info] Font image allocated: image=0x7213FCCAC020 512x256 depth=32 stride=2048 pixels=0x7213EB84B680
[2026-09-24 13:13:03.042] [info] Font image copy: srcStride=2048 dstStride=2048 copyStride=2048 rows=256
[2026-09-24 13:13:03.042] [info] Font raster created: raster=0x7213EBD02CA0 requested=512x256
[2026-09-24 13:13:03.043] [info] RwRasterSetFromImage OK: input=0x7213EBD02CA0 final=0x7213EBD02CA0
[2026-09-24 13:13:03.043] [info] Font TexData bound to local RenderWare raster: texData=0x72142002FC20 texId=0x7213EBD02CA0 status=0(OK)
[2026-09-24 13:13:03.043] [info] Atlas width 512
[2026-09-24 13:13:03.043] [info] Atlas height 256
[2026-09-24 13:13:03.043] [info] [SocketLayer] recvfrom #1 <- 10.0.2.2:7777 len=3 first3b: 1A 5C 77 
[2026-09-24 13:13:04.042] [info] [SocketLayer] sendto #2 -> 10.0.2.2:7777 wire_len=4 first4b: 22 1E D2 37 
[2026-09-24 13:13:04.044] [info] [SocketLayer] recvfrom #2 <- 10.0.2.2:7777 len=2 first2b: 19 00 
[2026-09-24 13:13:04.469] [info] [SocketLayer] sendto #3 -> 10.0.2.2:7777 wire_len=6 first6b: 88 27 8A C7 D8 99 
[2026-09-24 13:13:04.471] [info] [SocketLayer] recvfrom #3 <- 10.0.2.2:7777 len=3 first3b: E3 00 00 
[2026-09-24 13:13:04.474] [info] [SocketLayer] recvfrom #4 <- 10.0.2.2:7777 len=22 first22b: 00 00 42 90 0C 10 31 42 37 36 42 45 33 36 36 45 35 37 31 46 44 00 
[2026-09-24 13:13:04.474] [info] [CONN] dispatched pkt id=0x0C len=18 (gameState=2)
[2026-09-24 13:13:04.474] [info] [AUTH] 1B76BE366E571FD -> 7365966472CDB73AC8D4E42C02838C6FFA5C991F
[2026-09-24 13:13:04.478] [info] [SocketLayer] sendto #4 -> 10.0.2.2:7777 wire_len=51 first32b: 02 08 8A 27 C4 27 90 11 CD A3 D7 B6 26 29 D2 61 84 29 F4 B6 11 C7 97 A5 1B 8B C7 C7 14 3A F4 F4 
[2026-09-24 13:13:04.480] [info] [SocketLayer] recvfrom #5 <- 10.0.2.2:7777 len=3 first3b: E3 01 00 
[2026-09-24 13:13:04.483] [info] [SocketLayer] recvfrom #6 <- 10.0.2.2:7777 len=17 first17b: 00 80 42 68 22 7F 00 00 01 13 C5 00 00 E0 3F 00 00 
[2026-09-24 13:13:04.491] [info] [CONN] dispatched pkt id=0x22 len=13 (gameState=2)
[2026-09-24 13:13:04.491] [info] [CONN] ID_CONNECTION_REQUEST_ACCEPTED 10.0.2.2:7777 on attempt #1 after 1462ms (recv=2pkts/31B, wire_sent_total=4/65B wire_recv_total=6/50B)
[2026-09-24 13:13:04.493] [info] Font atlas WantUpdates: re-uploading 512x256, rebuild #23
[2026-09-24 13:13:04.493] [info] Destroying font raster: raster=0x7213EBD02CA0
[2026-09-24 13:13:04.493] [info] Font atlas diag [destroy-before]: fonts=24 sources=42 texList=1 built=1 locked=0 rendererHasTextures=1 flags=0x0 min=512x128 max=2048x2048 desiredFormat=0 texId=0x7213EBD02CA0 texUnique=2 status=3(WantUpdates) fmt=0 512x256 bpp=4 pixels=0x7213F8D0E1C0 bytes=524288 updates=1 used=(0,0 510x231) update=(125,219 7x10) useColors=0 uvScale=(0.001953,0.003906) white=(0.069336,0.001953)
[2026-09-24 13:13:04.493] [info] Font atlas diag [destroy-after]: fonts=24 sources=42 texList=1 built=1 locked=0 rendererHasTextures=1 flags=0x0 min=512x128 max=2048x2048 desiredFormat=0 texId=0x0 texUnique=2 status=3(WantUpdates) fmt=0 512x256 bpp=4 pixels=0x7213F8D0E1C0 bytes=524288 updates=1 used=(0,0 510x231) update=(125,219 7x10) useColors=0 uvScale=(0.001953,0.003906) white=(0.069336,0.001953)
[2026-09-24 13:13:04.493] [info] ImGuiWrapper::createFontTexture
[2026-09-24 13:13:04.493] [info] Font atlas diag [createTexture-before-getTexData]: fonts=24 sources=42 texList=1 built=1 locked=0 rendererHasTextures=1 flags=0x0 min=512x128 max=2048x2048 desiredFormat=0 texId=0x0 texUnique=2 status=3(WantUpdates) fmt=0 512x256 bpp=4 pixels=0x7213F8D0E1C0 bytes=524288 updates=1 used=(0,0 510x231) update=(125,219 7x10) useColors=0 uvScale=(0.001953,0.003906) white=(0.069336,0.001953)
[2026-09-24 13:13:04.493] [info] Font atlas diag [createTexture-after-getTexData]: fonts=24 sources=42 texList=1 built=1 locked=0 rendererHasTextures=1 flags=0x0 min=512x128 max=2048x2048 desiredFormat=0 texId=0x0 texUnique=2 status=3(WantUpdates) fmt=0 512x256 bpp=4 pixels=0x7213F8D0E1C0 bytes=524288 updates=1 used=(0,0 510x231) update=(125,219 7x10) useColors=0 uvScale=(0.001953,0.003906) white=(0.069336,0.001953)
[2026-09-24 13:13:04.494] [info] Atlas built: 512x256 (32 bpp, 0 MB)
[2026-09-24 13:13:04.494] [info] Font image allocated: image=0x7213FCCAC020 512x256 depth=32 stride=2048 pixels=0x7213F380DE00
[2026-09-24 13:13:04.494] [info] Font image copy: srcStride=2048 dstStride=2048 copyStride=2048 rows=256
[2026-09-24 13:13:04.494] [info] Font raster created: raster=0x7213EB9F7B60 requested=512x256
[2026-09-24 13:13:04.494] [info] RwRasterSetFromImage OK: input=0x7213EB9F7B60 final=0x7213EB9F7B60
[2026-09-24 13:13:04.494] [info] Font TexData bound to local RenderWare raster: texData=0x72142002FC20 texId=0x7213EB9F7B60 status=0(OK)
[2026-09-24 13:13:04.494] [info] Atlas width 512
[2026-09-24 13:13:04.494] [info] Atlas height 256
[2026-09-24 13:13:04.500] [info] [SocketLayer] sendto #5 -> 10.0.2.2:7777 wire_len=132 first32b: 2A 08 C4 27 50 27 6D F1 9A 71 8A FD 50 C2 9A 87 8A DB 71 83 E7 7D 8A 27 CD 27 0B 27 D4 7D 8A DB 
[2026-09-24 13:13:04.502] [info] [SocketLayer] recvfrom #7 <- 10.0.2.2:7777 len=8 first8b: E7 02 00 82 00 41 80 00 
[2026-09-24 13:13:04.504] [info] [SocketLayer] recvfrom #8 <- 10.0.2.2:7777 len=45 first32b: 01 00 32 28 06 8F 37 30 00 03 00 87 00 29 04 00 64 90 09 AD 05 00 00 8F 37 30 00 05 00 64 90 09 
[2026-09-24 13:13:04.504] [info] [SocketLayer] recvfrom #9 <- 10.0.2.2:7777 len=9 first9b: 03 80 32 28 06 91 37 30 00 
[2026-09-24 13:13:04.508] [info] [CONN] dispatched pkt id=0x29 len=1 (gameState=6)
[2026-09-24 13:13:04.513] [info] [SocketLayer] recvfrom #10 <- 10.0.2.2:7777 len=15 first15b: 04 00 48 80 00 11 E0 14 3C E2 09 A3 73 00 00 
[2026-09-24 13:13:04.555] [info] Audio weather diagnostic: 1 -> 0
[2026-09-24 13:13:04.560] [warning] [CONN] RPC 103 has no handler (72 bits), dropped
[2026-09-24 13:13:06.528] [info] Font atlas WantUpdates: re-uploading 512x256, rebuild #24
[2026-09-24 13:13:06.528] [info] Destroying font raster: raster=0x7213EB9F7B60
[2026-09-24 13:13:06.528] [info] Font atlas diag [destroy-before]: fonts=24 sources=42 texList=1 built=1 locked=0 rendererHasTextures=1 flags=0x0 min=512x128 max=2048x2048 desiredFormat=0 texId=0x7213EB9F7B60 texUnique=2 status=3(WantUpdates) fmt=0 512x256 bpp=4 pixels=0x7213F8D0E1C0 bytes=524288 updates=2 used=(0,0 510x231) update=(413,221 17x10) useColors=0 uvScale=(0.001953,0.003906) white=(0.069336,0.001953)
[2026-09-24 13:13:06.528] [info] Font atlas diag [destroy-after]: fonts=24 sources=42 texList=1 built=1 locked=0 rendererHasTextures=1 flags=0x0 min=512x128 max=2048x2048 desiredFormat=0 texId=0x0 texUnique=2 status=3(WantUpdates) fmt=0 512x256 bpp=4 pixels=0x7213F8D0E1C0 bytes=524288 updates=2 used=(0,0 510x231) update=(413,221 17x10) useColors=0 uvScale=(0.001953,0.003906) white=(0.069336,0.001953)
[2026-09-24 13:13:06.528] [info] ImGuiWrapper::createFontTexture
[2026-09-24 13:13:06.528] [info] Font atlas diag [createTexture-before-getTexData]: fonts=24 sources=42 texList=1 built=1 locked=0 rendererHasTextures=1 flags=0x0 min=512x128 max=2048x2048 desiredFormat=0 texId=0x0 texUnique=2 status=3(WantUpdates) fmt=0 512x256 bpp=4 pixels=0x7213F8D0E1C0 bytes=524288 updates=2 used=(0,0 510x231) update=(413,221 17x10) useColors=0 uvScale=(0.001953,0.003906) white=(0.069336,0.001953)
[2026-09-24 13:13:06.528] [info] Font atlas diag [createTexture-after-getTexData]: fonts=24 sources=42 texList=1 built=1 locked=0 rendererHasTextures=1 flags=0x0 min=512x128 max=2048x2048 desiredFormat=0 texId=0x0 texUnique=2 status=3(WantUpdates) fmt=0 512x256 bpp=4 pixels=0x7213F8D0E1C0 bytes=524288 updates=2 used=(0,0 510x231) update=(413,221 17x10) useColors=0 uvScale=(0.001953,0.003906) white=(0.069336,0.001953)
[2026-09-24 13:13:06.528] [info] Atlas built: 512x256 (32 bpp, 0 MB)
[2026-09-24 13:13:06.528] [info] Font image allocated: image=0x7213FCCAC020 512x256 depth=32 stride=2048 pixels=0x7213F390F2C0
[2026-09-24 13:13:06.528] [info] Font image copy: srcStride=2048 dstStride=2048 copyStride=2048 rows=256
[2026-09-24 13:13:06.528] [info] Font raster created: raster=0x7213EB9F7B60 requested=512x256
[2026-09-24 13:13:06.528] [info] RwRasterSetFromImage OK: input=0x7213EB9F7B60 final=0x7213EB9F7B60
[2026-09-24 13:13:06.528] [info] Font TexData bound to local RenderWare raster: texData=0x72142002FC20 texId=0x7213EB9F7B60 status=0(OK)
[2026-09-24 13:13:06.528] [info] Atlas width 512
[2026-09-24 13:13:06.528] [info] Atlas height 256
[2026-09-24 13:13:06.541] [info] CustomModels: virtual world -> 1, re-scoping the download list
[2026-09-24 13:13:06.541] [info] CustomModels: virtual world -> 0, re-scoping the download list
[2026-09-24 13:13:06.542] [info] Server text encoding locked to CP1251 for this connection
[2026-09-24 13:13:06.543] [info] CustomModels: server cache selected: /storage/emulated/0/Android/data/ro.alynsampmobile.launcher/files//dl_cache/server_10.0.2.2_7777_7f7f33f6185fb20c
[2026-09-24 13:13:06.543] [info] Server EnableVehicleFriendlyFire flag: 0 (team car damage is blocked regardless)
[2026-09-24 13:13:06.548] [info] Font atlas WantUpdates: re-uploading 512x256, rebuild #25
[2026-09-24 13:13:06.548] [info] Destroying font raster: raster=0x7213EB9F7B60
[2026-09-24 13:13:06.548] [info] Font atlas diag [destroy-before]: fonts=24 sources=42 texList=1 built=1 locked=0 rendererHasTextures=1 flags=0x0 min=512x128 max=2048x2048 desiredFormat=0 texId=0x7213EB9F7B60 texUnique=2 status=3(WantUpdates) fmt=0 512x256 bpp=4 pixels=0x7213F8D0E1C0 bytes=524288 updates=7 used=(0,0 510x231) update=(0,217 430x14) useColors=0 uvScale=(0.001953,0.003906) white=(0.069336,0.001953)
[2026-09-24 13:13:06.548] [info] Font atlas diag [destroy-after]: fonts=24 sources=42 texList=1 built=1 locked=0 rendererHasTextures=1 flags=0x0 min=512x128 max=2048x2048 desiredFormat=0 texId=0x0 texUnique=2 status=3(WantUpdates) fmt=0 512x256 bpp=4 pixels=0x7213F8D0E1C0 bytes=524288 updates=7 used=(0,0 510x231) update=(0,217 430x14) useColors=0 uvScale=(0.001953,0.003906) white=(0.069336,0.001953)
[2026-09-24 13:13:06.548] [info] ImGuiWrapper::createFontTexture
[2026-09-24 13:13:06.548] [info] Font atlas diag [createTexture-before-getTexData]: fonts=24 sources=42 texList=1 built=1 locked=0 rendererHasTextures=1 flags=0x0 min=512x128 max=2048x2048 desiredFormat=0 texId=0x0 texUnique=2 status=3(WantUpdates) fmt=0 512x256 bpp=4 pixels=0x7213F8D0E1C0 bytes=524288 updates=7 used=(0,0 510x231) update=(0,217 430x14) useColors=0 uvScale=(0.001953,0.003906) white=(0.069336,0.001953)
[2026-09-24 13:13:06.548] [info] Font atlas diag [createTexture-after-getTexData]: fonts=24 sources=42 texList=1 built=1 locked=0 rendererHasTextures=1 flags=0x0 min=512x128 max=2048x2048 desiredFormat=0 texId=0x0 texUnique=2 status=3(WantUpdates) fmt=0 512x256 bpp=4 pixels=0x7213F8D0E1C0 bytes=524288 updates=7 used=(0,0 510x231) update=(0,217 430x14) useColors=0 uvScale=(0.001953,0.003906) white=(0.069336,0.001953)
[2026-09-24 13:13:06.548] [info] Atlas built: 512x256 (32 bpp, 0 MB)
[2026-09-24 13:13:06.548] [info] Font image allocated: image=0x7213FCCAC020 512x256 depth=32 stride=2048 pixels=0x7213F390FA00
[2026-09-24 13:13:06.548] [info] Font image copy: srcStride=2048 dstStride=2048 copyStride=2048 rows=256
[2026-09-24 13:13:06.548] [info] Font raster created: raster=0x7213EB9F51D0 requested=512x256
[2026-09-24 13:13:06.548] [info] RwRasterSetFromImage OK: input=0x7213EB9F51D0 final=0x7213EB9F51D0
[2026-09-24 13:13:06.548] [info] Font TexData bound to local RenderWare raster: texData=0x72142002FC20 texId=0x7213EB9F51D0 status=0(OK)
[2026-09-24 13:13:06.548] [info] Atlas width 512
[2026-09-24 13:13:06.549] [info] Atlas height 256
[2026-09-24 13:13:09.542] [info] SelectTextDraw: enable 0 hover 0x00000000 (33 bits)
[2026-09-24 13:13:09.542] [info] Play: https://files.super-rp.es/audio/intro/intro3.mp3
[2026-09-24 13:13:09.543] [info] Stop: 
[2026-09-24 13:13:09.543] [info] AudioStream: Creating stream for URL: https://files.super-rp.es/audio/intro/intro3.mp3
[2026-09-24 13:13:09.558] [info] [CONN] dispatched pkt id=0xD0 len=5 (gameState=5)
[2026-09-24 13:13:09.591] [info] Font atlas WantCreate: re-uploading 512x256, rebuild #26
[2026-09-24 13:13:09.591] [info] Destroying font raster: raster=0x7213EB9F51D0
[2026-09-24 13:13:09.591] [info] Font atlas diag [destroy-before]: fonts=24 sources=42 texList=2 built=0 locked=0 rendererHasTextures=1 flags=0x0 min=512x128 max=2048x2048 desiredFormat=0 texId=0x0 texUnique=3 status=2(WantCreate) fmt=0 512x256 bpp=4 pixels=0x7213E980DD80 bytes=524288 updates=0 used=(0,0 505x100) update=(26,60 479x40) useColors=0 uvScale=(0.001953,0.003906) white=(0.069336,0.001953)
[2026-09-24 13:13:09.591] [info] Font atlas diag [destroy-after]: fonts=24 sources=42 texList=2 built=0 locked=0 rendererHasTextures=1 flags=0x0 min=512x128 max=2048x2048 desiredFormat=0 texId=0x0 texUnique=3 status=2(WantCreate) fmt=0 512x256 bpp=4 pixels=0x7213E980DD80 bytes=524288 updates=0 used=(0,0 505x100) update=(26,60 479x40) useColors=0 uvScale=(0.001953,0.003906) white=(0.069336,0.001953)
[2026-09-24 13:13:09.591] [info] ImGuiWrapper::createFontTexture
[2026-09-24 13:13:09.591] [info] Font atlas diag [createTexture-before-getTexData]: fonts=24 sources=42 texList=2 built=0 locked=0 rendererHasTextures=1 flags=0x0 min=512x128 max=2048x2048 desiredFormat=0 texId=0x0 texUnique=3 status=2(WantCreate) fmt=0 512x256 bpp=4 pixels=0x7213E980DD80 bytes=524288 updates=0 used=(0,0 505x100) update=(26,60 479x40) useColors=0 uvScale=(0.001953,0.003906) white=(0.069336,0.001953)
[2026-09-24 13:13:09.591] [info] Font atlas diag [createTexture-after-getTexData]: fonts=24 sources=42 texList=2 built=1 locked=0 rendererHasTextures=1 flags=0x0 min=512x128 max=2048x2048 desiredFormat=0 texId=0x0 texUnique=3 status=2(WantCreate) fmt=0 512x256 bpp=4 pixels=0x7213E980DD80 bytes=524288 updates=0 used=(0,0 505x100) update=(26,60 479x40) useColors=0 uvScale=(0.001953,0.003906) white=(0.069336,0.001953)
[2026-09-24 13:13:09.591] [info] Atlas built: 512x256 (32 bpp, 0 MB)
[2026-09-24 13:13:09.591] [info] Font image allocated: image=0x7213FCCAC020 512x256 depth=32 stride=2048 pixels=0x7213E988EB00
[2026-09-24 13:13:09.591] [info] Font image copy: srcStride=2048 dstStride=2048 copyStride=2048 rows=256
[2026-09-24 13:13:09.592] [info] Font raster created: raster=0x7213EB8FF760 requested=512x256
[2026-09-24 13:13:09.592] [info] RwRasterSetFromImage OK: input=0x7213EB8FF760 final=0x7213EB8FF760
[2026-09-24 13:13:09.592] [info] Font TexData bound to local RenderWare raster: texData=0x72142002FA40 texId=0x7213EB8FF760 status=0(OK)
[2026-09-24 13:13:09.592] [info] Atlas width 512
[2026-09-24 13:13:09.592] [info] Atlas height 256
[2026-09-24 13:13:09.596] [info] Font atlas WantUpdates: re-uploading 512x256, rebuild #27
[2026-09-24 13:13:09.596] [info] Destroying font raster: raster=0x7213EB8FF760
[2026-09-24 13:13:09.596] [info] Font atlas diag [destroy-before]: fonts=24 sources=42 texList=2 built=0 locked=0 rendererHasTextures=1 flags=0x0 min=512x128 max=2048x2048 desiredFormat=0 texId=0x7213EB8FF760 texUnique=3 status=3(WantUpdates) fmt=0 512x256 bpp=4 pixels=0x7213E980DD80 bytes=524288 updates=14 used=(0,0 505x118) update=(0,60 454x58) useColors=0 uvScale=(0.001953,0.003906) white=(0.069336,0.001953)
[2026-09-24 13:13:09.596] [info] Font atlas diag [destroy-after]: fonts=24 sources=42 texList=2 built=0 locked=0 rendererHasTextures=1 flags=0x0 min=512x128 max=2048x2048 desiredFormat=0 texId=0x0 texUnique=3 status=3(WantUpdates) fmt=0 512x256 bpp=4 pixels=0x7213E980DD80 bytes=524288 updates=14 used=(0,0 505x118) update=(0,60 454x58) useColors=0 uvScale=(0.001953,0.003906) white=(0.069336,0.001953)
[2026-09-24 13:13:09.596] [info] ImGuiWrapper::createFontTexture
[2026-09-24 13:13:09.596] [info] Font atlas diag [createTexture-before-getTexData]: fonts=24 sources=42 texList=2 built=0 locked=0 rendererHasTextures=1 flags=0x0 min=512x128 max=2048x2048 desiredFormat=0 texId=0x0 texUnique=3 status=3(WantUpdates) fmt=0 512x256 bpp=4 pixels=0x7213E980DD80 bytes=524288 updates=14 used=(0,0 505x118) update=(0,60 454x58) useColors=0 uvScale=(0.001953,0.003906) white=(0.069336,0.001953)
[2026-09-24 13:13:09.596] [info] Font atlas diag [createTexture-after-getTexData]: fonts=24 sources=42 texList=2 built=1 locked=0 rendererHasTextures=1 flags=0x0 min=512x128 max=2048x2048 desiredFormat=0 texId=0x0 texUnique=3 status=3(WantUpdates) fmt=0 512x256 bpp=4 pixels=0x7213E980DD80 bytes=524288 updates=14 used=(0,0 505x118) update=(0,60 454x58) useColors=0 uvScale=(0.001953,0.003906) white=(0.069336,0.001953)
[2026-09-24 13:13:09.596] [info] Atlas built: 512x256 (32 bpp, 0 MB)
[2026-09-24 13:13:09.596] [info] Font image allocated: image=0x7213FCCAC020 512x256 depth=32 stride=2048 pixels=0x7213E988E600
[2026-09-24 13:13:09.596] [info] Font image copy: srcStride=2048 dstStride=2048 copyStride=2048 rows=256
[2026-09-24 13:13:09.596] [info] Font raster created: raster=0x7213EB8FF760 requested=512x256
[2026-09-24 13:13:09.597] [info] RwRasterSetFromImage OK: input=0x7213EB8FF760 final=0x7213EB8FF760
[2026-09-24 13:13:09.597] [info] Font TexData bound to local RenderWare raster: texData=0x72142002FA40 texId=0x7213EB8FF760 status=0(OK)
[2026-09-24 13:13:09.597] [info] Atlas width 512
[2026-09-24 13:13:09.597] [info] Atlas height 256
[2026-09-24 13:13:09.738] [info] Font atlas WantUpdates: re-uploading 512x256, rebuild #28
[2026-09-24 13:13:09.738] [info] Destroying font raster: raster=0x7213EB8FF760
[2026-09-24 13:13:09.738] [info] Font atlas diag [destroy-before]: fonts=24 sources=42 texList=1 built=0 locked=0 rendererHasTextures=1 flags=0x0 min=512x128 max=2048x2048 desiredFormat=0 texId=0x7213EB8FF760 texUnique=3 status=3(WantUpdates) fmt=0 512x256 bpp=4 pixels=0x7213E980DD80 bytes=524288 updates=5 used=(0,0 505x118) update=(0,66 470x50) useColors=0 uvScale=(0.001953,0.003906) white=(0.069336,0.001953)
[2026-09-24 13:13:09.738] [info] Font atlas diag [destroy-after]: fonts=24 sources=42 texList=1 built=0 locked=0 rendererHasTextures=1 flags=0x0 min=512x128 max=2048x2048 desiredFormat=0 texId=0x0 texUnique=3 status=3(WantUpdates) fmt=0 512x256 bpp=4 pixels=0x7213E980DD80 bytes=524288 updates=5 used=(0,0 505x118) update=(0,66 470x50) useColors=0 uvScale=(0.001953,0.003906) white=(0.069336,0.001953)
[2026-09-24 13:13:09.738] [info] ImGuiWrapper::createFontTexture
[2026-09-24 13:13:09.738] [info] Font atlas diag [createTexture-before-getTexData]: fonts=24 sources=42 texList=1 built=0 locked=0 rendererHasTextures=1 flags=0x0 min=512x128 max=2048x2048 desiredFormat=0 texId=0x0 texUnique=3 status=3(WantUpdates) fmt=0 512x256 bpp=4 pixels=0x7213E980DD80 bytes=524288 updates=5 used=(0,0 505x118) update=(0,66 470x50) useColors=0 uvScale=(0.001953,0.003906) white=(0.069336,0.001953)
[2026-09-24 13:13:09.738] [info] Font atlas diag [createTexture-after-getTexData]: fonts=24 sources=42 texList=1 built=1 locked=0 rendererHasTextures=1 flags=0x0 min=512x128 max=2048x2048 desiredFormat=0 texId=0x0 texUnique=3 status=3(WantUpdates) fmt=0 512x256 bpp=4 pixels=0x7213E980DD80 bytes=524288 updates=5 used=(0,0 505x118) update=(0,66 470x50) useColors=0 uvScale=(0.001953,0.003906) white=(0.069336,0.001953)
[2026-09-24 13:13:09.738] [info] Atlas built: 512x256 (32 bpp, 0 MB)
[2026-09-24 13:13:09.738] [info] Font image allocated: image=0x7213FCCAC020 512x256 depth=32 stride=2048 pixels=0x7213E880D180
[2026-09-24 13:13:09.738] [info] Font image copy: srcStride=2048 dstStride=2048 copyStride=2048 rows=256
[2026-09-24 13:13:09.738] [info] Font raster created: raster=0x7213F3891330 requested=512x256
[2026-09-24 13:13:09.739] [info] RwRasterSetFromImage OK: input=0x7213F3891330 final=0x7213F3891330
[2026-09-24 13:13:09.739] [info] Font TexData bound to local RenderWare raster: texData=0x72142002FA40 texId=0x7213F3891330 status=0(OK)
[2026-09-24 13:13:09.739] [info] Atlas width 512
[2026-09-24 13:13:09.739] [info] Atlas height 256
[2026-09-24 13:13:09.740] [info] Font atlas WantUpdates: re-uploading 512x256, rebuild #29
[2026-09-24 13:13:09.740] [info] Destroying font raster: raster=0x7213F3891330
[2026-09-24 13:13:09.740] [info] Font atlas diag [destroy-before]: fonts=24 sources=42 texList=1 built=0 locked=0 rendererHasTextures=1 flags=0x0 min=512x128 max=2048x2048 desiredFormat=0 texId=0x7213F3891330 texUnique=3 status=3(WantUpdates) fmt=0 512x256 bpp=4 pixels=0x7213E980DD80 bytes=524288 updates=1 used=(0,0 505x118) update=(382,92 14x20) useColors=0 uvScale=(0.001953,0.003906) white=(0.069336,0.001953)
[2026-09-24 13:13:09.740] [info] Font atlas diag [destroy-after]: fonts=24 sources=42 texList=1 built=0 locked=0 rendererHasTextures=1 flags=0x0 min=512x128 max=2048x2048 desiredFormat=0 texId=0x0 texUnique=3 status=3(WantUpdates) fmt=0 512x256 bpp=4 pixels=0x7213E980DD80 bytes=524288 updates=1 used=(0,0 505x118) update=(382,92 14x20) useColors=0 uvScale=(0.001953,0.003906) white=(0.069336,0.001953)
[2026-09-24 13:13:09.740] [info] ImGuiWrapper::createFontTexture
[2026-09-24 13:13:09.740] [info] Font atlas diag [createTexture-before-getTexData]: fonts=24 sources=42 texList=1 built=0 locked=0 rendererHasTextures=1 flags=0x0 min=512x128 max=2048x2048 desiredFormat=0 texId=0x0 texUnique=3 status=3(WantUpdates) fmt=0 512x256 bpp=4 pixels=0x7213E980DD80 bytes=524288 updates=1 used=(0,0 505x118) update=(382,92 14x20) useColors=0 uvScale=(0.001953,0.003906) white=(0.069336,0.001953)
[2026-09-24 13:13:09.740] [info] Font atlas diag [createTexture-after-getTexData]: fonts=24 sources=42 texList=1 built=1 locked=0 rendererHasTextures=1 flags=0x0 min=512x128 max=2048x2048 desiredFormat=0 texId=0x0 texUnique=3 status=3(WantUpdates) fmt=0 512x256 bpp=4 pixels=0x7213E980DD80 bytes=524288 updates=1 used=(0,0 505x118) update=(382,92 14x20) useColors=0 uvScale=(0.001953,0.003906) white=(0.069336,0.001953)
[2026-09-24 13:13:09.740] [info] Atlas built: 512x256 (32 bpp, 0 MB)
[2026-09-24 13:13:09.740] [info] Font image allocated: image=0x7213FCCAC020 512x256 depth=32 stride=2048 pixels=0x7213E890F200
[2026-09-24 13:13:09.740] [info] Font image copy: srcStride=2048 dstStride=2048 copyStride=2048 rows=256
[2026-09-24 13:13:09.740] [info] Font raster created: raster=0x7213F3891330 requested=512x256
[2026-09-24 13:13:09.740] [info] RwRasterSetFromImage OK: input=0x7213F3891330 final=0x7213F3891330
[2026-09-24 13:13:09.740] [info] Font TexData bound to local RenderWare raster: texData=0x72142002FA40 texId=0x7213F3891330 status=0(OK)
[2026-09-24 13:13:09.740] [info] Atlas width 512
[2026-09-24 13:13:09.740] [info] Atlas height 256
[2026-09-24 13:13:09.795] [info] CustomModels: virtual world -> 555, re-scoping the download list
[2026-09-24 13:13:09.795] [info] Audio weather diagnostic: 0 -> 1
[2026-09-24 13:13:09.795] [info] Audio weather diagnostic: 1 -> 1
[2026-09-24 13:13:09.795] [info] DialogBox: id 2 style 3 title 'Ingresar' buttons 'Continuar'/'Cerrar' body 56 bytes, 2 rows
[2026-09-24 13:13:09.798] [info] Font atlas WantUpdates: re-uploading 512x256, rebuild #30
[2026-09-24 13:13:09.798] [info] Destroying font raster: raster=0x7213F3891330
[2026-09-24 13:13:09.798] [info] Font atlas diag [destroy-before]: fonts=24 sources=42 texList=1 built=1 locked=0 rendererHasTextures=1 flags=0x0 min=512x128 max=2048x2048 desiredFormat=0 texId=0x7213F3891330 texUnique=3 status=3(WantUpdates) fmt=0 512x256 bpp=4 pixels=0x7213E980DD80 bytes=524288 updates=8 used=(0,0 510x118) update=(114,63 396x48) useColors=0 uvScale=(0.001953,0.003906) white=(0.069336,0.001953)
[2026-09-24 13:13:09.798] [info] Font atlas diag [destroy-after]: fonts=24 sources=42 texList=1 built=1 locked=0 rendererHasTextures=1 flags=0x0 min=512x128 max=2048x2048 desiredFormat=0 texId=0x0 texUnique=3 status=3(WantUpdates) fmt=0 512x256 bpp=4 pixels=0x7213E980DD80 bytes=524288 updates=8 used=(0,0 510x118) update=(114,63 396x48) useColors=0 uvScale=(0.001953,0.003906) white=(0.069336,0.001953)
[2026-09-24 13:13:09.798] [info] ImGuiWrapper::createFontTexture
[2026-09-24 13:13:09.798] [info] Font atlas diag [createTexture-before-getTexData]: fonts=24 sources=42 texList=1 built=1 locked=0 rendererHasTextures=1 flags=0x0 min=512x128 max=2048x2048 desiredFormat=0 texId=0x0 texUnique=3 status=3(WantUpdates) fmt=0 512x256 bpp=4 pixels=0x7213E980DD80 bytes=524288 updates=8 used=(0,0 510x118) update=(114,63 396x48) useColors=0 uvScale=(0.001953,0.003906) white=(0.069336,0.001953)
[2026-09-24 13:13:09.798] [info] Font atlas diag [createTexture-after-getTexData]: fonts=24 sources=42 texList=1 built=1 locked=0 rendererHasTextures=1 flags=0x0 min=512x128 max=2048x2048 desiredFormat=0 texId=0x0 texUnique=3 status=3(WantUpdates) fmt=0 512x256 bpp=4 pixels=0x7213E980DD80 bytes=524288 updates=8 used=(0,0 510x118) update=(114,63 396x48) useColors=0 uvScale=(0.001953,0.003906) white=(0.069336,0.001953)
[2026-09-24 13:13:09.798] [info] Atlas built: 512x256 (32 bpp, 0 MB)
[2026-09-24 13:13:09.798] [info] Font image allocated: image=0x7213FCCAC020 512x256 depth=32 stride=2048 pixels=0x7213E880D3C0
[2026-09-24 13:13:09.798] [info] Font image copy: srcStride=2048 dstStride=2048 copyStride=2048 rows=256
[2026-09-24 13:13:09.798] [info] Font raster created: raster=0x7213F39E7270 requested=512x256
[2026-09-24 13:13:09.798] [info] RwRasterSetFromImage OK: input=0x7213F39E7270 final=0x7213F39E7270
[2026-09-24 13:13:09.798] [info] Font TexData bound to local RenderWare raster: texData=0x72142002FA40 texId=0x7213F39E7270 status=0(OK)
[2026-09-24 13:13:09.798] [info] Atlas width 512
[2026-09-24 13:13:09.798] [info] Atlas height 256
[2026-09-24 13:13:10.588] [info] DLShowActor: actor 0 base 161 custom 59999564 -> wire 59999564
[2026-09-24 13:13:10.588] [error] Actor::Actor: Invalid skin model: 59999564
[2026-09-24 13:13:10.590] [info] [LIGHTPROBE] model=-1 frame="chassis" geom=0x7213f38da080 atomicId=0x0 upgrade=0 objFlags=0x5 stockGate=1 materials=16 ms_pLightsTexture=0x7214201c1f68 ms_pLightsOnTexture=0x7214201c1fd0 ms_lightsOn=[0,1,0,0]
[2026-09-24 13:13:10.590] [info] [LIGHTPROBE]   mat[0] tex 0x0 "" -> 0x0 "" | rgba (0,0,0,255) -> (0,0,0,255) | wasStockLights=0 isStockLights=0 isStockLightsOn=0 lensMarker=0 bodyMarker=0
[2026-09-24 13:13:10.590] [info] [LIGHTPROBE]   mat[1] tex 0x7214201c2038 "vehiclegrunge256" -> 0x7214201c2038 "vehiclegrunge256" | rgba (60,255,0,255) -> (0,0,0,255) | wasStockLights=0 isStockLights=0 isStockLightsOn=0 lensMarker=0 bodyMarker=1
[2026-09-24 13:13:10.590] [info] [LIGHTPROBE]   mat[2] tex 0x7213e8bb0c98 "GN76 4NJ" -> 0x7213e8bb0c98 "GN76 4NJ" | rgba (255,255,255,255) -> (255,255,255,255) | wasStockLights=0 isStockLights=0 isStockLightsOn=0 lensMarker=0 bodyMarker=0
[2026-09-24 13:13:10.590] [info] [LIGHTPROBE]   mat[3] tex 0x7213e8bb0a28 "walton92interior128" -> 0x7213e8bb0a28 "walton92interior128" | rgba (255,255,255,255) -> (255,255,255,255) | wasStockLights=0 isStockLights=0 isStockLightsOn=0 lensMarker=0 bodyMarker=0
[2026-09-24 13:13:10.590] [info] [LIGHTPROBE]   mat[4] tex 0x7214201c1198 "plateback1" -> 0x7214201c1198 "plateback1" | rgba (255,255,255,255) -> (255,255,255,255) | wasStockLights=0 isStockLights=0 isStockLightsOn=0 lensMarker=0 bodyMarker=0
[2026-09-24 13:13:10.591] [info] [LIGHTPROBE]   mat[5] tex 0x7214201c1f68 "vehiclelights128" -> 0x7214201c1f68 "vehiclelights128" | rgba (255,255,255,255) -> (255,255,255,255) | wasStockLights=1 isStockLights=1 isStockLightsOn=0 lensMarker=0 bodyMarker=0
[2026-09-24 13:13:10.591] [info] [LIGHTPROBE]   mat[6] tex 0x7214201c1f68 "vehiclelights128" -> 0x7214201c1f68 "vehiclelights128" | rgba (255,175,0,255) -> (255,255,255,255) | wasStockLights=1 isStockLights=1 isStockLightsOn=0 lensMarker=1 bodyMarker=0
[2026-09-24 13:13:10.591] [info] [LIGHTPROBE]   mat[7] tex 0x7214201c1f68 "vehiclelights128" -> 0x7214201c1f68 "vehiclelights128" | rgba (185,255,0,255) -> (255,255,255,255) | wasStockLights=1 isStockLights=1 isStockLightsOn=0 lensMarker=1 bodyMarker=0
[2026-09-24 13:13:10.591] [info] [LIGHTPROBE]   mat[8] tex 0x7214201c1f68 "vehiclelights128" -> 0x7214201c1fd0 "vehiclelightson128" | rgba (0,255,200,255) -> (255,255,255,255) | wasStockLights=1 isStockLights=0 isStockLightsOn=1 lensMarker=0 bodyMarker=0
[2026-09-24 13:13:10.591] [info] [LIGHTPROBE]   mat[9] tex 0x7214201c1f68 "vehiclelights128" -> 0x7214201c1f68 "vehiclelights128" | rgba (255,60,0,255) -> (255,255,255,255) | wasStockLights=1 isStockLights=1 isStockLightsOn=0 lensMarker=1 bodyMarker=0
[2026-09-24 13:13:10.591] [info] [LIGHTPROBE]   mat[10] tex 0x7213e8bb0a28 "walton92interior128" -> 0x7213e8bb0a28 "walton92interior128" | rgba (255,255,255,255) -> (255,255,255,255) | wasStockLights=0 isStockLights=0 isStockLightsOn=0 lensMarker=0 bodyMarker=0
[2026-09-24 13:13:10.591] [info] [LIGHTPROBE]   mat[11] tex 0x7214201c2b30 "vehiclesteering128" -> 0x7214201c2b30 "vehiclesteering128" | rgba (255,255,255,242) -> (255,255,255,242) | wasStockLights=0 isStockLights=0 isStockLightsOn=0 lensMarker=0 bodyMarker=0
[2026-09-24 13:13:10.591] [info] [LIGHTPROBE]   mat[12] tex 0x7214201c2990 "vehiclegeneric256" -> 0x7214201c2990 "vehiclegeneric256" | rgba (255,255,255,255) -> (255,255,255,255) | wasStockLights=0 isStockLights=0 isStockLightsOn=0 lensMarker=0 bodyMarker=0
[2026-09-24 13:13:10.591] [info] [LIGHTPROBE]   mat[13] tex 0x7213e8bb0a28 "walton92interior128" -> 0x7213e8bb0a28 "walton92interior128" | rgba (255,255,255,255) -> (255,255,255,255) | wasStockLights=0 isStockLights=0 isStockLightsOn=0 lensMarker=0 bodyMarker=0
[2026-09-24 13:13:10.591] [info] [LIGHTPROBE]   mat[14] tex 0x7214201c2990 "vehiclegeneric256" -> 0x7214201c2990 "vehiclegeneric256" | rgba (255,255,255,128) -> (255,255,255,128) | wasStockLights=0 isStockLights=0 isStockLightsOn=0 lensMarker=0 bodyMarker=0
[2026-09-24 13:13:10.591] [info] [LIGHTPROBE]   mat[15] tex 0x7214201c2990 "vehiclegeneric256" -> 0x7214201c2990 "vehiclegeneric256" | rgba (60,255,0,255) -> (0,0,0,255) | wasStockLights=0 isStockLights=0 isStockLightsOn=0 lensMarker=0 bodyMarker=1
[2026-09-24 13:13:10.591] [info] [LIGHTPROBE] model=-1 frame="door_lf_dummy" geom=0x7213f38dab00 atomicId=0x8285 upgrade=0 objFlags=0x5 stockGate=1 materials=8 ms_pLightsTexture=0x7214201c1f68 ms_pLightsOnTexture=0x7214201c1fd0 ms_lightsOn=[0,1,0,0]
[2026-09-24 13:13:10.591] [info] [LIGHTPROBE]   mat[0] tex 0x0 "" -> 0x0 "" | rgba (0,0,0,255) -> (0,0,0,255) | wasStockLights=0 isStockLights=0 isStockLightsOn=0 lensMarker=0 bodyMarker=0
[2026-09-24 13:13:10.591] [info] [LIGHTPROBE]   mat[1] tex 0x7214201c2038 "vehiclegrunge256" -> 0x7214201c2038 "vehiclegrunge256" | rgba (60,255,0,255) -> (0,0,0,255) | wasStockLights=0 isStockLights=0 isStockLightsOn=0 lensMarker=0 bodyMarker=1
[2026-09-24 13:13:10.591] [info] [LIGHTPROBE]   mat[2] tex 0x7213e8bb0a28 "walton92interior128" -> 0x7213e8bb0a28 "walton92interior128" | rgba (255,255,255,255) -> (255,255,255,255) | wasStockLights=0 isStockLights=0 isStockLightsOn=0 lensMarker=0 bodyMarker=0
[2026-09-24 13:13:10.591] [info] [LIGHTPROBE]   mat[3] tex 0x7214201c1f68 "vehiclelights128" -> 0x7214201c1f68 "vehiclelights128" | rgba (255,255,255,255) -> (255,255,255,255) | wasStockLights=1 isStockLights=1 isStockLightsOn=0 lensMarker=0 bodyMarker=0
[2026-09-24 13:13:10.591] [info] [LIGHTPROBE]   mat[4] tex 0x7214201c2990 "vehiclegeneric256" -> 0x7214201c2990 "vehiclegeneric256" | rgba (255,255,255,255) -> (255,255,255,255) | wasStockLights=0 isStockLights=0 isStockLightsOn=0 lensMarker=0 bodyMarker=0
[2026-09-24 13:13:10.591] [info] [LIGHTPROBE]   mat[5] tex 0x7213e8bb0a28 "walton92interior128" -> 0x7213e8bb0a28 "walton92interior128" | rgba (255,255,255,255) -> (255,255,255,255) | wasStockLights=0 isStockLights=0 isStockLightsOn=0 lensMarker=0 bodyMarker=0
[2026-09-24 13:13:10.591] [info] [LIGHTPROBE]   mat[6] tex 0x7214201c2990 "vehiclegeneric256" -> 0x7214201c2990 "vehiclegeneric256" | rgba (255,255,255,128) -> (255,255,255,128) | wasStockLights=0 isStockLights=0 isStockLightsOn=0 lensMarker=0 bodyMarker=0
[2026-09-24 13:13:10.591] [info] [LIGHTPROBE]   mat[7] tex 0x7214201c2990 "vehiclegeneric256" -> 0x7214201c2990 "vehiclegeneric256" | rgba (60,255,0,255) -> (0,0,0,255) | wasStockLights=0 isStockLights=0 isStockLightsOn=0 lensMarker=0 bodyMarker=1
[2026-09-24 13:13:10.591] [info] [LIGHTPROBE] model=-1 frame="door_rf_dummy" geom=0x7213f38db580 atomicId=0x8289 upgrade=0 objFlags=0x5 stockGate=1 materials=8 ms_pLightsTexture=0x7214201c1f68 ms_pLightsOnTexture=0x7214201c1fd0 ms_lightsOn=[0,1,0,0]
[2026-09-24 13:13:10.591] [info] [LIGHTPROBE]   mat[0] tex 0x0 "" -> 0x0 "" | rgba (0,0,0,255) -> (0,0,0,255) | wasStockLights=0 isStockLights=0 isStockLightsOn=0 lensMarker=0 bodyMarker=0
[2026-09-24 13:13:10.591] [info] [LIGHTPROBE]   mat[1] tex 0x7214201c2038 "vehiclegrunge256" -> 0x7214201c2038 "vehiclegrunge256" | rgba (60,255,0,255) -> (0,0,0,255) | wasStockLights=0 isStockLights=0 isStockLightsOn=0 lensMarker=0 bodyMarker=1
[2026-09-24 13:13:10.591] [info] [LIGHTPROBE]   mat[2] tex 0x7213e8bb0a28 "walton92interior128" -> 0x7213e8bb0a28 "walton92interior128" | rgba (255,255,255,255) -> (255,255,255,255) | wasStockLights=0 isStockLights=0 isStockLightsOn=0 lensMarker=0 bodyMarker=0
[2026-09-24 13:13:10.591] [info] [LIGHTPROBE]   mat[3] tex 0x7214201c1f68 "vehiclelights128" -> 0x7214201c1f68 "vehiclelights128" | rgba (255,255,255,255) -> (255,255,255,255) | wasStockLights=1 isStockLights=1 isStockLightsOn=0 lensMarker=0 bodyMarker=0
[2026-09-24 13:13:10.591] [info] [LIGHTPROBE]   mat[4] tex 0x7214201c2990 "vehiclegeneric256" -> 0x7214201c2990 "vehiclegeneric256" | rgba (255,255,255,255) -> (255,255,255,255) | wasStockLights=0 isStockLights=0 isStockLightsOn=0 lensMarker=0 bodyMarker=0
[2026-09-24 13:13:10.591] [info] [LIGHTPROBE]   mat[5] tex 0x7213e8bb0a28 "walton92interior128" -> 0x7213e8bb0a28 "walton92interior128" | rgba (255,255,255,255) -> (255,255,255,255) | wasStockLights=0 isStockLights=0 isStockLightsOn=0 lensMarker=0 bodyMarker=0
[2026-09-24 13:13:10.591] [info] [LIGHTPROBE]   mat[6] tex 0x7214201c2990 "vehiclegeneric256" -> 0x7214201c2990 "vehiclegeneric256" | rgba (255,255,255,128) -> (255,255,255,128) | wasStockLights=0 isStockLights=0 isStockLightsOn=0 lensMarker=0 bodyMarker=0
[2026-09-24 13:13:10.591] [info] [LIGHTPROBE]   mat[7] tex 0x7214201c2990 "vehiclegeneric256" -> 0x7214201c2990 "vehiclegeneric256" | rgba (60,255,0,255) -> (0,0,0,255) | wasStockLights=0 isStockLights=0 isStockLightsOn=0 lensMarker=0 bodyMarker=1
[2026-09-24 13:13:10.592] [info] [LIGHTPROBE] model=-1 frame="door_rf_dummy" geom=0x7213f3b9af80 atomicId=0x8289 upgrade=0 objFlags=0x5 stockGate=1 materials=8 ms_pLightsTexture=0x7214201c1f68 ms_pLightsOnTexture=0x7214201c1fd0 ms_lightsOn=[0,1,0,0]
[2026-09-24 13:13:10.592] [info] [LIGHTPROBE]   mat[0] tex 0x0 "" -> 0x0 "" | rgba (0,0,0,255) -> (0,0,0,255) | wasStockLights=0 isStockLights=0 isStockLightsOn=0 lensMarker=0 bodyMarker=0
[2026-09-24 13:13:10.592] [info] [LIGHTPROBE]   mat[1] tex 0x7214201c2038 "vehiclegrunge256" -> 0x7214201c2038 "vehiclegrunge256" | rgba (60,255,0,255) -> (0,0,0,255) | wasStockLights=0 isStockLights=0 isStockLightsOn=0 lensMarker=0 bodyMarker=1
[2026-09-24 13:13:10.592] [info] [LIGHTPROBE]   mat[2] tex 0x7213e8bb0a28 "walton92interior128" -> 0x7213e8bb0a28 "walton92interior128" | rgba (255,255,255,255) -> (255,255,255,255) | wasStockLights=0 isStockLights=0 isStockLightsOn=0 lensMarker=0 bodyMarker=0
[2026-09-24 13:13:10.592] [info] [LIGHTPROBE]   mat[3] tex 0x7214201c1f68 "vehiclelights128" -> 0x7214201c1f68 "vehiclelights128" | rgba (255,255,255,255) -> (255,255,255,255) | wasStockLights=1 isStockLights=1 isStockLightsOn=0 lensMarker=0 bodyMarker=0
[2026-09-24 13:13:10.592] [info] [LIGHTPROBE]   mat[4] tex 0x7214201c2990 "vehiclegeneric256" -> 0x7214201c2990 "vehiclegeneric256" | rgba (255,255,255,255) -> (255,255,255,255) | wasStockLights=0 isStockLights=0 isStockLightsOn=0 lensMarker=0 bodyMarker=0
[2026-09-24 13:13:10.592] [info] [LIGHTPROBE]   mat[5] tex 0x7213e8bb0a28 "walton92interior128" -> 0x7213e8bb0a28 "walton92interior128" | rgba (255,255,255,255) -> (255,255,255,255) | wasStockLights=0 isStockLights=0 isStockLightsOn=0 lensMarker=0 bodyMarker=0
[2026-09-24 13:13:10.592] [info] [LIGHTPROBE]   mat[6] tex 0x7214201c2990 "vehiclegeneric256" -> 0x7214201c2990 "vehiclegeneric256" | rgba (255,255,255,128) -> (255,255,255,128) | wasStockLights=0 isStockLights=0 isStockLightsOn=0 lensMarker=0 bodyMarker=0
[2026-09-24 13:13:10.592] [info] [LIGHTPROBE]   mat[7] tex 0x7214201c2990 "vehiclegeneric256" -> 0x7214201c2990 "vehiclegeneric256" | rgba (60,255,0,255) -> (0,0,0,255) | wasStockLights=0 isStockLights=0 isStockLightsOn=0 lensMarker=0 bodyMarker=1
[2026-09-24 13:13:10.592] [info] [LIGHTPROBE] model=-1 frame="door_lf_dummy" geom=0x7213f3b9b4c0 atomicId=0x8285 upgrade=0 objFlags=0x5 stockGate=1 materials=8 ms_pLightsTexture=0x7214201c1f68 ms_pLightsOnTexture=0x7214201c1fd0 ms_lightsOn=[0,1,0,0]
[2026-09-24 13:13:10.592] [info] [LIGHTPROBE]   mat[0] tex 0x0 "" -> 0x0 "" | rgba (0,0,0,255) -> (0,0,0,255) | wasStockLights=0 isStockLights=0 isStockLightsOn=0 lensMarker=0 bodyMarker=0
[2026-09-24 13:13:10.592] [info] [LIGHTPROBE]   mat[1] tex 0x7214201c2038 "vehiclegrunge256" -> 0x7214201c2038 "vehiclegrunge256" | rgba (60,255,0,255) -> (0,0,0,255) | wasStockLights=0 isStockLights=0 isStockLightsOn=0 lensMarker=0 bodyMarker=1
[2026-09-24 13:13:10.592] [info] [LIGHTPROBE]   mat[2] tex 0x7213e8bb0a28 "walton92interior128" -> 0x7213e8bb0a28 "walton92interior128" | rgba (255,255,255,255) -> (255,255,255,255) | wasStockLights=0 isStockLights=0 isStockLightsOn=0 lensMarker=0 bodyMarker=0
[2026-09-24 13:13:10.592] [info] [LIGHTPROBE]   mat[3] tex 0x7214201c1f68 "vehiclelights128" -> 0x7214201c1f68 "vehiclelights128" | rgba (255,255,255,255) -> (255,255,255,255) | wasStockLights=1 isStockLights=1 isStockLightsOn=0 lensMarker=0 bodyMarker=0
[2026-09-24 13:13:10.592] [info] [LIGHTPROBE]   mat[4] tex 0x7214201c2990 "vehiclegeneric256" -> 0x7214201c2990 "vehiclegeneric256" | rgba (255,255,255,255) -> (255,255,255,255) | wasStockLights=0 isStockLights=0 isStockLightsOn=0 lensMarker=0 bodyMarker=0
[2026-09-24 13:13:10.592] [info] [LIGHTPROBE]   mat[5] tex 0x7213e8bb0a28 "walton92interior128" -> 0x7213e8bb0a28 "walton92interior128" | rgba (255,255,255,255) -> (255,255,255,255) | wasStockLights=0 isStockLights=0 isStockLightsOn=0 lensMarker=0 bodyMarker=0
[2026-09-24 13:13:10.592] [info] [LIGHTPROBE]   mat[6] tex 0x7214201c2990 "vehiclegeneric256" -> 0x7214201c2990 "vehiclegeneric256" | rgba (255,255,255,128) -> (255,255,255,128) | wasStockLights=0 isStockLights=0 isStockLightsOn=0 lensMarker=0 bodyMarker=0
[2026-09-24 13:13:10.592] [info] [LIGHTPROBE]   mat[7] tex 0x7214201c2990 "vehiclegeneric256" -> 0x7214201c2990 "vehiclegeneric256" | rgba (60,255,0,255) -> (0,0,0,255) | wasStockLights=0 isStockLights=0 isStockLightsOn=0 lensMarker=0 bodyMarker=1
[2026-09-24 13:13:10.592] [info] [LIGHTPROBE] model=-1 frame="chassis" geom=0x7213f3b9bf40 atomicId=0x0 upgrade=0 objFlags=0x5 stockGate=1 materials=16 ms_pLightsTexture=0x7214201c1f68 ms_pLightsOnTexture=0x7214201c1fd0 ms_lightsOn=[0,1,0,0]
[2026-09-24 13:13:10.592] [info] [LIGHTPROBE]   mat[0] tex 0x0 "" -> 0x0 "" | rgba (0,0,0,255) -> (0,0,0,255) | wasStockLights=0 isStockLights=0 isStockLightsOn=0 lensMarker=0 bodyMarker=0
[2026-09-24 13:13:10.592] [info] [LIGHTPROBE]   mat[1] tex 0x7214201c2038 "vehiclegrunge256" -> 0x7214201c2038 "vehiclegrunge256" | rgba (60,255,0,255) -> (0,0,0,255) | wasStockLights=0 isStockLights=0 isStockLightsOn=0 lensMarker=0 bodyMarker=1
[2026-09-24 13:13:10.592] [info] [LIGHTPROBE]   mat[2] tex 0x7213e8bb0af8 "GN76 4NJ" -> 0x7213e8bb0af8 "GN76 4NJ" | rgba (255,255,255,255) -> (255,255,255,255) | wasStockLights=0 isStockLights=0 isStockLightsOn=0 lensMarker=0 bodyMarker=0
[2026-09-24 13:13:10.592] [info] [LIGHTPROBE]   mat[3] tex 0x7213e8bb0a28 "walton92interior128" -> 0x7213e8bb0a28 "walton92interior128" | rgba (255,255,255,255) -> (255,255,255,255) | wasStockLights=0 isStockLights=0 isStockLightsOn=0 lensMarker=0 bodyMarker=0
[2026-09-24 13:13:10.592] [info] [LIGHTPROBE]   mat[4] tex 0x7214201c1198 "plateback1" -> 0x7214201c1198 "plateback1" | rgba (255,255,255,255) -> (255,255,255,255) | wasStockLights=0 isStockLights=0 isStockLightsOn=0 lensMarker=0 bodyMarker=0
[2026-09-24 13:13:10.592] [info] [LIGHTPROBE]   mat[5] tex 0x7214201c1f68 "vehiclelights128" -> 0x7214201c1f68 "vehiclelights128" | rgba (255,255,255,255) -> (255,255,255,255) | wasStockLights=1 isStockLights=1 isStockLightsOn=0 lensMarker=0 bodyMarker=0
[2026-09-24 13:13:10.592] [info] [LIGHTPROBE]   mat[6] tex 0x7214201c1f68 "vehiclelights128" -> 0x7214201c1f68 "vehiclelights128" | rgba (255,175,0,255) -> (255,255,255,255) | wasStockLights=1 isStockLights=1 isStockLightsOn=0 lensMarker=1 bodyMarker=0
[2026-09-24 13:13:10.592] [info] [LIGHTPROBE]   mat[7] tex 0x7214201c1f68 "vehiclelights128" -> 0x7214201c1f68 "vehiclelights128" | rgba (185,255,0,255) -> (255,255,255,255) | wasStockLights=1 isStockLights=1 isStockLightsOn=0 lensMarker=1 bodyMarker=0
[2026-09-24 13:13:10.592] [info] [LIGHTPROBE]   mat[8] tex 0x7214201c1f68 "vehiclelights128" -> 0x7214201c1fd0 "vehiclelightson128" | rgba (0,255,200,255) -> (255,255,255,255) | wasStockLights=1 isStockLights=0 isStockLightsOn=1 lensMarker=0 bodyMarker=0
[2026-09-24 13:13:10.592] [info] [LIGHTPROBE]   mat[9] tex 0x7214201c1f68 "vehiclelights128" -> 0x7214201c1f68 "vehiclelights128" | rgba (255,60,0,255) -> (255,255,255,255) | wasStockLights=1 isStockLights=1 isStockLightsOn=0 lensMarker=1 bodyMarker=0
[2026-09-24 13:13:10.592] [info] [LIGHTPROBE]   mat[10] tex 0x7213e8bb0a28 "walton92interior128" -> 0x7213e8bb0a28 "walton92interior128" | rgba (255,255,255,255) -> (255,255,255,255) | wasStockLights=0 isStockLights=0 isStockLightsOn=0 lensMarker=0 bodyMarker=0
[2026-09-24 13:13:10.592] [info] [LIGHTPROBE]   mat[11] tex 0x7214201c2b30 "vehiclesteering128" -> 0x7214201c2b30 "vehiclesteering128" | rgba (255,255,255,242) -> (255,255,255,242) | wasStockLights=0 isStockLights=0 isStockLightsOn=0 lensMarker=0 bodyMarker=0
[2026-09-24 13:13:10.592] [info] [LIGHTPROBE]   mat[12] tex 0x7214201c2990 "vehiclegeneric256" -> 0x7214201c2990 "vehiclegeneric256" | rgba (255,255,255,255) -> (255,255,255,255) | wasStockLights=0 isStockLights=0 isStockLightsOn=0 lensMarker=0 bodyMarker=0
[2026-09-24 13:13:10.592] [info] [LIGHTPROBE]   mat[13] tex 0x7213e8bb0a28 "walton92interior128" -> 0x7213e8bb0a28 "walton92interior128" | rgba (255,255,255,255) -> (255,255,255,255) | wasStockLights=0 isStockLights=0 isStockLightsOn=0 lensMarker=0 bodyMarker=0
[2026-09-24 13:13:10.592] [info] [LIGHTPROBE]   mat[14] tex 0x7214201c2990 "vehiclegeneric256" -> 0x7214201c2990 "vehiclegeneric256" | rgba (255,255,255,128) -> (255,255,255,128) | wasStockLights=0 isStockLights=0 isStockLightsOn=0 lensMarker=0 bodyMarker=0
[2026-09-24 13:13:10.592] [info] [LIGHTPROBE]   mat[15] tex 0x7214201c2990 "vehiclegeneric256" -> 0x7214201c2990 "vehiclegeneric256" | rgba (60,255,0,255) -> (0,0,0,255) | wasStockLights=0 isStockLights=0 isStockLightsOn=0 lensMarker=0 bodyMarker=1
[2026-09-24 13:13:10.593] [info] [LIGHTPROBE] model=-1 frame="chassis" geom=0x7213f3b9caa0 atomicId=0x0 upgrade=0 objFlags=0x5 stockGate=1 materials=5 ms_pLightsTexture=0x7214201c1f68 ms_pLightsOnTexture=0x7214201c1fd0 ms_lightsOn=[0,1,0,0]
[2026-09-24 13:13:10.593] [info] [LIGHTPROBE]   mat[0] tex 0x7214201c2038 "vehiclegrunge256" -> 0x7214201c2038 "vehiclegrunge256" | rgba (60,255,0,255) -> (30,19,6,255) | wasStockLights=0 isStockLights=0 isStockLightsOn=0 lensMarker=0 bodyMarker=1
[2026-09-24 13:13:10.593] [info] [LIGHTPROBE]   mat[1] tex 0x7214201c1f68 "vehiclelights128" -> 0x7214201c1f68 "vehiclelights128" | rgba (255,175,0,255) -> (255,255,255,255) | wasStockLights=1 isStockLights=1 isStockLightsOn=0 lensMarker=1 bodyMarker=0
[2026-09-24 13:13:10.593] [info] [LIGHTPROBE]   mat[2] tex 0x7214201c1f68 "vehiclelights128" -> 0x7214201c1fd0 "vehiclelightson128" | rgba (0,255,200,255) -> (255,255,255,255) | wasStockLights=1 isStockLights=0 isStockLightsOn=1 lensMarker=0 bodyMarker=0
[2026-09-24 13:13:10.593] [info] [LIGHTPROBE]   mat[3] tex 0x7213e8bb0d68 "tractor128" -> 0x7213e8bb0d68 "tractor128" | rgba (255,255,255,255) -> (255,255,255,255) | wasStockLights=0 isStockLights=0 isStockLightsOn=0 lensMarker=0 bodyMarker=0
[2026-09-24 13:13:10.593] [info] [LIGHTPROBE]   mat[4] tex 0x7213e8bb0d68 "tractor128" -> 0x7213e8bb0d68 "tractor128" | rgba (255,255,255,255) -> (255,255,255,255) | wasStockLights=0 isStockLights=0 isStockLightsOn=0 lensMarker=0 bodyMarker=0
[2026-09-24 13:13:10.593] [info] [LIGHTPROBE] model=-1 frame="chassis" geom=0x7213f3b9d360 atomicId=0x0 upgrade=0 objFlags=0x5 stockGate=1 materials=5 ms_pLightsTexture=0x7214201c1f68 ms_pLightsOnTexture=0x7214201c1fd0 ms_lightsOn=[0,1,0,0]
[2026-09-24 13:13:10.593] [info] [LIGHTPROBE]   mat[0] tex 0x7214201c2038 "vehiclegrunge256" -> 0x7214201c2038 "vehiclegrunge256" | rgba (60,255,0,255) -> (30,19,6,255) | wasStockLights=0 isStockLights=0 isStockLightsOn=0 lensMarker=0 bodyMarker=1
[2026-09-24 13:13:10.593] [info] [LIGHTPROBE]   mat[1] tex 0x7214201c1f68 "vehiclelights128" -> 0x7214201c1f68 "vehiclelights128" | rgba (255,175,0,255) -> (255,255,255,255) | wasStockLights=1 isStockLights=1 isStockLightsOn=0 lensMarker=1 bodyMarker=0
[2026-09-24 13:13:10.593] [info] [LIGHTPROBE]   mat[2] tex 0x7214201c1f68 "vehiclelights128" -> 0x7214201c1fd0 "vehiclelightson128" | rgba (0,255,200,255) -> (255,255,255,255) | wasStockLights=1 isStockLights=0 isStockLightsOn=1 lensMarker=0 bodyMarker=0
[2026-09-24 13:13:10.593] [info] [LIGHTPROBE]   mat[3] tex 0x7213e8bb0d68 "tractor128" -> 0x7213e8bb0d68 "tractor128" | rgba (255,255,255,255) -> (255,255,255,255) | wasStockLights=0 isStockLights=0 isStockLightsOn=0 lensMarker=0 bodyMarker=0
[2026-09-24 13:13:10.593] [info] [LIGHTPROBE]   mat[4] tex 0x7213e8bb0d68 "tractor128" -> 0x7213e8bb0d68 "tractor128" | rgba (255,255,255,255) -> (255,255,255,255) | wasStockLights=0 isStockLights=0 isStockLightsOn=0 lensMarker=0 bodyMarker=0
[2026-09-24 13:13:10.767] [info] AudioStream diagnostic: channel=2147483649 dsp=2147483650 url=https://files.super-rp.es/audio/intro/intro3.mp3
[2026-09-24 13:13:10.767] [info] AudioStream: Playing stream...
[2026-09-24 13:13:10.769] [warning] AudioStream diagnostic: channel=2147483649 state 1 -> 2 url=https://files.super-rp.es/audio/intro/intro3.mp3
[2026-09-24 13:13:10.934] [info] Font atlas WantUpdates: re-uploading 512x256, rebuild #31
[2026-09-24 13:13:10.934] [info] Destroying font raster: raster=0x7213F39E7270
[2026-09-24 13:13:10.935] [info] Font atlas diag [destroy-before]: fonts=24 sources=42 texList=1 built=0 locked=0 rendererHasTextures=1 flags=0x0 min=512x128 max=2048x2048 desiredFormat=0 texId=0x7213F39E7270 texUnique=3 status=3(WantUpdates) fmt=0 512x256 bpp=4 pixels=0x7213E980DD80 bytes=524288 updates=37 used=(0,0 510x180) update=(0,97 510x83) useColors=0 uvScale=(0.001953,0.003906) white=(0.069336,0.001953)
[2026-09-24 13:13:10.935] [info] Font atlas diag [destroy-after]: fonts=24 sources=42 texList=1 built=0 locked=0 rendererHasTextures=1 flags=0x0 min=512x128 max=2048x2048 desiredFormat=0 texId=0x0 texUnique=3 status=3(WantUpdates) fmt=0 512x256 bpp=4 pixels=0x7213E980DD80 bytes=524288 updates=37 used=(0,0 510x180) update=(0,97 510x83) useColors=0 uvScale=(0.001953,0.003906) white=(0.069336,0.001953)
[2026-09-24 13:13:10.935] [info] ImGuiWrapper::createFontTexture
[2026-09-24 13:13:10.935] [info] Font atlas diag [createTexture-before-getTexData]: fonts=24 sources=42 texList=1 built=0 locked=0 rendererHasTextures=1 flags=0x0 min=512x128 max=2048x2048 desiredFormat=0 texId=0x0 texUnique=3 status=3(WantUpdates) fmt=0 512x256 bpp=4 pixels=0x7213E980DD80 bytes=524288 updates=37 used=(0,0 510x180) update=(0,97 510x83) useColors=0 uvScale=(0.001953,0.003906) white=(0.069336,0.001953)
[2026-09-24 13:13:10.935] [info] Font atlas diag [createTexture-after-getTexData]: fonts=24 sources=42 texList=1 built=1 locked=0 rendererHasTextures=1 flags=0x0 min=512x128 max=2048x2048 desiredFormat=0 texId=0x0 texUnique=3 status=3(WantUpdates) fmt=0 512x256 bpp=4 pixels=0x7213E980DD80 bytes=524288 updates=37 used=(0,0 510x180) update=(0,97 510x83) useColors=0 uvScale=(0.001953,0.003906) white=(0.069336,0.001953)
[2026-09-24 13:13:10.935] [info] Atlas built: 512x256 (32 bpp, 0 MB)
[2026-09-24 13:13:10.935] [info] Font image allocated: image=0x7213FCCAC020 512x256 depth=32 stride=2048 pixels=0x7213E9126E40
[2026-09-24 13:13:10.935] [info] Font image copy: srcStride=2048 dstStride=2048 copyStride=2048 rows=256
[2026-09-24 13:13:10.935] [info] Font raster created: raster=0x7213F3B18CC0 requested=512x256
[2026-09-24 13:13:10.936] [info] RwRasterSetFromImage OK: input=0x7213F3B18CC0 final=0x7213F3B18CC0
[2026-09-24 13:13:10.936] [info] Font TexData bound to local RenderWare raster: texData=0x72142002FA40 texId=0x7213F3B18CC0 status=0(OK)
[2026-09-24 13:13:10.936] [info] Atlas width 512
[2026-09-24 13:13:10.936] [info] Atlas height 256
[2026-09-24 13:13:10.999] [warning] AudioStream diagnostic: channel=2147483649 state 2 -> 1 url=https://files.super-rp.es/audio/intro/intro3.mp3
[2026-09-24 13:13:12.077] [info] [CONN] dispatched pkt id=0xD0 len=5 (gameState=5)
[2026-09-24 13:13:12.997] [info] Font atlas WantUpdates: re-uploading 512x256, rebuild #32
[2026-09-24 13:13:12.997] [info] Destroying font raster: raster=0x7213F3B18CC0
[2026-09-24 13:13:12.997] [info] Font atlas diag [destroy-before]: fonts=24 sources=42 texList=1 built=0 locked=0 rendererHasTextures=1 flags=0x0 min=512x128 max=2048x2048 desiredFormat=0 texId=0x7213F3B18CC0 texUnique=3 status=3(WantUpdates) fmt=0 512x256 bpp=4 pixels=0x7213E980DD80 bytes=524288 updates=26 used=(0,0 510x233) update=(0,144 507x89) useColors=0 uvScale=(0.001953,0.003906) white=(0.069336,0.001953)
[2026-09-24 13:13:12.997] [info] Font atlas diag [destroy-after]: fonts=24 sources=42 texList=1 built=0 locked=0 rendererHasTextures=1 flags=0x0 min=512x128 max=2048x2048 desiredFormat=0 texId=0x0 texUnique=3 status=3(WantUpdates) fmt=0 512x256 bpp=4 pixels=0x7213E980DD80 bytes=524288 updates=26 used=(0,0 510x233) update=(0,144 507x89) useColors=0 uvScale=(0.001953,0.003906) white=(0.069336,0.001953)
[2026-09-24 13:13:12.997] [info] ImGuiWrapper::createFontTexture
[2026-09-24 13:13:12.997] [info] Font atlas diag [createTexture-before-getTexData]: fonts=24 sources=42 texList=1 built=0 locked=0 rendererHasTextures=1 flags=0x0 min=512x128 max=2048x2048 desiredFormat=0 texId=0x0 texUnique=3 status=3(WantUpdates) fmt=0 512x256 bpp=4 pixels=0x7213E980DD80 bytes=524288 updates=26 used=(0,0 510x233) update=(0,144 507x89) useColors=0 uvScale=(0.001953,0.003906) white=(0.069336,0.001953)
[2026-09-24 13:13:12.997] [info] Font atlas diag [createTexture-after-getTexData]: fonts=24 sources=42 texList=1 built=1 locked=0 rendererHasTextures=1 flags=0x0 min=512x128 max=2048x2048 desiredFormat=0 texId=0x0 texUnique=3 status=3(WantUpdates) fmt=0 512x256 bpp=4 pixels=0x7213E980DD80 bytes=524288 updates=26 used=(0,0 510x233) update=(0,144 507x89) useColors=0 uvScale=(0.001953,0.003906) white=(0.069336,0.001953)
[2026-09-24 13:13:12.997] [info] Atlas built: 512x256 (32 bpp, 0 MB)
[2026-09-24 13:13:12.997] [info] Font image allocated: image=0x7213FCCAC020 512x256 depth=32 stride=2048 pixels=0x7213E9126580
[2026-09-24 13:13:12.997] [info] Font image copy: srcStride=2048 dstStride=2048 copyStride=2048 rows=256
[2026-09-24 13:13:12.997] [info] Font raster created: raster=0x7213F3B18CC0 requested=512x256
[2026-09-24 13:13:12.998] [info] RwRasterSetFromImage OK: input=0x7213F3B18CC0 final=0x7213F3B18CC0
[2026-09-24 13:13:12.998] [info] Font TexData bound to local RenderWare raster: texData=0x72142002FA40 texId=0x7213F3B18CC0 status=0(OK)
[2026-09-24 13:13:12.998] [info] Atlas width 512
[2026-09-24 13:13:12.998] [info] Atlas height 256
[2026-09-24 13:13:13.496] [info] Font atlas WantUpdates: re-uploading 512x256, rebuild #33
[2026-09-24 13:13:13.496] [info] Destroying font raster: raster=0x7213F3B18CC0
[2026-09-24 13:13:13.496] [info] Font atlas diag [destroy-before]: fonts=24 sources=42 texList=1 built=0 locked=0 rendererHasTextures=1 flags=0x0 min=512x128 max=2048x2048 desiredFormat=0 texId=0x7213F3B18CC0 texUnique=3 status=3(WantUpdates) fmt=0 512x256 bpp=4 pixels=0x7213E980DD80 bytes=524288 updates=1 used=(0,0 510x233) update=(108,190 17x15) useColors=0 uvScale=(0.001953,0.003906) white=(0.069336,0.001953)
[2026-09-24 13:13:13.496] [info] Font atlas diag [destroy-after]: fonts=24 sources=42 texList=1 built=0 locked=0 rendererHasTextures=1 flags=0x0 min=512x128 max=2048x2048 desiredFormat=0 texId=0x0 texUnique=3 status=3(WantUpdates) fmt=0 512x256 bpp=4 pixels=0x7213E980DD80 bytes=524288 updates=1 used=(0,0 510x233) update=(108,190 17x15) useColors=0 uvScale=(0.001953,0.003906) white=(0.069336,0.001953)
[2026-09-24 13:13:13.496] [info] ImGuiWrapper::createFontTexture
[2026-09-24 13:13:13.496] [info] Font atlas diag [createTexture-before-getTexData]: fonts=24 sources=42 texList=1 built=0 locked=0 rendererHasTextures=1 flags=0x0 min=512x128 max=2048x2048 desiredFormat=0 texId=0x0 texUnique=3 status=3(WantUpdates) fmt=0 512x256 bpp=4 pixels=0x7213E980DD80 bytes=524288 updates=1 used=(0,0 510x233) update=(108,190 17x15) useColors=0 uvScale=(0.001953,0.003906) white=(0.069336,0.001953)
[2026-09-24 13:13:13.496] [info] Font atlas diag [createTexture-after-getTexData]: fonts=24 sources=42 texList=1 built=1 locked=0 rendererHasTextures=1 flags=0x0 min=512x128 max=2048x2048 desiredFormat=0 texId=0x0 texUnique=3 status=3(WantUpdates) fmt=0 512x256 bpp=4 pixels=0x7213E980DD80 bytes=524288 updates=1 used=(0,0 510x233) update=(108,190 17x15) useColors=0 uvScale=(0.001953,0.003906) white=(0.069336,0.001953)
[2026-09-24 13:13:13.496] [info] Atlas built: 512x256 (32 bpp, 0 MB)
[2026-09-24 13:13:13.496] [info] Font image allocated: image=0x7213FCCAC020 512x256 depth=32 stride=2048 pixels=0x7213E9126840
[2026-09-24 13:13:13.496] [info] Font image copy: srcStride=2048 dstStride=2048 copyStride=2048 rows=256
[2026-09-24 13:13:13.496] [info] Font raster created: raster=0x7213F3B18CC0 requested=512x256
[2026-09-24 13:13:13.497] [info] RwRasterSetFromImage OK: input=0x7213F3B18CC0 final=0x7213F3B18CC0
[2026-09-24 13:13:13.497] [info] Font TexData bound to local RenderWare raster: texData=0x72142002FA40 texId=0x7213F3B18CC0 status=0(OK)
[2026-09-24 13:13:13.497] [info] Atlas width 512
[2026-09-24 13:13:13.497] [info] Atlas height 256
[2026-09-24 13:13:14.590] [info] [CONN] dispatched pkt id=0xD0 len=5 (gameState=5)
[2026-09-24 13:13:16.100] [info] Font atlas WantCreate: re-uploading 512x512, rebuild #34
[2026-09-24 13:13:16.100] [info] Destroying font raster: raster=0x7213F3B18CC0
[2026-09-24 13:13:16.100] [info] Font atlas diag [destroy-before]: fonts=24 sources=42 texList=2 built=0 locked=0 rendererHasTextures=1 flags=0x0 min=512x128 max=2048x2048 desiredFormat=0 texId=0x0 texUnique=4 status=2(WantCreate) fmt=0 512x512 bpp=4 pixels=0x7213E8C0D8C0 bytes=1048576 updates=0 used=(0,0 487x225) update=(0,177 487x48) useColors=0 uvScale=(0.001953,0.001953) white=(0.069336,0.000977)
[2026-09-24 13:13:16.100] [info] Font atlas diag [destroy-after]: fonts=24 sources=42 texList=2 built=0 locked=0 rendererHasTextures=1 flags=0x0 min=512x128 max=2048x2048 desiredFormat=0 texId=0x0 texUnique=4 status=2(WantCreate) fmt=0 512x512 bpp=4 pixels=0x7213E8C0D8C0 bytes=1048576 updates=0 used=(0,0 487x225) update=(0,177 487x48) useColors=0 uvScale=(0.001953,0.001953) white=(0.069336,0.000977)
[2026-09-24 13:13:16.100] [info] ImGuiWrapper::createFontTexture
[2026-09-24 13:13:16.100] [info] Font atlas diag [createTexture-before-getTexData]: fonts=24 sources=42 texList=2 built=0 locked=0 rendererHasTextures=1 flags=0x0 min=512x128 max=2048x2048 desiredFormat=0 texId=0x0 texUnique=4 status=2(WantCreate) fmt=0 512x512 bpp=4 pixels=0x7213E8C0D8C0 bytes=1048576 updates=0 used=(0,0 487x225) update=(0,177 487x48) useColors=0 uvScale=(0.001953,0.001953) white=(0.069336,0.000977)
[2026-09-24 13:13:16.100] [info] Font atlas diag [createTexture-after-getTexData]: fonts=24 sources=42 texList=2 built=1 locked=0 rendererHasTextures=1 flags=0x0 min=512x128 max=2048x2048 desiredFormat=0 texId=0x0 texUnique=4 status=2(WantCreate) fmt=0 512x512 bpp=4 pixels=0x7213E8C0D8C0 bytes=1048576 updates=0 used=(0,0 487x225) update=(0,177 487x48) useColors=0 uvScale=(0.001953,0.001953) white=(0.069336,0.000977)
[2026-09-24 13:13:16.100] [info] Atlas built: 512x512 (32 bpp, 1 MB)
[2026-09-24 13:13:16.100] [info] Font image allocated: image=0x7213FCCAC020 512x512 depth=32 stride=2048 pixels=0x7213E8E75400
[2026-09-24 13:13:16.100] [info] Font image copy: srcStride=2048 dstStride=2048 copyStride=2048 rows=512
[2026-09-24 13:13:16.100] [info] Font raster created: raster=0x7213F3B18CC0 requested=512x512
[2026-09-24 13:13:16.101] [info] RwRasterSetFromImage OK: input=0x7213F3B18CC0 final=0x7213F3B18CC0
[2026-09-24 13:13:16.101] [info] Font TexData bound to local RenderWare raster: texData=0x7213EC452B00 texId=0x7213F3B18CC0 status=0(OK)
[2026-09-24 13:13:16.101] [info] Atlas width 512
[2026-09-24 13:13:16.101] [info] Atlas height 512
[2026-09-24 13:13:17.093] [info] [CONN] dispatched pkt id=0xD0 len=5 (gameState=5)
[2026-09-24 13:13:19.046] [info] Font atlas WantUpdates: re-uploading 512x512, rebuild #35
[2026-09-24 13:13:19.046] [info] Destroying font raster: raster=0x7213F3B18CC0
[2026-09-24 13:13:19.046] [info] Font atlas diag [destroy-before]: fonts=24 sources=42 texList=1 built=1 locked=0 rendererHasTextures=1 flags=0x0 min=512x128 max=2048x2048 desiredFormat=0 texId=0x7213F3B18CC0 texUnique=4 status=3(WantUpdates) fmt=0 512x512 bpp=4 pixels=0x7213E8C0D8C0 bytes=1048576 updates=1 used=(0,0 487x225) update=(41,184 8x8) useColors=0 uvScale=(0.001953,0.001953) white=(0.069336,0.000977)
[2026-09-24 13:13:19.046] [info] Font atlas diag [destroy-after]: fonts=24 sources=42 texList=1 built=1 locked=0 rendererHasTextures=1 flags=0x0 min=512x128 max=2048x2048 desiredFormat=0 texId=0x0 texUnique=4 status=3(WantUpdates) fmt=0 512x512 bpp=4 pixels=0x7213E8C0D8C0 bytes=1048576 updates=1 used=(0,0 487x225) update=(41,184 8x8) useColors=0 uvScale=(0.001953,0.001953) white=(0.069336,0.000977)
[2026-09-24 13:13:19.046] [info] ImGuiWrapper::createFontTexture
[2026-09-24 13:13:19.046] [info] Font atlas diag [createTexture-before-getTexData]: fonts=24 sources=42 texList=1 built=1 locked=0 rendererHasTextures=1 flags=0x0 min=512x128 max=2048x2048 desiredFormat=0 texId=0x0 texUnique=4 status=3(WantUpdates) fmt=0 512x512 bpp=4 pixels=0x7213E8C0D8C0 bytes=1048576 updates=1 used=(0,0 487x225) update=(41,184 8x8) useColors=0 uvScale=(0.001953,0.001953) white=(0.069336,0.000977)
[2026-09-24 13:13:19.046] [info] Font atlas diag [createTexture-after-getTexData]: fonts=24 sources=42 texList=1 built=1 locked=0 rendererHasTextures=1 flags=0x0 min=512x128 max=2048x2048 desiredFormat=0 texId=0x0 texUnique=4 status=3(WantUpdates) fmt=0 512x512 bpp=4 pixels=0x7213E8C0D8C0 bytes=1048576 updates=1 used=(0,0 487x225) update=(41,184 8x8) useColors=0 uvScale=(0.001953,0.001953) white=(0.069336,0.000977)
[2026-09-24 13:13:19.046] [info] Atlas built: 512x512 (32 bpp, 1 MB)
[2026-09-24 13:13:19.046] [info] Font image allocated: image=0x7213FCCAC020 512x512 depth=32 stride=2048 pixels=0x7213E8E75A80
[2026-09-24 13:13:19.046] [info] Font image copy: srcStride=2048 dstStride=2048 copyStride=2048 rows=512
[2026-09-24 13:13:19.046] [info] Font raster created: raster=0x7213F3B18CC0 requested=512x512
[2026-09-24 13:13:19.059] [info] RwRasterSetFromImage OK: input=0x7213F3B18CC0 final=0x7213F3B18CC0
[2026-09-24 13:13:19.059] [info] Font TexData bound to local RenderWare raster: texData=0x7213EC452B00 texId=0x7213F3B18CC0 status=0(OK)
[2026-09-24 13:13:19.059] [info] Atlas width 512
[2026-09-24 13:13:19.059] [info] Atlas height 512
[2026-09-24 13:13:19.608] [info] [CONN] dispatched pkt id=0xD0 len=5 (gameState=5)
[2026-09-24 13:13:19.908] [info] [CONN] dispatched pkt id=0x20 len=1 (gameState=5)
[2026-09-24 13:13:19.908] [warning] [CONN] ID_DISCONNECTION_NOTIFICATION 10.0.2.2:7777 (was-attempt #0, recv=9pkts/58B, elapsed-since-first-attempt=3560004772ms, wire_sent_total=637/27746B wire_recv_total=105/33664B)
[2026-09-24 13:13:19.908] [info] Stop: https://files.super-rp.es/audio/intro/intro3.mp3
[2026-09-24 13:13:19.909] [warning] AudioStream diagnostic summary: channel=2147483649 buffers=90 hot=0 maxRms=0.043 maxPeak=0.198 stalls=1 url=https://files.super-rp.es/audio/intro/intro3.mp3
[2026-09-24 13:13:19.911] [info] [CONN] attempt #1 -> 10.0.2.2:7777 (voice=0, samp_version=0.3.DL-R1, elapsed=0ms, wire_sent=637/27746B wire_recv=105/33664B)
[2026-09-24 13:13:19.927] [info] [SocketLayer] PMTU discovery disabled (IP_PMTUDISC_DONT) on UDP socket
[2026-09-24 13:13:19.927] [info] [SocketLayer] UDP socket bound to local port 48496 (requested 0)
[2026-09-24 13:13:21.377] [info] [CONN] dispatched pkt id=0x0C len=19 (gameState=2)
[2026-09-24 13:13:21.377] [info] [AUTH] 2BBE2F8B1DD12E94 -> 8776CC093D240126E58F125BE7858E259AF8B5FF
[2026-09-24 13:13:21.393] [info] [CONN] dispatched pkt id=0x22 len=13 (gameState=2)
[2026-09-24 13:13:21.393] [info] [CONN] ID_CONNECTION_REQUEST_ACCEPTED 10.0.2.2:7777 on attempt #1 after 1482ms (recv=2pkts/32B, wire_sent_total=641/27811B wire_recv_total=111/33715B)
[2026-09-24 13:13:21.410] [info] [CONN] dispatched pkt id=0x29 len=1 (gameState=6)
[2026-09-24 13:13:21.439] [info] Audio weather diagnostic: 1 -> 0
[2026-09-24 13:13:21.444] [info] CustomModels: virtual world -> 1, re-scoping the download list
[2026-09-24 13:13:21.444] [info] CustomModels: virtual world -> 0, re-scoping the download list
[2026-09-24 13:13:21.444] [info] Server text encoding locked to CP1251 for this connection
[2026-09-24 13:13:21.445] [info] CustomModels: server cache selected: /storage/emulated/0/Android/data/ro.alynsampmobile.launcher/files//dl_cache/server_10.0.2.2_7777_7f7f33f6185fb20c
[2026-09-24 13:13:21.445] [info] Server EnableVehicleFriendlyFire flag: 0 (team car damage is blocked regardless)
[2026-09-24 13:13:24.408] [info] SelectTextDraw: enable 0 hover 0x00000000 (33 bits)
[2026-09-24 13:13:24.408] [info] Play: https://files.super-rp.es/audio/intro/intro3.mp3
[2026-09-24 13:13:24.408] [info] Stop: https://files.super-rp.es/audio/intro/intro3.mp3
[2026-09-24 13:13:24.408] [info] AudioStream: Creating stream for URL: https://files.super-rp.es/audio/intro/intro3.mp3
[2026-09-24 13:13:24.424] [info] [CONN] dispatched pkt id=0xD0 len=5 (gameState=5)
[2026-09-24 13:13:24.464] [info] Font atlas WantUpdates: re-uploading 512x512, rebuild #36
[2026-09-24 13:13:24.464] [info] Destroying font raster: raster=0x7213F3B18CC0
[2026-09-24 13:13:24.464] [info] Font atlas diag [destroy-before]: fonts=24 sources=42 texList=1 built=0 locked=0 rendererHasTextures=1 flags=0x0 min=512x128 max=2048x2048 desiredFormat=0 texId=0x7213F3B18CC0 texUnique=4 status=3(WantUpdates) fmt=0 512x512 bpp=4 pixels=0x7213E8C0D8C0 bytes=1048576 updates=5 used=(0,0 507x225) update=(76,184 431x22) useColors=0 uvScale=(0.001953,0.001953) white=(0.069336,0.000977)
[2026-09-24 13:13:24.464] [info] Font atlas diag [destroy-after]: fonts=24 sources=42 texList=1 built=0 locked=0 rendererHasTextures=1 flags=0x0 min=512x128 max=2048x2048 desiredFormat=0 texId=0x0 texUnique=4 status=3(WantUpdates) fmt=0 512x512 bpp=4 pixels=0x7213E8C0D8C0 bytes=1048576 updates=5 used=(0,0 507x225) update=(76,184 431x22) useColors=0 uvScale=(0.001953,0.001953) white=(0.069336,0.000977)
[2026-09-24 13:13:24.464] [info] ImGuiWrapper::createFontTexture
[2026-09-24 13:13:24.464] [info] Font atlas diag [createTexture-before-getTexData]: fonts=24 sources=42 texList=1 built=0 locked=0 rendererHasTextures=1 flags=0x0 min=512x128 max=2048x2048 desiredFormat=0 texId=0x0 texUnique=4 status=3(WantUpdates) fmt=0 512x512 bpp=4 pixels=0x7213E8C0D8C0 bytes=1048576 updates=5 used=(0,0 507x225) update=(76,184 431x22) useColors=0 uvScale=(0.001953,0.001953) white=(0.069336,0.000977)
[2026-09-24 13:13:24.464] [info] Font atlas diag [createTexture-after-getTexData]: fonts=24 sources=42 texList=1 built=1 locked=0 rendererHasTextures=1 flags=0x0 min=512x128 max=2048x2048 desiredFormat=0 texId=0x0 texUnique=4 status=3(WantUpdates) fmt=0 512x512 bpp=4 pixels=0x7213E8C0D8C0 bytes=1048576 updates=5 used=(0,0 507x225) update=(76,184 431x22) useColors=0 uvScale=(0.001953,0.001953) white=(0.069336,0.000977)
[2026-09-24 13:13:24.464] [info] Atlas built: 512x512 (32 bpp, 1 MB)
[2026-09-24 13:13:24.464] [info] Font image allocated: image=0x7213FCCAC020 512x512 depth=32 stride=2048 pixels=0x7213E845B140
[2026-09-24 13:13:24.464] [info] Font image copy: srcStride=2048 dstStride=2048 copyStride=2048 rows=512
[2026-09-24 13:13:24.465] [info] Font raster created: raster=0x7213F3B18CC0 requested=512x512
[2026-09-24 13:13:24.465] [info] RwRasterSetFromImage OK: input=0x7213F3B18CC0 final=0x7213F3B18CC0
[2026-09-24 13:13:24.465] [info] Font TexData bound to local RenderWare raster: texData=0x7213EC452B00 texId=0x7213F3B18CC0 status=0(OK)
[2026-09-24 13:13:24.465] [info] Atlas width 512
[2026-09-24 13:13:24.465] [info] Atlas height 512
[2026-09-24 13:13:24.467] [info] Font atlas WantUpdates: re-uploading 512x512, rebuild #37
[2026-09-24 13:13:24.467] [info] Destroying font raster: raster=0x7213F3B18CC0
[2026-09-24 13:13:24.467] [info] Font atlas diag [destroy-before]: fonts=24 sources=42 texList=1 built=0 locked=0 rendererHasTextures=1 flags=0x0 min=512x128 max=2048x2048 desiredFormat=0 texId=0x7213F3B18CC0 texUnique=4 status=3(WantUpdates) fmt=0 512x512 bpp=4 pixels=0x7213E8C0D8C0 bytes=1048576 updates=1 used=(0,0 507x225) update=(175,188 14x20) useColors=0 uvScale=(0.001953,0.001953) white=(0.069336,0.000977)
[2026-09-24 13:13:24.467] [info] Font atlas diag [destroy-after]: fonts=24 sources=42 texList=1 built=0 locked=0 rendererHasTextures=1 flags=0x0 min=512x128 max=2048x2048 desiredFormat=0 texId=0x0 texUnique=4 status=3(WantUpdates) fmt=0 512x512 bpp=4 pixels=0x7213E8C0D8C0 bytes=1048576 updates=1 used=(0,0 507x225) update=(175,188 14x20) useColors=0 uvScale=(0.001953,0.001953) white=(0.069336,0.000977)
[2026-09-24 13:13:24.467] [info] ImGuiWrapper::createFontTexture
[2026-09-24 13:13:24.467] [info] Font atlas diag [createTexture-before-getTexData]: fonts=24 sources=42 texList=1 built=0 locked=0 rendererHasTextures=1 flags=0x0 min=512x128 max=2048x2048 desiredFormat=0 texId=0x0 texUnique=4 status=3(WantUpdates) fmt=0 512x512 bpp=4 pixels=0x7213E8C0D8C0 bytes=1048576 updates=1 used=(0,0 507x225) update=(175,188 14x20) useColors=0 uvScale=(0.001953,0.001953) white=(0.069336,0.000977)
[2026-09-24 13:13:24.467] [info] Font atlas diag [createTexture-after-getTexData]: fonts=24 sources=42 texList=1 built=1 locked=0 rendererHasTextures=1 flags=0x0 min=512x128 max=2048x2048 desiredFormat=0 texId=0x0 texUnique=4 status=3(WantUpdates) fmt=0 512x512 bpp=4 pixels=0x7213E8C0D8C0 bytes=1048576 updates=1 used=(0,0 507x225) update=(175,188 14x20) useColors=0 uvScale=(0.001953,0.001953) white=(0.069336,0.000977)
[2026-09-24 13:13:24.467] [info] Atlas built: 512x512 (32 bpp, 1 MB)
[2026-09-24 13:13:24.467] [info] Font image allocated: image=0x7213FCCAC020 512x512 depth=32 stride=2048 pixels=0x7213E845BF80
[2026-09-24 13:13:24.467] [info] Font image copy: srcStride=2048 dstStride=2048 copyStride=2048 rows=512
[2026-09-24 13:13:24.467] [info] Font raster created: raster=0x7213F3B18CC0 requested=512x512
[2026-09-24 13:13:24.468] [info] RwRasterSetFromImage OK: input=0x7213F3B18CC0 final=0x7213F3B18CC0
[2026-09-24 13:13:24.468] [info] Font TexData bound to local RenderWare raster: texData=0x7213EC452B00 texId=0x7213F3B18CC0 status=0(OK)
[2026-09-24 13:13:24.468] [info] Atlas width 512
[2026-09-24 13:13:24.468] [info] Atlas height 512
[2026-09-24 13:13:24.509] [info] CustomModels: virtual world -> 555, re-scoping the download list
[2026-09-24 13:13:24.509] [info] Audio weather diagnostic: 0 -> 1
[2026-09-24 13:13:24.509] [info] Audio weather diagnostic: 1 -> 1
[2026-09-24 13:13:24.509] [info] DialogBox: id 2 style 3 title 'Ingresar' buttons 'Continuar'/'Cerrar' body 56 bytes, 2 rows
[2026-09-24 13:13:25.437] [info] AudioStream diagnostic: channel=2147483652 dsp=2147483653 url=https://files.super-rp.es/audio/intro/intro3.mp3
[2026-09-24 13:13:25.437] [info] AudioStream: Playing stream...
[2026-09-24 13:13:25.437] [warning] AudioStream diagnostic: channel=2147483652 state 1 -> 2 url=https://files.super-rp.es/audio/intro/intro3.mp3
[2026-09-24 13:13:25.444] [info] DLShowActor: actor 1 base 59 custom 59999932 -> wire 59999932
[2026-09-24 13:13:25.444] [error] Actor::Actor: Invalid skin model: 59999932
[2026-09-24 13:13:25.445] [info] DLShowActor: actor 2 base 98 custom 60000300 -> wire 60000300
[2026-09-24 13:13:25.445] [error] Actor::Actor: Invalid skin model: 60000300
[2026-09-24 13:13:25.446] [info] DLShowActor: actor 0 base 50 custom 59999564 -> wire 59999564
[2026-09-24 13:13:25.446] [error] Actor::Actor: Invalid skin model: 59999564
[2026-09-24 13:13:25.465] [info] [LIGHTPROBE] model=-1 frame="door_lf_dummy" geom=0x7213ec5a37e0 atomicId=0x8285 upgrade=0 objFlags=0x5 stockGate=1 materials=8 ms_pLightsTexture=0x7214201c1f68 ms_pLightsOnTexture=0x7214201c1fd0 ms_lightsOn=[0,0,0,0]
[2026-09-24 13:13:25.465] [info] [LIGHTPROBE]   mat[0] tex 0x0 "" -> 0x0 "" | rgba (0,0,0,255) -> (0,0,0,255) | wasStockLights=0 isStockLights=0 isStockLightsOn=0 lensMarker=0 bodyMarker=0
[2026-09-24 13:13:25.465] [info] [LIGHTPROBE]   mat[1] tex 0x7214201c2990 "vehiclegeneric256" -> 0x7214201c2990 "vehiclegeneric256" | rgba (60,255,0,255) -> (132,4,16,255) | wasStockLights=0 isStockLights=0 isStockLightsOn=0 lensMarker=0 bodyMarker=1
[2026-09-24 13:13:25.465] [info] [LIGHTPROBE]   mat[2] tex 0x7214201c2038 "vehiclegrunge256" -> 0x7214201c2038 "vehiclegrunge256" | rgba (60,255,0,255) -> (132,4,16,255) | wasStockLights=0 isStockLights=0 isStockLightsOn=0 lensMarker=0 bodyMarker=1
[2026-09-24 13:13:25.465] [info] [LIGHTPROBE]   mat[3] tex 0x7214201c2990 "vehiclegeneric256" -> 0x7214201c2990 "vehiclegeneric256" | rgba (255,255,255,255) -> (255,255,255,255) | wasStockLights=0 isStockLights=0 isStockLightsOn=0 lensMarker=0 bodyMarker=0
[2026-09-24 13:13:25.465] [info] [LIGHTPROBE]   mat[4] tex 0x7214201c2990 "vehiclegeneric256" -> 0x7214201c2990 "vehiclegeneric256" | rgba (255,255,255,255) -> (255,255,255,255) | wasStockLights=0 isStockLights=0 isStockLightsOn=0 lensMarker=0 bodyMarker=0
[2026-09-24 13:13:25.465] [info] [LIGHTPROBE]   mat[5] tex 0x7213ec4707a8 "range92interior128" -> 0x7213ec4707a8 "range92interior128" | rgba (255,255,255,255) -> (255,255,255,255) | wasStockLights=0 isStockLights=0 isStockLightsOn=0 lensMarker=0 bodyMarker=0
[2026-09-24 13:13:25.465] [info] [LIGHTPROBE]   mat[6] tex 0x7214201c1f68 "vehiclelights128" -> 0x7214201c1f68 "vehiclelights128" | rgba (255,255,255,255) -> (255,255,255,255) | wasStockLights=1 isStockLights=1 isStockLightsOn=0 lensMarker=0 bodyMarker=0
[2026-09-24 13:13:25.465] [info] [LIGHTPROBE]   mat[7] tex 0x7214201c2990 "vehiclegeneric256" -> 0x7214201c2990 "vehiclegeneric256" | rgba (255,255,255,128) -> (255,255,255,128) | wasStockLights=0 isStockLights=0 isStockLightsOn=0 lensMarker=0 bodyMarker=0
[2026-09-24 13:13:25.466] [info] [LIGHTPROBE] model=-1 frame="door_rf_dummy" geom=0x7213ec5a4ce0 atomicId=0x8289 upgrade=0 objFlags=0x5 stockGate=1 materials=8 ms_pLightsTexture=0x7214201c1f68 ms_pLightsOnTexture=0x7214201c1fd0 ms_lightsOn=[0,0,0,0]
[2026-09-24 13:13:25.466] [info] [LIGHTPROBE]   mat[0] tex 0x0 "" -> 0x0 "" | rgba (0,0,0,255) -> (0,0,0,255) | wasStockLights=0 isStockLights=0 isStockLightsOn=0 lensMarker=0 bodyMarker=0
[2026-09-24 13:13:25.466] [info] [LIGHTPROBE]   mat[1] tex 0x7214201c2990 "vehiclegeneric256" -> 0x7214201c2990 "vehiclegeneric256" | rgba (60,255,0,255) -> (132,4,16,255) | wasStockLights=0 isStockLights=0 isStockLightsOn=0 lensMarker=0 bodyMarker=1
[2026-09-24 13:13:25.466] [info] [LIGHTPROBE]   mat[2] tex 0x7214201c2038 "vehiclegrunge256" -> 0x7214201c2038 "vehiclegrunge256" | rgba (60,255,0,255) -> (132,4,16,255) | wasStockLights=0 isStockLights=0 isStockLightsOn=0 lensMarker=0 bodyMarker=1
[2026-09-24 13:13:25.466] [info] [LIGHTPROBE]   mat[3] tex 0x7214201c2990 "vehiclegeneric256" -> 0x7214201c2990 "vehiclegeneric256" | rgba (255,255,255,255) -> (255,255,255,255) | wasStockLights=0 isStockLights=0 isStockLightsOn=0 lensMarker=0 bodyMarker=0
[2026-09-24 13:13:25.466] [info] [LIGHTPROBE]   mat[4] tex 0x7214201c2990 "vehiclegeneric256" -> 0x7214201c2990 "vehiclegeneric256" | rgba (255,255,255,255) -> (255,255,255,255) | wasStockLights=0 isStockLights=0 isStockLightsOn=0 lensMarker=0 bodyMarker=0
[2026-09-24 13:13:25.466] [info] [LIGHTPROBE]   mat[5] tex 0x7213ec4707a8 "range92interior128" -> 0x7213ec4707a8 "range92interior128" | rgba (255,255,255,255) -> (255,255,255,255) | wasStockLights=0 isStockLights=0 isStockLightsOn=0 lensMarker=0 bodyMarker=0
[2026-09-24 13:13:25.466] [info] [LIGHTPROBE]   mat[6] tex 0x7214201c1f68 "vehiclelights128" -> 0x7214201c1f68 "vehiclelights128" | rgba (255,255,255,255) -> (255,255,255,255) | wasStockLights=1 isStockLights=1 isStockLightsOn=0 lensMarker=0 bodyMarker=0
[2026-09-24 13:13:25.466] [info] [LIGHTPROBE]   mat[7] tex 0x7214201c2990 "vehiclegeneric256" -> 0x7214201c2990 "vehiclegeneric256" | rgba (255,255,255,128) -> (255,255,255,128) | wasStockLights=0 isStockLights=0 isStockLightsOn=0 lensMarker=0 bodyMarker=0
[2026-09-24 13:13:25.466] [info] [LIGHTPROBE] model=-1 frame="chassis" geom=0x7213ec5a6e20 atomicId=0x0 upgrade=0 objFlags=0x5 stockGate=1 materials=13 ms_pLightsTexture=0x7214201c1f68 ms_pLightsOnTexture=0x7214201c1fd0 ms_lightsOn=[0,0,0,0]
[2026-09-24 13:13:25.466] [info] [LIGHTPROBE]   mat[0] tex 0x7214201c2990 "vehiclegeneric256" -> 0x7214201c2990 "vehiclegeneric256" | rgba (60,255,0,255) -> (132,4,16,255) | wasStockLights=0 isStockLights=0 isStockLightsOn=0 lensMarker=0 bodyMarker=1
[2026-09-24 13:13:25.466] [info] [LIGHTPROBE]   mat[1] tex 0x7214201c2038 "vehiclegrunge256" -> 0x7214201c2038 "vehiclegrunge256" | rgba (60,255,0,255) -> (132,4,16,255) | wasStockLights=0 isStockLights=0 isStockLightsOn=0 lensMarker=0 bodyMarker=1
[2026-09-24 13:13:25.466] [info] [LIGHTPROBE]   mat[2] tex 0x7214201c2990 "vehiclegeneric256" -> 0x7214201c2990 "vehiclegeneric256" | rgba (255,255,255,255) -> (255,255,255,255) | wasStockLights=0 isStockLights=0 isStockLightsOn=0 lensMarker=0 bodyMarker=0
[2026-09-24 13:13:25.466] [info] [LIGHTPROBE]   mat[3] tex 0x7214201c2990 "vehiclegeneric256" -> 0x7214201c2990 "vehiclegeneric256" | rgba (255,255,255,255) -> (255,255,255,255) | wasStockLights=0 isStockLights=0 isStockLightsOn=0 lensMarker=0 bodyMarker=0
[2026-09-24 13:13:25.466] [info] [LIGHTPROBE]   mat[4] tex 0x7213ec4707a8 "range92interior128" -> 0x7213ec4707a8 "range92interior128" | rgba (255,255,255,255) -> (255,255,255,255) | wasStockLights=0 isStockLights=0 isStockLightsOn=0 lensMarker=0 bodyMarker=0
[2026-09-24 13:13:25.466] [info] [LIGHTPROBE]   mat[5] tex 0x7214201c1f68 "vehiclelights128" -> 0x7214201c1f68 "vehiclelights128" | rgba (255,175,0,128) -> (255,255,255,128) | wasStockLights=1 isStockLights=1 isStockLightsOn=0 lensMarker=1 bodyMarker=0
[2026-09-24 13:13:25.466] [info] [LIGHTPROBE]   mat[6] tex 0x7214201c1f68 "vehiclelights128" -> 0x7214201c1f68 "vehiclelights128" | rgba (185,255,0,207) -> (255,255,255,207) | wasStockLights=1 isStockLights=1 isStockLightsOn=0 lensMarker=1 bodyMarker=0
[2026-09-24 13:13:25.466] [info] [LIGHTPROBE]   mat[7] tex 0x7214201c1f68 "vehiclelights128" -> 0x7214201c1f68 "vehiclelights128" | rgba (255,60,0,207) -> (255,255,255,207) | wasStockLights=1 isStockLights=1 isStockLightsOn=0 lensMarker=1 bodyMarker=0
[2026-09-24 13:13:25.466] [info] [LIGHTPROBE]   mat[8] tex 0x7214201c1f68 "vehiclelights128" -> 0x7214201c1f68 "vehiclelights128" | rgba (255,255,255,255) -> (255,255,255,255) | wasStockLights=1 isStockLights=1 isStockLightsOn=0 lensMarker=0 bodyMarker=0
[2026-09-24 13:13:25.466] [info] [LIGHTPROBE]   mat[9] tex 0x7214201c1f68 "vehiclelights128" -> 0x7214201c1f68 "vehiclelights128" | rgba (255,255,255,255) -> (255,255,255,255) | wasStockLights=1 isStockLights=1 isStockLightsOn=0 lensMarker=0 bodyMarker=0
[2026-09-24 13:13:25.466] [info] [LIGHTPROBE]   mat[10] tex 0x7214201c2ac8 "vehicledash32" -> 0x7214201c2ac8 "vehicledash32" | rgba (255,255,255,255) -> (255,255,255,255) | wasStockLights=0 isStockLights=0 isStockLightsOn=0 lensMarker=0 bodyMarker=0
[2026-09-24 13:13:25.466] [info] [LIGHTPROBE]   mat[11] tex 0x7214201c2b30 "vehiclesteering128" -> 0x7214201c2b30 "vehiclesteering128" | rgba (255,255,255,255) -> (255,255,255,255) | wasStockLights=0 isStockLights=0 isStockLightsOn=0 lensMarker=0 bodyMarker=0
[2026-09-24 13:13:25.466] [info] [LIGHTPROBE]   mat[12] tex 0x7214201c2990 "vehiclegeneric256" -> 0x7214201c2990 "vehiclegeneric256" | rgba (255,255,255,128) -> (255,255,255,128) | wasStockLights=0 isStockLights=0 isStockLightsOn=0 lensMarker=0 bodyMarker=0
[2026-09-24 13:13:25.466] [info] [LIGHTPROBE] model=-1 frame="chassis_vlo" geom=0x7213ec5a7600 atomicId=0x0 upgrade=0 objFlags=0x5 stockGate=1 materials=4 ms_pLightsTexture=0x7214201c1f68 ms_pLightsOnTexture=0x7214201c1fd0 ms_lightsOn=[0,0,0,0]
[2026-09-24 13:13:25.466] [info] [LIGHTPROBE]   mat[0] tex 0x7214201c2038 "vehiclegrunge256" -> 0x7214201c2038 "vehiclegrunge256" | rgba (60,255,0,255) -> (132,4,16,255) | wasStockLights=0 isStockLights=0 isStockLightsOn=0 lensMarker=0 bodyMarker=1
[2026-09-24 13:13:25.466] [info] [LIGHTPROBE]   mat[1] tex 0x0 "" -> 0x0 "" | rgba (0,0,0,255) -> (0,0,0,255) | wasStockLights=0 isStockLights=0 isStockLightsOn=0 lensMarker=0 bodyMarker=0
[2026-09-24 13:13:25.466] [info] [LIGHTPROBE]   mat[2] tex 0x7214201c2990 "vehiclegeneric256" -> 0x7214201c2990 "vehiclegeneric256" | rgba (255,255,255,255) -> (255,255,255,255) | wasStockLights=0 isStockLights=0 isStockLightsOn=0 lensMarker=0 bodyMarker=0
[2026-09-24 13:13:25.467] [info] [LIGHTPROBE]   mat[3] tex 0x7214201c1f68 "vehiclelights128" -> 0x7214201c1f68 "vehiclelights128" | rgba (255,255,255,255) -> (255,255,255,255) | wasStockLights=1 isStockLights=1 isStockLightsOn=0 lensMarker=0 bodyMarker=0
[2026-09-24 13:13:25.467] [info] [LIGHTPROBE] model=-1 frame="chassis" geom=0x7213ec5a7de0 atomicId=0x0 upgrade=0 objFlags=0x5 stockGate=1 materials=11 ms_pLightsTexture=0x7214201c1f68 ms_pLightsOnTexture=0x7214201c1fd0 ms_lightsOn=[0,0,0,0]
[2026-09-24 13:13:25.467] [info] [LIGHTPROBE]   mat[0] tex 0x7214201c2990 "vehiclegeneric256" -> 0x7214201c2990 "vehiclegeneric256" | rgba (60,255,0,255) -> (132,4,16,255) | wasStockLights=0 isStockLights=0 isStockLightsOn=0 lensMarker=0 bodyMarker=1
[2026-09-24 13:13:25.467] [info] [LIGHTPROBE]   mat[1] tex 0x7214201c2038 "vehiclegrunge256" -> 0x7214201c2038 "vehiclegrunge256" | rgba (60,255,0,255) -> (132,4,16,255) | wasStockLights=0 isStockLights=0 isStockLightsOn=0 lensMarker=0 bodyMarker=1
[2026-09-24 13:13:25.467] [info] [LIGHTPROBE]   mat[2] tex 0x7214201c2990 "vehiclegeneric256" -> 0x7214201c2990 "vehiclegeneric256" | rgba (255,255,255,255) -> (255,255,255,255) | wasStockLights=0 isStockLights=0 isStockLightsOn=0 lensMarker=0 bodyMarker=0
[2026-09-24 13:13:25.467] [info] [LIGHTPROBE]   mat[3] tex 0x7213ec4707a8 "range92interior128" -> 0x7213ec4707a8 "range92interior128" | rgba (255,255,255,255) -> (255,255,255,255) | wasStockLights=0 isStockLights=0 isStockLightsOn=0 lensMarker=0 bodyMarker=0
[2026-09-24 13:13:25.467] [info] [LIGHTPROBE]   mat[4] tex 0x7214201c1f68 "vehiclelights128" -> 0x7214201c1f68 "vehiclelights128" | rgba (255,175,0,128) -> (255,255,255,128) | wasStockLights=1 isStockLights=1 isStockLightsOn=0 lensMarker=1 bodyMarker=0
[2026-09-24 13:13:25.467] [info] [LIGHTPROBE]   mat[5] tex 0x7214201c1f68 "vehiclelights128" -> 0x7214201c1f68 "vehiclelights128" | rgba (185,255,0,207) -> (255,255,255,207) | wasStockLights=1 isStockLights=1 isStockLightsOn=0 lensMarker=1 bodyMarker=0
[2026-09-24 13:13:25.467] [info] [LIGHTPROBE]   mat[6] tex 0x7214201c1f68 "vehiclelights128" -> 0x7214201c1f68 "vehiclelights128" | rgba (255,60,0,207) -> (255,255,255,207) | wasStockLights=1 isStockLights=1 isStockLightsOn=0 lensMarker=1 bodyMarker=0
[2026-09-24 13:13:25.467] [info] [LIGHTPROBE]   mat[7] tex 0x7214201c1f68 "vehiclelights128" -> 0x7214201c1f68 "vehiclelights128" | rgba (255,255,255,255) -> (255,255,255,255) | wasStockLights=1 isStockLights=1 isStockLightsOn=0 lensMarker=0 bodyMarker=0
[2026-09-24 13:13:25.467] [info] [LIGHTPROBE]   mat[8] tex 0x7214201c1f68 "vehiclelights128" -> 0x7214201c1f68 "vehiclelights128" | rgba (255,255,255,255) -> (255,255,255,255) | wasStockLights=1 isStockLights=1 isStockLightsOn=0 lensMarker=0 bodyMarker=0
[2026-09-24 13:13:25.467] [info] [LIGHTPROBE]   mat[9] tex 0x7214201c2b30 "vehiclesteering128" -> 0x7214201c2b30 "vehiclesteering128" | rgba (255,255,255,255) -> (255,255,255,255) | wasStockLights=0 isStockLights=0 isStockLightsOn=0 lensMarker=0 bodyMarker=0
[2026-09-24 13:13:25.467] [info] [LIGHTPROBE]   mat[10] tex 0x7214201c2990 "vehiclegeneric256" -> 0x7214201c2990 "vehiclegeneric256" | rgba (255,255,255,128) -> (255,255,255,128) | wasStockLights=0 isStockLights=0 isStockLightsOn=0 lensMarker=0 bodyMarker=0
[2026-09-24 13:13:25.467] [info] [LIGHTPROBE] model=-1 frame="door_rf_dummy" geom=0x7213ec5a8da0 atomicId=0x8289 upgrade=0 objFlags=0x5 stockGate=1 materials=8 ms_pLightsTexture=0x7214201c1f68 ms_pLightsOnTexture=0x7214201c1fd0 ms_lightsOn=[0,0,0,0]
[2026-09-24 13:13:25.467] [info] [LIGHTPROBE]   mat[0] tex 0x0 "" -> 0x0 "" | rgba (0,0,0,255) -> (0,0,0,255) | wasStockLights=0 isStockLights=0 isStockLightsOn=0 lensMarker=0 bodyMarker=0
[2026-09-24 13:13:25.467] [info] [LIGHTPROBE]   mat[1] tex 0x7214201c2990 "vehiclegeneric256" -> 0x7214201c2990 "vehiclegeneric256" | rgba (60,255,0,255) -> (132,4,16,255) | wasStockLights=0 isStockLights=0 isStockLightsOn=0 lensMarker=0 bodyMarker=1
[2026-09-24 13:13:25.467] [info] [LIGHTPROBE]   mat[2] tex 0x7214201c2038 "vehiclegrunge256" -> 0x7214201c2038 "vehiclegrunge256" | rgba (60,255,0,255) -> (132,4,16,255) | wasStockLights=0 isStockLights=0 isStockLightsOn=0 lensMarker=0 bodyMarker=1
[2026-09-24 13:13:25.467] [info] [LIGHTPROBE]   mat[3] tex 0x7214201c2990 "vehiclegeneric256" -> 0x7214201c2990 "vehiclegeneric256" | rgba (255,255,255,255) -> (255,255,255,255) | wasStockLights=0 isStockLights=0 isStockLightsOn=0 lensMarker=0 bodyMarker=0
[2026-09-24 13:13:25.467] [info] [LIGHTPROBE]   mat[4] tex 0x7214201c2990 "vehiclegeneric256" -> 0x7214201c2990 "vehiclegeneric256" | rgba (255,255,255,255) -> (255,255,255,255) | wasStockLights=0 isStockLights=0 isStockLightsOn=0 lensMarker=0 bodyMarker=0
[2026-09-24 13:13:25.467] [info] [LIGHTPROBE]   mat[5] tex 0x7213ec4707a8 "range92interior128" -> 0x7213ec4707a8 "range92interior128" | rgba (255,255,255,255) -> (255,255,255,255) | wasStockLights=0 isStockLights=0 isStockLightsOn=0 lensMarker=0 bodyMarker=0
[2026-09-24 13:13:25.467] [info] [LIGHTPROBE]   mat[6] tex 0x7214201c1f68 "vehiclelights128" -> 0x7214201c1f68 "vehiclelights128" | rgba (255,255,255,255) -> (255,255,255,255) | wasStockLights=1 isStockLights=1 isStockLightsOn=0 lensMarker=0 bodyMarker=0
[2026-09-24 13:13:25.467] [info] [LIGHTPROBE]   mat[7] tex 0x7214201c2990 "vehiclegeneric256" -> 0x7214201c2990 "vehiclegeneric256" | rgba (255,255,255,128) -> (255,255,255,128) | wasStockLights=0 isStockLights=0 isStockLightsOn=0 lensMarker=0 bodyMarker=0
[2026-09-24 13:13:25.467] [info] [LIGHTPROBE] model=-1 frame="door_lf_dummy" geom=0x7213ec5a9820 atomicId=0x8285 upgrade=0 objFlags=0x5 stockGate=1 materials=8 ms_pLightsTexture=0x7214201c1f68 ms_pLightsOnTexture=0x7214201c1fd0 ms_lightsOn=[0,0,0,0]
[2026-09-24 13:13:25.467] [info] [LIGHTPROBE]   mat[0] tex 0x0 "" -> 0x0 "" | rgba (0,0,0,255) -> (0,0,0,255) | wasStockLights=0 isStockLights=0 isStockLightsOn=0 lensMarker=0 bodyMarker=0
[2026-09-24 13:13:25.467] [info] [LIGHTPROBE]   mat[1] tex 0x7214201c2990 "vehiclegeneric256" -> 0x7214201c2990 "vehiclegeneric256" | rgba (60,255,0,255) -> (132,4,16,255) | wasStockLights=0 isStockLights=0 isStockLightsOn=0 lensMarker=0 bodyMarker=1
[2026-09-24 13:13:25.467] [info] [LIGHTPROBE]   mat[2] tex 0x7214201c2038 "vehiclegrunge256" -> 0x7214201c2038 "vehiclegrunge256" | rgba (60,255,0,255) -> (132,4,16,255) | wasStockLights=0 isStockLights=0 isStockLightsOn=0 lensMarker=0 bodyMarker=1
[2026-09-24 13:13:25.467] [info] [LIGHTPROBE]   mat[3] tex 0x7214201c2990 "vehiclegeneric256" -> 0x7214201c2990 "vehiclegeneric256" | rgba (255,255,255,255) -> (255,255,255,255) | wasStockLights=0 isStockLights=0 isStockLightsOn=0 lensMarker=0 bodyMarker=0
[2026-09-24 13:13:25.467] [info] [LIGHTPROBE]   mat[4] tex 0x7214201c2990 "vehiclegeneric256" -> 0x7214201c2990 "vehiclegeneric256" | rgba (255,255,255,255) -> (255,255,255,255) | wasStockLights=0 isStockLights=0 isStockLightsOn=0 lensMarker=0 bodyMarker=0
[2026-09-24 13:13:25.467] [info] [LIGHTPROBE]   mat[5] tex 0x7213ec4707a8 "range92interior128" -> 0x7213ec4707a8 "range92interior128" | rgba (255,255,255,255) -> (255,255,255,255) | wasStockLights=0 isStockLights=0 isStockLightsOn=0 lensMarker=0 bodyMarker=0
[2026-09-24 13:13:25.467] [info] [LIGHTPROBE]   mat[6] tex 0x7214201c1f68 "vehiclelights128" -> 0x7214201c1f68 "vehiclelights128" | rgba (255,255,255,255) -> (255,255,255,255) | wasStockLights=1 isStockLights=1 isStockLightsOn=0 lensMarker=0 bodyMarker=0
[2026-09-24 13:13:25.467] [info] [LIGHTPROBE]   mat[7] tex 0x7214201c2990 "vehiclegeneric256" -> 0x7214201c2990 "vehiclegeneric256" | rgba (255,255,255,128) -> (255,255,255,128) | wasStockLights=0 isStockLights=0 isStockLightsOn=0 lensMarker=0 bodyMarker=0
[2026-09-24 13:13:25.471] [info] Font atlas WantUpdates: re-uploading 512x512, rebuild #38
[2026-09-24 13:13:25.471] [info] Destroying font raster: raster=0x7213F3B18CC0
[2026-09-24 13:13:25.471] [info] Font atlas diag [destroy-before]: fonts=24 sources=42 texList=1 built=1 locked=0 rendererHasTextures=1 flags=0x0 min=512x128 max=2048x2048 desiredFormat=0 texId=0x7213F3B18CC0 texUnique=4 status=3(WantUpdates) fmt=0 512x512 bpp=4 pixels=0x7213E8C0D8C0 bytes=1048576 updates=2 used=(0,0 507x225) update=(403,186 34x10) useColors=0 uvScale=(0.001953,0.001953) white=(0.069336,0.000977)
[2026-09-24 13:13:25.471] [info] Font atlas diag [destroy-after]: fonts=24 sources=42 texList=1 built=1 locked=0 rendererHasTextures=1 flags=0x0 min=512x128 max=2048x2048 desiredFormat=0 texId=0x0 texUnique=4 status=3(WantUpdates) fmt=0 512x512 bpp=4 pixels=0x7213E8C0D8C0 bytes=1048576 updates=2 used=(0,0 507x225) update=(403,186 34x10) useColors=0 uvScale=(0.001953,0.001953) white=(0.069336,0.000977)
[2026-09-24 13:13:25.471] [info] ImGuiWrapper::createFontTexture
[2026-09-24 13:13:25.471] [info] Font atlas diag [createTexture-before-getTexData]: fonts=24 sources=42 texList=1 built=1 locked=0 rendererHasTextures=1 flags=0x0 min=512x128 max=2048x2048 desiredFormat=0 texId=0x0 texUnique=4 status=3(WantUpdates) fmt=0 512x512 bpp=4 pixels=0x7213E8C0D8C0 bytes=1048576 updates=2 used=(0,0 507x225) update=(403,186 34x10) useColors=0 uvScale=(0.001953,0.001953) white=(0.069336,0.000977)
[2026-09-24 13:13:25.471] [info] Font atlas diag [createTexture-after-getTexData]: fonts=24 sources=42 texList=1 built=1 locked=0 rendererHasTextures=1 flags=0x0 min=512x128 max=2048x2048 desiredFormat=0 texId=0x0 texUnique=4 status=3(WantUpdates) fmt=0 512x512 bpp=4 pixels=0x7213E8C0D8C0 bytes=1048576 updates=2 used=(0,0 507x225) update=(403,186 34x10) useColors=0 uvScale=(0.001953,0.001953) white=(0.069336,0.000977)
[2026-09-24 13:13:25.471] [info] Atlas built: 512x512 (32 bpp, 1 MB)
[2026-09-24 13:13:25.471] [info] Font image allocated: image=0x7213FCCAC020 512x512 depth=32 stride=2048 pixels=0x7213E820DC00
[2026-09-24 13:13:25.471] [info] Font image copy: srcStride=2048 dstStride=2048 copyStride=2048 rows=512
[2026-09-24 13:13:25.471] [info] Font raster created: raster=0x7213E858A290 requested=512x512
[2026-09-24 13:13:25.472] [info] RwRasterSetFromImage OK: input=0x7213E858A290 final=0x7213E858A290
[2026-09-24 13:13:25.472] [info] Font TexData bound to local RenderWare raster: texData=0x7213EC452B00 texId=0x7213E858A290 status=0(OK)
[2026-09-24 13:13:25.472] [info] Atlas width 512
[2026-09-24 13:13:25.472] [info] Atlas height 512
[2026-09-24 13:13:25.740] [warning] AudioStream diagnostic: channel=2147483652 state 2 -> 1 url=https://files.super-rp.es/audio/intro/intro3.mp3
[2026-09-24 13:13:26.936] [info] [CONN] dispatched pkt id=0xD0 len=5 (gameState=5)
[2026-09-24 13:13:27.275] [warning] NVEvent: 5000 empty polls (head=2 tail=2 wait=0)
[2026-09-24 13:13:29.445] [info] [CONN] dispatched pkt id=0xD0 len=5 (gameState=5)
[2026-09-24 13:13:31.944] [info] [CONN] dispatched pkt id=0xD0 len=5 (gameState=5)
[2026-09-24 13:13:34.461] [info] [CONN] dispatched pkt id=0xD0 len=5 (gameState=5)
[2026-09-24 13:13:36.979] [info] [CONN] dispatched pkt id=0xD0 len=5 (gameState=5)
[2026-09-24 13:13:38.092] [info] DialogBox: id 2 style 3 title 'Ingresar' buttons 'Continuar'/'Cerrar' body 56 bytes, 2 rows
[2026-09-24 13:13:39.492] [info] [CONN] dispatched pkt id=0xD0 len=5 (gameState=5)
[2026-09-24 13:13:41.995] [info] [CONN] dispatched pkt id=0xD0 len=5 (gameState=5)
[2026-09-24 13:13:44.499] [info] [CONN] dispatched pkt id=0xD0 len=5 (gameState=5)
[2026-09-24 13:13:47.012] [info] [CONN] dispatched pkt id=0xD0 len=5 (gameState=5)
[2026-09-24 13:13:49.528] [info] [CONN] dispatched pkt id=0xD0 len=5 (gameState=5)
[2026-09-24 13:13:52.047] [info] [CONN] dispatched pkt id=0xD0 len=5 (gameState=5)
[2026-09-24 13:13:54.058] [info] CustomModels: virtual world -> 0, re-scoping the download list
[2026-09-24 13:13:54.058] [info] Stop: https://files.super-rp.es/audio/intro/intro3.mp3
[2026-09-24 13:13:54.058] [warning] AudioStream diagnostic summary: channel=2147483652 buffers=284 hot=0 maxRms=0.106 maxPeak=0.567 stalls=1 url=https://files.super-rp.es/audio/intro/intro3.mp3
[2026-09-24 13:13:54.075] [info] CTimer_EndUserPause
[2026-09-24 13:13:54.077] [info] ApplySpawnSkin: spawn 90551120 override 90551120 -> model 90551120
[2026-09-24 13:13:54.077] [error] SetModel: invalid model
[2026-09-24 13:13:54.077] [info] Memory::saveBytesToMap addr: 0xc674cdc bytes: f5 0f 1d f8 
[2026-09-24 13:13:54.082] [info] Font atlas WantUpdates: re-uploading 512x512, rebuild #39
[2026-09-24 13:13:54.082] [info] Destroying font raster: raster=0x7213E858A290
[2026-09-24 13:13:54.082] [info] Font atlas diag [destroy-before]: fonts=24 sources=42 texList=1 built=1 locked=0 rendererHasTextures=1 flags=0x0 min=512x128 max=2048x2048 desiredFormat=0 texId=0x7213E858A290 texUnique=4 status=3(WantUpdates) fmt=0 512x512 bpp=4 pixels=0x7213E8C0D8C0 bytes=1048576 updates=8 used=(0,0 511x225) update=(24,178 487x25) useColors=0 uvScale=(0.001953,0.001953) white=(0.069336,0.000977)
[2026-09-24 13:13:54.082] [info] Font atlas diag [destroy-after]: fonts=24 sources=42 texList=1 built=1 locked=0 rendererHasTextures=1 flags=0x0 min=512x128 max=2048x2048 desiredFormat=0 texId=0x0 texUnique=4 status=3(WantUpdates) fmt=0 512x512 bpp=4 pixels=0x7213E8C0D8C0 bytes=1048576 updates=8 used=(0,0 511x225) update=(24,178 487x25) useColors=0 uvScale=(0.001953,0.001953) white=(0.069336,0.000977)
[2026-09-24 13:13:54.083] [info] ImGuiWrapper::createFontTexture
[2026-09-24 13:13:54.083] [info] Font atlas diag [createTexture-before-getTexData]: fonts=24 sources=42 texList=1 built=1 locked=0 rendererHasTextures=1 flags=0x0 min=512x128 max=2048x2048 desiredFormat=0 texId=0x0 texUnique=4 status=3(WantUpdates) fmt=0 512x512 bpp=4 pixels=0x7213E8C0D8C0 bytes=1048576 updates=8 used=(0,0 511x225) update=(24,178 487x25) useColors=0 uvScale=(0.001953,0.001953) white=(0.069336,0.000977)
[2026-09-24 13:13:54.083] [info] Font atlas diag [createTexture-after-getTexData]: fonts=24 sources=42 texList=1 built=1 locked=0 rendererHasTextures=1 flags=0x0 min=512x128 max=2048x2048 desiredFormat=0 texId=0x0 texUnique=4 status=3(WantUpdates) fmt=0 512x512 bpp=4 pixels=0x7213E8C0D8C0 bytes=1048576 updates=8 used=(0,0 511x225) update=(24,178 487x25) useColors=0 uvScale=(0.001953,0.001953) white=(0.069336,0.000977)
[2026-09-24 13:13:54.083] [info] Atlas built: 512x512 (32 bpp, 1 MB)
[2026-09-24 13:13:54.083] [info] Font image allocated: image=0x7213FCCAC020 512x512 depth=32 stride=2048 pixels=0x7213E829A5C0
[2026-09-24 13:13:54.083] [info] Font image copy: srcStride=2048 dstStride=2048 copyStride=2048 rows=512
[2026-09-24 13:13:54.083] [info] Font raster created: raster=0x7213E98849E0 requested=512x512
[2026-09-24 13:13:54.084] [info] RwRasterSetFromImage OK: input=0x7213E98849E0 final=0x7213E98849E0
[2026-09-24 13:13:54.084] [info] Font TexData bound to local RenderWare raster: texData=0x7213EC452B00 texId=0x7213E98849E0 status=0(OK)
[2026-09-24 13:13:54.084] [info] Atlas width 512
[2026-09-24 13:13:54.084] [info] Atlas height 512
[2026-09-24 13:13:54.102] [info] Audio weather diagnostic: 1 -> 1
[2026-09-24 13:13:54.103] [info] ScrSetPlayerSkin: player 0 wire 73 dl 0 -> model 73 (bits 80)
[2026-09-24 13:13:54.104] [info] Audio weather diagnostic: 1 -> 1
[2026-09-24 13:13:54.104] [info] Audio weather diagnostic: 1 -> 0
[2026-09-24 13:13:54.171] [info] Font atlas WantUpdates: re-uploading 512x512, rebuild #40
[2026-09-24 13:13:54.171] [info] Destroying font raster: raster=0x7213E98849E0
[2026-09-24 13:13:54.171] [info] Font atlas diag [destroy-before]: fonts=24 sources=42 texList=1 built=0 locked=0 rendererHasTextures=1 flags=0x0 min=512x128 max=2048x2048 desiredFormat=0 texId=0x7213E98849E0 texUnique=4 status=3(WantUpdates) fmt=0 512x512 bpp=4 pixels=0x7213E8C0D8C0 bytes=1048576 updates=7 used=(0,0 511x235) update=(24,197 451x38) useColors=0 uvScale=(0.001953,0.001953) white=(0.069336,0.000977)
[2026-09-24 13:13:54.171] [info] Font atlas diag [destroy-after]: fonts=24 sources=42 texList=1 built=0 locked=0 rendererHasTextures=1 flags=0x0 min=512x128 max=2048x2048 desiredFormat=0 texId=0x0 texUnique=4 status=3(WantUpdates) fmt=0 512x512 bpp=4 pixels=0x7213E8C0D8C0 bytes=1048576 updates=7 used=(0,0 511x235) update=(24,197 451x38) useColors=0 uvScale=(0.001953,0.001953) white=(0.069336,0.000977)
[2026-09-24 13:13:54.171] [info] ImGuiWrapper::createFontTexture
[2026-09-24 13:13:54.171] [info] Font atlas diag [createTexture-before-getTexData]: fonts=24 sources=42 texList=1 built=0 locked=0 rendererHasTextures=1 flags=0x0 min=512x128 max=2048x2048 desiredFormat=0 texId=0x0 texUnique=4 status=3(WantUpdates) fmt=0 512x512 bpp=4 pixels=0x7213E8C0D8C0 bytes=1048576 updates=7 used=(0,0 511x235) update=(24,197 451x38) useColors=0 uvScale=(0.001953,0.001953) white=(0.069336,0.000977)
[2026-09-24 13:13:54.171] [info] Font atlas diag [createTexture-after-getTexData]: fonts=24 sources=42 texList=1 built=1 locked=0 rendererHasTextures=1 flags=0x0 min=512x128 max=2048x2048 desiredFormat=0 texId=0x0 texUnique=4 status=3(WantUpdates) fmt=0 512x512 bpp=4 pixels=0x7213E8C0D8C0 bytes=1048576 updates=7 used=(0,0 511x235) update=(24,197 451x38) useColors=0 uvScale=(0.001953,0.001953) white=(0.069336,0.000977)
[2026-09-24 13:13:54.172] [info] Atlas built: 512x512 (32 bpp, 1 MB)
[2026-09-24 13:13:54.172] [info] Font image allocated: image=0x7213FCCAC020 512x512 depth=32 stride=2048 pixels=0x7213E6C5B3C0
[2026-09-24 13:13:54.172] [info] Font image copy: srcStride=2048 dstStride=2048 copyStride=2048 rows=512
[2026-09-24 13:13:54.172] [info] Font raster created: raster=0x7213E8E9D0A0 requested=512x512
[2026-09-24 13:13:54.172] [info] RwRasterSetFromImage OK: input=0x7213E8E9D0A0 final=0x7213E8E9D0A0
[2026-09-24 13:13:54.172] [info] Font TexData bound to local RenderWare raster: texData=0x7213EC452B00 texId=0x7213E8E9D0A0 status=0(OK)
[2026-09-24 13:13:54.172] [info] Atlas width 512
[2026-09-24 13:13:54.172] [info] Atlas height 512
[2026-09-24 13:13:54.174] [info] Font atlas WantUpdates: re-uploading 512x512, rebuild #41
[2026-09-24 13:13:54.174] [info] Destroying font raster: raster=0x7213E8E9D0A0
[2026-09-24 13:13:54.174] [info] Font atlas diag [destroy-before]: fonts=24 sources=42 texList=1 built=0 locked=0 rendererHasTextures=1 flags=0x0 min=512x128 max=2048x2048 desiredFormat=0 texId=0x7213E8E9D0A0 texUnique=4 status=3(WantUpdates) fmt=0 512x512 bpp=4 pixels=0x7213E8C0D8C0 bytes=1048576 updates=7 used=(0,0 511x235) update=(0,206 509x26) useColors=0 uvScale=(0.001953,0.001953) white=(0.069336,0.000977)
[2026-09-24 13:13:54.174] [info] Font atlas diag [destroy-after]: fonts=24 sources=42 texList=1 built=0 locked=0 rendererHasTextures=1 flags=0x0 min=512x128 max=2048x2048 desiredFormat=0 texId=0x0 texUnique=4 status=3(WantUpdates) fmt=0 512x512 bpp=4 pixels=0x7213E8C0D8C0 bytes=1048576 updates=7 used=(0,0 511x235) update=(0,206 509x26) useColors=0 uvScale=(0.001953,0.001953) white=(0.069336,0.000977)
[2026-09-24 13:13:54.174] [info] ImGuiWrapper::createFontTexture
[2026-09-24 13:13:54.174] [info] Font atlas diag [createTexture-before-getTexData]: fonts=24 sources=42 texList=1 built=0 locked=0 rendererHasTextures=1 flags=0x0 min=512x128 max=2048x2048 desiredFormat=0 texId=0x0 texUnique=4 status=3(WantUpdates) fmt=0 512x512 bpp=4 pixels=0x7213E8C0D8C0 bytes=1048576 updates=7 used=(0,0 511x235) update=(0,206 509x26) useColors=0 uvScale=(0.001953,0.001953) white=(0.069336,0.000977)
[2026-09-24 13:13:54.174] [info] Font atlas diag [createTexture-after-getTexData]: fonts=24 sources=42 texList=1 built=1 locked=0 rendererHasTextures=1 flags=0x0 min=512x128 max=2048x2048 desiredFormat=0 texId=0x0 texUnique=4 status=3(WantUpdates) fmt=0 512x512 bpp=4 pixels=0x7213E8C0D8C0 bytes=1048576 updates=7 used=(0,0 511x235) update=(0,206 509x26) useColors=0 uvScale=(0.001953,0.001953) white=(0.069336,0.000977)
[2026-09-24 13:13:54.174] [info] Atlas built: 512x512 (32 bpp, 1 MB)
[2026-09-24 13:13:54.174] [info] Font image allocated: image=0x7213FCCAC020 512x512 depth=32 stride=2048 pixels=0x7213E9A0D6C0
[2026-09-24 13:13:54.174] [info] Font image copy: srcStride=2048 dstStride=2048 copyStride=2048 rows=512
[2026-09-24 13:13:54.174] [info] Font raster created: raster=0x7213E8E9D0A0 requested=512x512
[2026-09-24 13:13:54.174] [info] RwRasterSetFromImage OK: input=0x7213E8E9D0A0 final=0x7213E8E9D0A0
[2026-09-24 13:13:54.174] [info] Font TexData bound to local RenderWare raster: texData=0x7213EC452B00 texId=0x7213E8E9D0A0 status=0(OK)
[2026-09-24 13:13:54.174] [info] Atlas width 512
[2026-09-24 13:13:54.174] [info] Atlas height 512
[2026-09-24 13:13:54.176] [info] Font atlas WantUpdates: re-uploading 512x512, rebuild #42
[2026-09-24 13:13:54.176] [info] Destroying font raster: raster=0x7213E8E9D0A0
[2026-09-24 13:13:54.176] [info] Font atlas diag [destroy-before]: fonts=24 sources=42 texList=1 built=0 locked=0 rendererHasTextures=1 flags=0x0 min=512x128 max=2048x2048 desiredFormat=0 texId=0x7213E8E9D0A0 texUnique=4 status=3(WantUpdates) fmt=0 512x512 bpp=4 pixels=0x7213E8C0D8C0 bytes=1048576 updates=10 used=(0,0 511x252) update=(51,207 435x45) useColors=0 uvScale=(0.001953,0.001953) white=(0.069336,0.000977)
[2026-09-24 13:13:54.176] [info] Font atlas diag [destroy-after]: fonts=24 sources=42 texList=1 built=0 locked=0 rendererHasTextures=1 flags=0x0 min=512x128 max=2048x2048 desiredFormat=0 texId=0x0 texUnique=4 status=3(WantUpdates) fmt=0 512x512 bpp=4 pixels=0x7213E8C0D8C0 bytes=1048576 updates=10 used=(0,0 511x252) update=(51,207 435x45) useColors=0 uvScale=(0.001953,0.001953) white=(0.069336,0.000977)
[2026-09-24 13:13:54.176] [info] ImGuiWrapper::createFontTexture
[2026-09-24 13:13:54.176] [info] Font atlas diag [createTexture-before-getTexData]: fonts=24 sources=42 texList=1 built=0 locked=0 rendererHasTextures=1 flags=0x0 min=512x128 max=2048x2048 desiredFormat=0 texId=0x0 texUnique=4 status=3(WantUpdates) fmt=0 512x512 bpp=4 pixels=0x7213E8C0D8C0 bytes=1048576 updates=10 used=(0,0 511x252) update=(51,207 435x45) useColors=0 uvScale=(0.001953,0.001953) white=(0.069336,0.000977)
[2026-09-24 13:13:54.176] [info] Font atlas diag [createTexture-after-getTexData]: fonts=24 sources=42 texList=1 built=1 locked=0 rendererHasTextures=1 flags=0x0 min=512x128 max=2048x2048 desiredFormat=0 texId=0x0 texUnique=4 status=3(WantUpdates) fmt=0 512x512 bpp=4 pixels=0x7213E8C0D8C0 bytes=1048576 updates=10 used=(0,0 511x252) update=(51,207 435x45) useColors=0 uvScale=(0.001953,0.001953) white=(0.069336,0.000977)
[2026-09-24 13:13:54.176] [info] Atlas built: 512x512 (32 bpp, 1 MB)
[2026-09-24 13:13:54.176] [info] Font image allocated: image=0x7213FCCAC020 512x512 depth=32 stride=2048 pixels=0x7213E9A0DC80
[2026-09-24 13:13:54.176] [info] Font image copy: srcStride=2048 dstStride=2048 copyStride=2048 rows=512
[2026-09-24 13:13:54.176] [info] Font raster created: raster=0x7213E8E9D0A0 requested=512x512
[2026-09-24 13:13:54.176] [info] RwRasterSetFromImage OK: input=0x7213E8E9D0A0 final=0x7213E8E9D0A0
[2026-09-24 13:13:54.176] [info] Font TexData bound to local RenderWare raster: texData=0x7213EC452B00 texId=0x7213E8E9D0A0 status=0(OK)
[2026-09-24 13:13:54.176] [info] Atlas width 512
[2026-09-24 13:13:54.176] [info] Atlas height 512
[2026-09-24 13:13:54.178] [info] Font atlas WantUpdates: re-uploading 512x512, rebuild #43
[2026-09-24 13:13:54.178] [info] Destroying font raster: raster=0x7213E8E9D0A0
[2026-09-24 13:13:54.178] [info] Font atlas diag [destroy-before]: fonts=24 sources=42 texList=1 built=0 locked=0 rendererHasTextures=1 flags=0x0 min=512x128 max=2048x2048 desiredFormat=0 texId=0x7213E8E9D0A0 texUnique=4 status=3(WantUpdates) fmt=0 512x512 bpp=4 pixels=0x7213E8C0D8C0 bytes=1048576 updates=17 used=(0,0 511x256) update=(0,223 505x33) useColors=0 uvScale=(0.001953,0.001953) white=(0.069336,0.000977)
[2026-09-24 13:13:54.178] [info] Font atlas diag [destroy-after]: fonts=24 sources=42 texList=1 built=0 locked=0 rendererHasTextures=1 flags=0x0 min=512x128 max=2048x2048 desiredFormat=0 texId=0x0 texUnique=4 status=3(WantUpdates) fmt=0 512x512 bpp=4 pixels=0x7213E8C0D8C0 bytes=1048576 updates=17 used=(0,0 511x256) update=(0,223 505x33) useColors=0 uvScale=(0.001953,0.001953) white=(0.069336,0.000977)
[2026-09-24 13:13:54.178] [info] ImGuiWrapper::createFontTexture
[2026-09-24 13:13:54.178] [info] Font atlas diag [createTexture-before-getTexData]: fonts=24 sources=42 texList=1 built=0 locked=0 rendererHasTextures=1 flags=0x0 min=512x128 max=2048x2048 desiredFormat=0 texId=0x0 texUnique=4 status=3(WantUpdates) fmt=0 512x512 bpp=4 pixels=0x7213E8C0D8C0 bytes=1048576 updates=17 used=(0,0 511x256) update=(0,223 505x33) useColors=0 uvScale=(0.001953,0.001953) white=(0.069336,0.000977)
[2026-09-24 13:13:54.178] [info] Font atlas diag [createTexture-after-getTexData]: fonts=24 sources=42 texList=1 built=1 locked=0 rendererHasTextures=1 flags=0x0 min=512x128 max=2048x2048 desiredFormat=0 texId=0x0 texUnique=4 status=3(WantUpdates) fmt=0 512x512 bpp=4 pixels=0x7213E8C0D8C0 bytes=1048576 updates=17 used=(0,0 511x256) update=(0,223 505x33) useColors=0 uvScale=(0.001953,0.001953) white=(0.069336,0.000977)
[2026-09-24 13:13:54.178] [info] Atlas built: 512x512 (32 bpp, 1 MB)
[2026-09-24 13:13:54.178] [info] Font image allocated: image=0x7213FCCAC020 512x512 depth=32 stride=2048 pixels=0x7213E9A0D280
[2026-09-24 13:13:54.178] [info] Font image copy: srcStride=2048 dstStride=2048 copyStride=2048 rows=512
[2026-09-24 13:13:54.178] [info] Font raster created: raster=0x7213E8E9D0A0 requested=512x512
[2026-09-24 13:13:54.179] [info] RwRasterSetFromImage OK: input=0x7213E8E9D0A0 final=0x7213E8E9D0A0
[2026-09-24 13:13:54.179] [info] Font TexData bound to local RenderWare raster: texData=0x7213EC452B00 texId=0x7213E8E9D0A0 status=0(OK)
[2026-09-24 13:13:54.179] [info] Atlas width 512
[2026-09-24 13:13:54.179] [info] Atlas height 512
[2026-09-24 13:13:54.180] [info] Font atlas WantUpdates: re-uploading 512x512, rebuild #44
[2026-09-24 13:13:54.180] [info] Destroying font raster: raster=0x7213E8E9D0A0
[2026-09-24 13:13:54.180] [info] Font atlas diag [destroy-before]: fonts=24 sources=42 texList=1 built=0 locked=0 rendererHasTextures=1 flags=0x0 min=512x128 max=2048x2048 desiredFormat=0 texId=0x7213E8E9D0A0 texUnique=4 status=3(WantUpdates) fmt=0 512x512 bpp=4 pixels=0x7213E8C0D8C0 bytes=1048576 updates=5 used=(0,0 511x263) update=(41,227 432x36) useColors=0 uvScale=(0.001953,0.001953) white=(0.069336,0.000977)
[2026-09-24 13:13:54.180] [info] Font atlas diag [destroy-after]: fonts=24 sources=42 texList=1 built=0 locked=0 rendererHasTextures=1 flags=0x0 min=512x128 max=2048x2048 desiredFormat=0 texId=0x0 texUnique=4 status=3(WantUpdates) fmt=0 512x512 bpp=4 pixels=0x7213E8C0D8C0 bytes=1048576 updates=5 used=(0,0 511x263) update=(41,227 432x36) useColors=0 uvScale=(0.001953,0.001953) white=(0.069336,0.000977)
[2026-09-24 13:13:54.180] [info] ImGuiWrapper::createFontTexture
[2026-09-24 13:13:54.180] [info] Font atlas diag [createTexture-before-getTexData]: fonts=24 sources=42 texList=1 built=0 locked=0 rendererHasTextures=1 flags=0x0 min=512x128 max=2048x2048 desiredFormat=0 texId=0x0 texUnique=4 status=3(WantUpdates) fmt=0 512x512 bpp=4 pixels=0x7213E8C0D8C0 bytes=1048576 updates=5 used=(0,0 511x263) update=(41,227 432x36) useColors=0 uvScale=(0.001953,0.001953) white=(0.069336,0.000977)
[2026-09-24 13:13:54.180] [info] Font atlas diag [createTexture-after-getTexData]: fonts=24 sources=42 texList=1 built=1 locked=0 rendererHasTextures=1 flags=0x0 min=512x128 max=2048x2048 desiredFormat=0 texId=0x0 texUnique=4 status=3(WantUpdates) fmt=0 512x512 bpp=4 pixels=0x7213E8C0D8C0 bytes=1048576 updates=5 used=(0,0 511x263) update=(41,227 432x36) useColors=0 uvScale=(0.001953,0.001953) white=(0.069336,0.000977)
[2026-09-24 13:13:54.180] [info] Atlas built: 512x512 (32 bpp, 1 MB)
[2026-09-24 13:13:54.180] [info] Font image allocated: image=0x7213FCCAC020 512x512 depth=32 stride=2048 pixels=0x7213E9A0D980
[2026-09-24 13:13:54.180] [info] Font image copy: srcStride=2048 dstStride=2048 copyStride=2048 rows=512
[2026-09-24 13:13:54.180] [info] Font raster created: raster=0x7213E8E9D0A0 requested=512x512
[2026-09-24 13:13:54.180] [info] RwRasterSetFromImage OK: input=0x7213E8E9D0A0 final=0x7213E8E9D0A0
[2026-09-24 13:13:54.180] [info] Font TexData bound to local RenderWare raster: texData=0x7213EC452B00 texId=0x7213E8E9D0A0 status=0(OK)
[2026-09-24 13:13:54.180] [info] Atlas width 512
[2026-09-24 13:13:54.181] [info] Atlas height 512
[2026-09-24 13:13:54.182] [info] Font atlas WantUpdates: re-uploading 512x512, rebuild #45
[2026-09-24 13:13:54.182] [info] Destroying font raster: raster=0x7213E8E9D0A0
[2026-09-24 13:13:54.182] [info] Font atlas diag [destroy-before]: fonts=24 sources=42 texList=1 built=0 locked=0 rendererHasTextures=1 flags=0x0 min=512x128 max=2048x2048 desiredFormat=0 texId=0x7213E8E9D0A0 texUnique=4 status=3(WantUpdates) fmt=0 512x512 bpp=4 pixels=0x7213E8C0D8C0 bytes=1048576 updates=10 used=(0,0 511x267) update=(92,230 418x37) useColors=0 uvScale=(0.001953,0.001953) white=(0.069336,0.000977)
[2026-09-24 13:13:54.182] [info] Font atlas diag [destroy-after]: fonts=24 sources=42 texList=1 built=0 locked=0 rendererHasTextures=1 flags=0x0 min=512x128 max=2048x2048 desiredFormat=0 texId=0x0 texUnique=4 status=3(WantUpdates) fmt=0 512x512 bpp=4 pixels=0x7213E8C0D8C0 bytes=1048576 updates=10 used=(0,0 511x267) update=(92,230 418x37) useColors=0 uvScale=(0.001953,0.001953) white=(0.069336,0.000977)
[2026-09-24 13:13:54.182] [info] ImGuiWrapper::createFontTexture
[2026-09-24 13:13:54.182] [info] Font atlas diag [createTexture-before-getTexData]: fonts=24 sources=42 texList=1 built=0 locked=0 rendererHasTextures=1 flags=0x0 min=512x128 max=2048x2048 desiredFormat=0 texId=0x0 texUnique=4 status=3(WantUpdates) fmt=0 512x512 bpp=4 pixels=0x7213E8C0D8C0 bytes=1048576 updates=10 used=(0,0 511x267) update=(92,230 418x37) useColors=0 uvScale=(0.001953,0.001953) white=(0.069336,0.000977)
[2026-09-24 13:13:54.182] [info] Font atlas diag [createTexture-after-getTexData]: fonts=24 sources=42 texList=1 built=1 locked=0 rendererHasTextures=1 flags=0x0 min=512x128 max=2048x2048 desiredFormat=0 texId=0x0 texUnique=4 status=3(WantUpdates) fmt=0 512x512 bpp=4 pixels=0x7213E8C0D8C0 bytes=1048576 updates=10 used=(0,0 511x267) update=(92,230 418x37) useColors=0 uvScale=(0.001953,0.001953) white=(0.069336,0.000977)
[2026-09-24 13:13:54.182] [info] Atlas built: 512x512 (32 bpp, 1 MB)
[2026-09-24 13:13:54.182] [info] Font image allocated: image=0x7213FCCAC020 512x512 depth=32 stride=2048 pixels=0x7213E9A0DC80
[2026-09-24 13:13:54.182] [info] Font image copy: srcStride=2048 dstStride=2048 copyStride=2048 rows=512
[2026-09-24 13:13:54.182] [info] Font raster created: raster=0x7213E8E9D0A0 requested=512x512
[2026-09-24 13:13:54.182] [info] RwRasterSetFromImage OK: input=0x7213E8E9D0A0 final=0x7213E8E9D0A0
[2026-09-24 13:13:54.182] [info] Font TexData bound to local RenderWare raster: texData=0x7213EC452B00 texId=0x7213E8E9D0A0 status=0(OK)
[2026-09-24 13:13:54.182] [info] Atlas width 512
[2026-09-24 13:13:54.182] [info] Atlas height 512
[2026-09-24 13:13:54.183] [info] Font atlas WantUpdates: re-uploading 512x512, rebuild #46
[2026-09-24 13:13:54.183] [info] Destroying font raster: raster=0x7213E8E9D0A0
[2026-09-24 13:13:54.183] [info] Font atlas diag [destroy-before]: fonts=24 sources=42 texList=1 built=0 locked=0 rendererHasTextures=1 flags=0x0 min=512x128 max=2048x2048 desiredFormat=0 texId=0x7213E8E9D0A0 texUnique=4 status=3(WantUpdates) fmt=0 512x512 bpp=4 pixels=0x7213E8C0D8C0 bytes=1048576 updates=2 used=(0,0 511x268) update=(305,247 132x21) useColors=0 uvScale=(0.001953,0.001953) white=(0.069336,0.000977)
[2026-09-24 13:13:54.183] [info] Font atlas diag [destroy-after]: fonts=24 sources=42 texList=1 built=0 locked=0 rendererHasTextures=1 flags=0x0 min=512x128 max=2048x2048 desiredFormat=0 texId=0x0 texUnique=4 status=3(WantUpdates) fmt=0 512x512 bpp=4 pixels=0x7213E8C0D8C0 bytes=1048576 updates=2 used=(0,0 511x268) update=(305,247 132x21) useColors=0 uvScale=(0.001953,0.001953) white=(0.069336,0.000977)
[2026-09-24 13:13:54.183] [info] ImGuiWrapper::createFontTexture
[2026-09-24 13:13:54.183] [info] Font atlas diag [createTexture-before-getTexData]: fonts=24 sources=42 texList=1 built=0 locked=0 rendererHasTextures=1 flags=0x0 min=512x128 max=2048x2048 desiredFormat=0 texId=0x0 texUnique=4 status=3(WantUpdates) fmt=0 512x512 bpp=4 pixels=0x7213E8C0D8C0 bytes=1048576 updates=2 used=(0,0 511x268) update=(305,247 132x21) useColors=0 uvScale=(0.001953,0.001953) white=(0.069336,0.000977)
[2026-09-24 13:13:54.183] [info] Font atlas diag [createTexture-after-getTexData]: fonts=24 sources=42 texList=1 built=1 locked=0 rendererHasTextures=1 flags=0x0 min=512x128 max=2048x2048 desiredFormat=0 texId=0x0 texUnique=4 status=3(WantUpdates) fmt=0 512x512 bpp=4 pixels=0x7213E8C0D8C0 bytes=1048576 updates=2 used=(0,0 511x268) update=(305,247 132x21) useColors=0 uvScale=(0.001953,0.001953) white=(0.069336,0.000977)
[2026-09-24 13:13:54.183] [info] Atlas built: 512x512 (32 bpp, 1 MB)
[2026-09-24 13:13:54.183] [info] Font image allocated: image=0x7213FCCAC020 512x512 depth=32 stride=2048 pixels=0x7213E9A0D440
[2026-09-24 13:13:54.183] [info] Font image copy: srcStride=2048 dstStride=2048 copyStride=2048 rows=512
[2026-09-24 13:13:54.183] [info] Font raster created: raster=0x7213E8E9D0A0 requested=512x512
[2026-09-24 13:13:54.184] [info] RwRasterSetFromImage OK: input=0x7213E8E9D0A0 final=0x7213E8E9D0A0
[2026-09-24 13:13:54.184] [info] Font TexData bound to local RenderWare raster: texData=0x7213EC452B00 texId=0x7213E8E9D0A0 status=0(OK)
[2026-09-24 13:13:54.184] [info] Atlas width 512
[2026-09-24 13:13:54.184] [info] Atlas height 512
[2026-09-24 13:13:54.185] [info] Font atlas WantUpdates: re-uploading 512x512, rebuild #47
[2026-09-24 13:13:54.185] [info] Destroying font raster: raster=0x7213E8E9D0A0
[2026-09-24 13:13:54.185] [info] Font atlas diag [destroy-before]: fonts=24 sources=42 texList=1 built=0 locked=0 rendererHasTextures=1 flags=0x0 min=512x128 max=2048x2048 desiredFormat=0 texId=0x7213E8E9D0A0 texUnique=4 status=3(WantUpdates) fmt=0 512x512 bpp=4 pixels=0x7213E8C0D8C0 bytes=1048576 updates=3 used=(0,0 511x283) update=(275,250 221x33) useColors=0 uvScale=(0.001953,0.001953) white=(0.069336,0.000977)
[2026-09-24 13:13:54.185] [info] Font atlas diag [destroy-after]: fonts=24 sources=42 texList=1 built=0 locked=0 rendererHasTextures=1 flags=0x0 min=512x128 max=2048x2048 desiredFormat=0 texId=0x0 texUnique=4 status=3(WantUpdates) fmt=0 512x512 bpp=4 pixels=0x7213E8C0D8C0 bytes=1048576 updates=3 used=(0,0 511x283) update=(275,250 221x33) useColors=0 uvScale=(0.001953,0.001953) white=(0.069336,0.000977)
[2026-09-24 13:13:54.185] [info] ImGuiWrapper::createFontTexture
[2026-09-24 13:13:54.185] [info] Font atlas diag [createTexture-before-getTexData]: fonts=24 sources=42 texList=1 built=0 locked=0 rendererHasTextures=1 flags=0x0 min=512x128 max=2048x2048 desiredFormat=0 texId=0x0 texUnique=4 status=3(WantUpdates) fmt=0 512x512 bpp=4 pixels=0x7213E8C0D8C0 bytes=1048576 updates=3 used=(0,0 511x283) update=(275,250 221x33) useColors=0 uvScale=(0.001953,0.001953) white=(0.069336,0.000977)
[2026-09-24 13:13:54.185] [info] Font atlas diag [createTexture-after-getTexData]: fonts=24 sources=42 texList=1 built=1 locked=0 rendererHasTextures=1 flags=0x0 min=512x128 max=2048x2048 desiredFormat=0 texId=0x0 texUnique=4 status=3(WantUpdates) fmt=0 512x512 bpp=4 pixels=0x7213E8C0D8C0 bytes=1048576 updates=3 used=(0,0 511x283) update=(275,250 221x33) useColors=0 uvScale=(0.001953,0.001953) white=(0.069336,0.000977)
[2026-09-24 13:13:54.185] [info] Atlas built: 512x512 (32 bpp, 1 MB)
[2026-09-24 13:13:54.185] [info] Font image allocated: image=0x7213FCCAC020 512x512 depth=32 stride=2048 pixels=0x7213E9A0D740
[2026-09-24 13:13:54.185] [info] Font image copy: srcStride=2048 dstStride=2048 copyStride=2048 rows=512
[2026-09-24 13:13:54.186] [info] Font raster created: raster=0x7213E8E9D0A0 requested=512x512
[2026-09-24 13:13:54.187] [info] RwRasterSetFromImage OK: input=0x7213E8E9D0A0 final=0x7213E8E9D0A0
[2026-09-24 13:13:54.187] [info] Font TexData bound to local RenderWare raster: texData=0x7213EC452B00 texId=0x7213E8E9D0A0 status=0(OK)
[2026-09-24 13:13:54.187] [info] Atlas width 512
[2026-09-24 13:13:54.187] [info] Atlas height 512
[2026-09-24 13:13:54.189] [info] Font atlas WantUpdates: re-uploading 512x512, rebuild #48
[2026-09-24 13:13:54.189] [info] Destroying font raster: raster=0x7213E8E9D0A0
[2026-09-24 13:13:54.189] [info] Font atlas diag [destroy-before]: fonts=24 sources=42 texList=1 built=0 locked=0 rendererHasTextures=1 flags=0x0 min=512x128 max=2048x2048 desiredFormat=0 texId=0x7213E8E9D0A0 texUnique=4 status=3(WantUpdates) fmt=0 512x512 bpp=4 pixels=0x7213E8C0D8C0 bytes=1048576 updates=1 used=(0,0 511x390) update=(141,262 121x128) useColors=0 uvScale=(0.001953,0.001953) white=(0.069336,0.000977)
[2026-09-24 13:13:54.189] [info] Font atlas diag [destroy-after]: fonts=24 sources=42 texList=1 built=0 locked=0 rendererHasTextures=1 flags=0x0 min=512x128 max=2048x2048 desiredFormat=0 texId=0x0 texUnique=4 status=3(WantUpdates) fmt=0 512x512 bpp=4 pixels=0x7213E8C0D8C0 bytes=1048576 updates=1 used=(0,0 511x390) update=(141,262 121x128) useColors=0 uvScale=(0.001953,0.001953) white=(0.069336,0.000977)
[2026-09-24 13:13:54.189] [info] ImGuiWrapper::createFontTexture
[2026-09-24 13:13:54.189] [info] Font atlas diag [createTexture-before-getTexData]: fonts=24 sources=42 texList=1 built=0 locked=0 rendererHasTextures=1 flags=0x0 min=512x128 max=2048x2048 desiredFormat=0 texId=0x0 texUnique=4 status=3(WantUpdates) fmt=0 512x512 bpp=4 pixels=0x7213E8C0D8C0 bytes=1048576 updates=1 used=(0,0 511x390) update=(141,262 121x128) useColors=0 uvScale=(0.001953,0.001953) white=(0.069336,0.000977)
[2026-09-24 13:13:54.189] [info] Font atlas diag [createTexture-after-getTexData]: fonts=24 sources=42 texList=1 built=1 locked=0 rendererHasTextures=1 flags=0x0 min=512x128 max=2048x2048 desiredFormat=0 texId=0x0 texUnique=4 status=3(WantUpdates) fmt=0 512x512 bpp=4 pixels=0x7213E8C0D8C0 bytes=1048576 updates=1 used=(0,0 511x390) update=(141,262 121x128) useColors=0 uvScale=(0.001953,0.001953) white=(0.069336,0.000977)
[2026-09-24 13:13:54.189] [info] Atlas built: 512x512 (32 bpp, 1 MB)
[2026-09-24 13:13:54.189] [info] Font image allocated: image=0x7213FCCAC020 512x512 depth=32 stride=2048 pixels=0x7213E9A0DB00
[2026-09-24 13:13:54.189] [info] Font image copy: srcStride=2048 dstStride=2048 copyStride=2048 rows=512
[2026-09-24 13:13:54.189] [info] Font raster created: raster=0x7213E8E9D0A0 requested=512x512
[2026-09-24 13:13:54.189] [info] RwRasterSetFromImage OK: input=0x7213E8E9D0A0 final=0x7213E8E9D0A0
[2026-09-24 13:13:54.189] [info] Font TexData bound to local RenderWare raster: texData=0x7213EC452B00 texId=0x7213E8E9D0A0 status=0(OK)
[2026-09-24 13:13:54.189] [info] Atlas width 512
[2026-09-24 13:13:54.189] [info] Atlas height 512
[2026-09-24 13:13:54.192] [info] Font atlas WantUpdates: re-uploading 512x512, rebuild #49
[2026-09-24 13:13:54.192] [info] Destroying font raster: raster=0x7213E8E9D0A0
[2026-09-24 13:13:54.192] [info] Font atlas diag [destroy-before]: fonts=24 sources=42 texList=1 built=0 locked=0 rendererHasTextures=1 flags=0x0 min=512x128 max=2048x2048 desiredFormat=0 texId=0x7213E8E9D0A0 texUnique=4 status=3(WantUpdates) fmt=0 512x512 bpp=4 pixels=0x7213E8C0D8C0 bytes=1048576 updates=4 used=(0,0 511x390) update=(0,247 442x26) useColors=0 uvScale=(0.001953,0.001953) white=(0.069336,0.000977)
[2026-09-24 13:13:54.192] [info] Font atlas diag [destroy-after]: fonts=24 sources=42 texList=1 built=0 locked=0 rendererHasTextures=1 flags=0x0 min=512x128 max=2048x2048 desiredFormat=0 texId=0x0 texUnique=4 status=3(WantUpdates) fmt=0 512x512 bpp=4 pixels=0x7213E8C0D8C0 bytes=1048576 updates=4 used=(0,0 511x390) update=(0,247 442x26) useColors=0 uvScale=(0.001953,0.001953) white=(0.069336,0.000977)
[2026-09-24 13:13:54.192] [info] ImGuiWrapper::createFontTexture
[2026-09-24 13:13:54.192] [info] Font atlas diag [createTexture-before-getTexData]: fonts=24 sources=42 texList=1 built=0 locked=0 rendererHasTextures=1 flags=0x0 min=512x128 max=2048x2048 desiredFormat=0 texId=0x0 texUnique=4 status=3(WantUpdates) fmt=0 512x512 bpp=4 pixels=0x7213E8C0D8C0 bytes=1048576 updates=4 used=(0,0 511x390) update=(0,247 442x26) useColors=0 uvScale=(0.001953,0.001953) white=(0.069336,0.000977)
[2026-09-24 13:13:54.192] [info] Font atlas diag [createTexture-after-getTexData]: fonts=24 sources=42 texList=1 built=1 locked=0 rendererHasTextures=1 flags=0x0 min=512x128 max=2048x2048 desiredFormat=0 texId=0x0 texUnique=4 status=3(WantUpdates) fmt=0 512x512 bpp=4 pixels=0x7213E8C0D8C0 bytes=1048576 updates=4 used=(0,0 511x390) update=(0,247 442x26) useColors=0 uvScale=(0.001953,0.001953) white=(0.069336,0.000977)
[2026-09-24 13:13:54.192] [info] Atlas built: 512x512 (32 bpp, 1 MB)
[2026-09-24 13:13:54.192] [info] Font image allocated: image=0x7213FCCAC020 512x512 depth=32 stride=2048 pixels=0x7213E6C5BD00
[2026-09-24 13:13:54.192] [info] Font image copy: srcStride=2048 dstStride=2048 copyStride=2048 rows=512
[2026-09-24 13:13:54.192] [info] Font raster created: raster=0x7213E8E9D0A0 requested=512x512
[2026-09-24 13:13:54.193] [info] RwRasterSetFromImage OK: input=0x7213E8E9D0A0 final=0x7213E8E9D0A0
[2026-09-24 13:13:54.193] [info] Font TexData bound to local RenderWare raster: texData=0x7213EC452B00 texId=0x7213E8E9D0A0 status=0(OK)
[2026-09-24 13:13:54.193] [info] Atlas width 512
[2026-09-24 13:13:54.193] [info] Atlas height 512
[2026-09-24 13:13:54.194] [info] Font atlas WantUpdates: re-uploading 512x512, rebuild #50
[2026-09-24 13:13:54.194] [info] Destroying font raster: raster=0x7213E8E9D0A0
[2026-09-24 13:13:54.194] [info] Font atlas diag [destroy-before]: fonts=24 sources=42 texList=1 built=0 locked=0 rendererHasTextures=1 flags=0x0 min=512x128 max=2048x2048 desiredFormat=0 texId=0x7213E8E9D0A0 texUnique=4 status=3(WantUpdates) fmt=0 512x512 bpp=4 pixels=0x7213E8C0D8C0 bytes=1048576 updates=8 used=(0,0 511x390) update=(60,250 446x27) useColors=0 uvScale=(0.001953,0.001953) white=(0.069336,0.000977)
[2026-09-24 13:13:54.194] [info] Font atlas diag [destroy-after]: fonts=24 sources=42 texList=1 built=0 locked=0 rendererHasTextures=1 flags=0x0 min=512x128 max=2048x2048 desiredFormat=0 texId=0x0 texUnique=4 status=3(WantUpdates) fmt=0 512x512 bpp=4 pixels=0x7213E8C0D8C0 bytes=1048576 updates=8 used=(0,0 511x390) update=(60,250 446x27) useColors=0 uvScale=(0.001953,0.001953) white=(0.069336,0.000977)
[2026-09-24 13:13:54.194] [info] ImGuiWrapper::createFontTexture
[2026-09-24 13:13:54.194] [info] Font atlas diag [createTexture-before-getTexData]: fonts=24 sources=42 texList=1 built=0 locked=0 rendererHasTextures=1 flags=0x0 min=512x128 max=2048x2048 desiredFormat=0 texId=0x0 texUnique=4 status=3(WantUpdates) fmt=0 512x512 bpp=4 pixels=0x7213E8C0D8C0 bytes=1048576 updates=8 used=(0,0 511x390) update=(60,250 446x27) useColors=0 uvScale=(0.001953,0.001953) white=(0.069336,0.000977)
[2026-09-24 13:13:54.194] [info] Font atlas diag [createTexture-after-getTexData]: fonts=24 sources=42 texList=1 built=1 locked=0 rendererHasTextures=1 flags=0x0 min=512x128 max=2048x2048 desiredFormat=0 texId=0x0 texUnique=4 status=3(WantUpdates) fmt=0 512x512 bpp=4 pixels=0x7213E8C0D8C0 bytes=1048576 updates=8 used=(0,0 511x390) update=(60,250 446x27) useColors=0 uvScale=(0.001953,0.001953) white=(0.069336,0.000977)
[2026-09-24 13:13:54.194] [info] Atlas built: 512x512 (32 bpp, 1 MB)
[2026-09-24 13:13:54.194] [info] Font image allocated: image=0x7213FCCAC020 512x512 depth=32 stride=2048 pixels=0x7213E6C5B4C0
[2026-09-24 13:13:54.194] [info] Font image copy: srcStride=2048 dstStride=2048 copyStride=2048 rows=512
[2026-09-24 13:13:54.194] [info] Font raster created: raster=0x7213E8E9D0A0 requested=512x512
[2026-09-24 13:13:54.194] [info] RwRasterSetFromImage OK: input=0x7213E8E9D0A0 final=0x7213E8E9D0A0
[2026-09-24 13:13:54.194] [info] Font TexData bound to local RenderWare raster: texData=0x7213EC452B00 texId=0x7213E8E9D0A0 status=0(OK)
[2026-09-24 13:13:54.194] [info] Atlas width 512
[2026-09-24 13:13:54.194] [info] Atlas height 512
[2026-09-24 13:13:54.195] [info] Font atlas WantUpdates: re-uploading 512x512, rebuild #51
[2026-09-24 13:13:54.195] [info] Destroying font raster: raster=0x7213E8E9D0A0
[2026-09-24 13:13:54.195] [info] Font atlas diag [destroy-before]: fonts=24 sources=42 texList=1 built=0 locked=0 rendererHasTextures=1 flags=0x0 min=512x128 max=2048x2048 desiredFormat=0 texId=0x7213E8E9D0A0 texUnique=4 status=3(WantUpdates) fmt=0 512x512 bpp=4 pixels=0x7213E8C0D8C0 bytes=1048576 updates=8 used=(0,0 511x390) update=(0,252 431x57) useColors=0 uvScale=(0.001953,0.001953) white=(0.069336,0.000977)
[2026-09-24 13:13:54.195] [info] Font atlas diag [destroy-after]: fonts=24 sources=42 texList=1 built=0 locked=0 rendererHasTextures=1 flags=0x0 min=512x128 max=2048x2048 desiredFormat=0 texId=0x0 texUnique=4 status=3(WantUpdates) fmt=0 512x512 bpp=4 pixels=0x7213E8C0D8C0 bytes=1048576 updates=8 used=(0,0 511x390) update=(0,252 431x57) useColors=0 uvScale=(0.001953,0.001953) white=(0.069336,0.000977)
[2026-09-24 13:13:54.195] [info] ImGuiWrapper::createFontTexture
[2026-09-24 13:13:54.196] [info] Font atlas diag [createTexture-before-getTexData]: fonts=24 sources=42 texList=1 built=0 locked=0 rendererHasTextures=1 flags=0x0 min=512x128 max=2048x2048 desiredFormat=0 texId=0x0 texUnique=4 status=3(WantUpdates) fmt=0 512x512 bpp=4 pixels=0x7213E8C0D8C0 bytes=1048576 updates=8 used=(0,0 511x390) update=(0,252 431x57) useColors=0 uvScale=(0.001953,0.001953) white=(0.069336,0.000977)
[2026-09-24 13:13:54.196] [info] Font atlas diag [createTexture-after-getTexData]: fonts=24 sources=42 texList=1 built=1 locked=0 rendererHasTextures=1 flags=0x0 min=512x128 max=2048x2048 desiredFormat=0 texId=0x0 texUnique=4 status=3(WantUpdates) fmt=0 512x512 bpp=4 pixels=0x7213E8C0D8C0 bytes=1048576 updates=8 used=(0,0 511x390) update=(0,252 431x57) useColors=0 uvScale=(0.001953,0.001953) white=(0.069336,0.000977)
[2026-09-24 13:13:54.196] [info] Atlas built: 512x512 (32 bpp, 1 MB)
[2026-09-24 13:13:54.196] [info] Font image allocated: image=0x7213FCCAC020 512x512 depth=32 stride=2048 pixels=0x7213E6C5B000
[2026-09-24 13:13:54.196] [info] Font image copy: srcStride=2048 dstStride=2048 copyStride=2048 rows=512
[2026-09-24 13:13:54.196] [info] Font raster created: raster=0x7213E8E9D0A0 requested=512x512
[2026-09-24 13:13:54.196] [info] RwRasterSetFromImage OK: input=0x7213E8E9D0A0 final=0x7213E8E9D0A0
[2026-09-24 13:13:54.196] [info] Font TexData bound to local RenderWare raster: texData=0x7213EC452B00 texId=0x7213E8E9D0A0 status=0(OK)
[2026-09-24 13:13:54.196] [info] Atlas width 512
[2026-09-24 13:13:54.196] [info] Atlas height 512
[2026-09-24 13:13:54.198] [info] Font atlas WantUpdates: re-uploading 512x512, rebuild #52
[2026-09-24 13:13:54.198] [info] Destroying font raster: raster=0x7213E8E9D0A0
[2026-09-24 13:13:54.198] [info] Font atlas diag [destroy-before]: fonts=24 sources=42 texList=1 built=0 locked=0 rendererHasTextures=1 flags=0x0 min=512x128 max=2048x2048 desiredFormat=0 texId=0x7213E8E9D0A0 texUnique=4 status=3(WantUpdates) fmt=0 512x512 bpp=4 pixels=0x7213E8C0D8C0 bytes=1048576 updates=8 used=(0,0 511x390) update=(53,251 457x46) useColors=0 uvScale=(0.001953,0.001953) white=(0.069336,0.000977)
[2026-09-24 13:13:54.198] [info] Font atlas diag [destroy-after]: fonts=24 sources=42 texList=1 built=0 locked=0 rendererHasTextures=1 flags=0x0 min=512x128 max=2048x2048 desiredFormat=0 texId=0x0 texUnique=4 status=3(WantUpdates) fmt=0 512x512 bpp=4 pixels=0x7213E8C0D8C0 bytes=1048576 updates=8 used=(0,0 511x390) update=(53,251 457x46) useColors=0 uvScale=(0.001953,0.001953) white=(0.069336,0.000977)
[2026-09-24 13:13:54.198] [info] ImGuiWrapper::createFontTexture
[2026-09-24 13:13:54.198] [info] Font atlas diag [createTexture-before-getTexData]: fonts=24 sources=42 texList=1 built=0 locked=0 rendererHasTextures=1 flags=0x0 min=512x128 max=2048x2048 desiredFormat=0 texId=0x0 texUnique=4 status=3(WantUpdates) fmt=0 512x512 bpp=4 pixels=0x7213E8C0D8C0 bytes=1048576 updates=8 used=(0,0 511x390) update=(53,251 457x46) useColors=0 uvScale=(0.001953,0.001953) white=(0.069336,0.000977)
[2026-09-24 13:13:54.198] [info] Font atlas diag [createTexture-after-getTexData]: fonts=24 sources=42 texList=1 built=1 locked=0 rendererHasTextures=1 flags=0x0 min=512x128 max=2048x2048 desiredFormat=0 texId=0x0 texUnique=4 status=3(WantUpdates) fmt=0 512x512 bpp=4 pixels=0x7213E8C0D8C0 bytes=1048576 updates=8 used=(0,0 511x390) update=(53,251 457x46) useColors=0 uvScale=(0.001953,0.001953) white=(0.069336,0.000977)
[2026-09-24 13:13:54.198] [info] Atlas built: 512x512 (32 bpp, 1 MB)
[2026-09-24 13:13:54.198] [info] Font image allocated: image=0x7213FCCAC020 512x512 depth=32 stride=2048 pixels=0x7213E6C5B940
[2026-09-24 13:13:54.198] [info] Font image copy: srcStride=2048 dstStride=2048 copyStride=2048 rows=512
[2026-09-24 13:13:54.199] [info] Font raster created: raster=0x7213E8E9D0A0 requested=512x512
[2026-09-24 13:13:54.199] [info] RwRasterSetFromImage OK: input=0x7213E8E9D0A0 final=0x7213E8E9D0A0
[2026-09-24 13:13:54.199] [info] Font TexData bound to local RenderWare raster: texData=0x7213EC452B00 texId=0x7213E8E9D0A0 status=0(OK)
[2026-09-24 13:13:54.199] [info] Atlas width 512
[2026-09-24 13:13:54.199] [info] Atlas height 512
[2026-09-24 13:13:54.200] [info] Font atlas WantUpdates: re-uploading 512x512, rebuild #53
[2026-09-24 13:13:54.200] [info] Destroying font raster: raster=0x7213E8E9D0A0
[2026-09-24 13:13:54.200] [info] Font atlas diag [destroy-before]: fonts=24 sources=42 texList=1 built=0 locked=0 rendererHasTextures=1 flags=0x0 min=512x128 max=2048x2048 desiredFormat=0 texId=0x7213E8E9D0A0 texUnique=4 status=3(WantUpdates) fmt=0 512x512 bpp=4 pixels=0x7213E8C0D8C0 bytes=1048576 updates=3 used=(0,0 511x390) update=(432,263 69x35) useColors=0 uvScale=(0.001953,0.001953) white=(0.069336,0.000977)
[2026-09-24 13:13:54.200] [info] Font atlas diag [destroy-after]: fonts=24 sources=42 texList=1 built=0 locked=0 rendererHasTextures=1 flags=0x0 min=512x128 max=2048x2048 desiredFormat=0 texId=0x0 texUnique=4 status=3(WantUpdates) fmt=0 512x512 bpp=4 pixels=0x7213E8C0D8C0 bytes=1048576 updates=3 used=(0,0 511x390) update=(432,263 69x35) useColors=0 uvScale=(0.001953,0.001953) white=(0.069336,0.000977)
[2026-09-24 13:13:54.200] [info] ImGuiWrapper::createFontTexture
[2026-09-24 13:13:54.200] [info] Font atlas diag [createTexture-before-getTexData]: fonts=24 sources=42 texList=1 built=0 locked=0 rendererHasTextures=1 flags=0x0 min=512x128 max=2048x2048 desiredFormat=0 texId=0x0 texUnique=4 status=3(WantUpdates) fmt=0 512x512 bpp=4 pixels=0x7213E8C0D8C0 bytes=1048576 updates=3 used=(0,0 511x390) update=(432,263 69x35) useColors=0 uvScale=(0.001953,0.001953) white=(0.069336,0.000977)
[2026-09-24 13:13:54.200] [info] Font atlas diag [createTexture-after-getTexData]: fonts=24 sources=42 texList=1 built=1 locked=0 rendererHasTextures=1 flags=0x0 min=512x128 max=2048x2048 desiredFormat=0 texId=0x0 texUnique=4 status=3(WantUpdates) fmt=0 512x512 bpp=4 pixels=0x7213E8C0D8C0 bytes=1048576 updates=3 used=(0,0 511x390) update=(432,263 69x35) useColors=0 uvScale=(0.001953,0.001953) white=(0.069336,0.000977)
[2026-09-24 13:13:54.200] [info] Atlas built: 512x512 (32 bpp, 1 MB)
[2026-09-24 13:13:54.200] [info] Font image allocated: image=0x7213FCCAC020 512x512 depth=32 stride=2048 pixels=0x7213E6C5BB80
[2026-09-24 13:13:54.200] [info] Font image copy: srcStride=2048 dstStride=2048 copyStride=2048 rows=512
[2026-09-24 13:13:54.200] [info] Font raster created: raster=0x7213E8E9D0A0 requested=512x512
[2026-09-24 13:13:54.200] [info] RwRasterSetFromImage OK: input=0x7213E8E9D0A0 final=0x7213E8E9D0A0
[2026-09-24 13:13:54.200] [info] Font TexData bound to local RenderWare raster: texData=0x7213EC452B00 texId=0x7213E8E9D0A0 status=0(OK)
[2026-09-24 13:13:54.200] [info] Atlas width 512
[2026-09-24 13:13:54.200] [info] Atlas height 512
[2026-09-24 13:13:54.202] [info] Font atlas WantUpdates: re-uploading 512x512, rebuild #54
[2026-09-24 13:13:54.202] [info] Destroying font raster: raster=0x7213E8E9D0A0
[2026-09-24 13:13:54.202] [info] Font atlas diag [destroy-before]: fonts=24 sources=42 texList=1 built=0 locked=0 rendererHasTextures=1 flags=0x0 min=512x128 max=2048x2048 desiredFormat=0 texId=0x7213E8E9D0A0 texUnique=4 status=3(WantUpdates) fmt=0 512x512 bpp=4 pixels=0x7213E8C0D8C0 bytes=1048576 updates=1 used=(0,0 511x427) update=(374,299 129x128) useColors=0 uvScale=(0.001953,0.001953) white=(0.069336,0.000977)
[2026-09-24 13:13:54.202] [info] Font atlas diag [destroy-after]: fonts=24 sources=42 texList=1 built=0 locked=0 rendererHasTextures=1 flags=0x0 min=512x128 max=2048x2048 desiredFormat=0 texId=0x0 texUnique=4 status=3(WantUpdates) fmt=0 512x512 bpp=4 pixels=0x7213E8C0D8C0 bytes=1048576 updates=1 used=(0,0 511x427) update=(374,299 129x128) useColors=0 uvScale=(0.001953,0.001953) white=(0.069336,0.000977)
[2026-09-24 13:13:54.202] [info] ImGuiWrapper::createFontTexture
[2026-09-24 13:13:54.202] [info] Font atlas diag [createTexture-before-getTexData]: fonts=24 sources=42 texList=1 built=0 locked=0 rendererHasTextures=1 flags=0x0 min=512x128 max=2048x2048 desiredFormat=0 texId=0x0 texUnique=4 status=3(WantUpdates) fmt=0 512x512 bpp=4 pixels=0x7213E8C0D8C0 bytes=1048576 updates=1 used=(0,0 511x427) update=(374,299 129x128) useColors=0 uvScale=(0.001953,0.001953) white=(0.069336,0.000977)
[2026-09-24 13:13:54.202] [info] Font atlas diag [createTexture-after-getTexData]: fonts=24 sources=42 texList=1 built=1 locked=0 rendererHasTextures=1 flags=0x0 min=512x128 max=2048x2048 desiredFormat=0 texId=0x0 texUnique=4 status=3(WantUpdates) fmt=0 512x512 bpp=4 pixels=0x7213E8C0D8C0 bytes=1048576 updates=1 used=(0,0 511x427) update=(374,299 129x128) useColors=0 uvScale=(0.001953,0.001953) white=(0.069336,0.000977)
[2026-09-24 13:13:54.202] [info] Atlas built: 512x512 (32 bpp, 1 MB)
[2026-09-24 13:13:54.202] [info] Font image allocated: image=0x7213FCCAC020 512x512 depth=32 stride=2048 pixels=0x7213E6C5B0C0
[2026-09-24 13:13:54.202] [info] Font image copy: srcStride=2048 dstStride=2048 copyStride=2048 rows=512
[2026-09-24 13:13:54.202] [info] Font raster created: raster=0x7213E8E9D0A0 requested=512x512
[2026-09-24 13:13:54.203] [info] RwRasterSetFromImage OK: input=0x7213E8E9D0A0 final=0x7213E8E9D0A0
[2026-09-24 13:13:54.203] [info] Font TexData bound to local RenderWare raster: texData=0x7213EC452B00 texId=0x7213E8E9D0A0 status=0(OK)
[2026-09-24 13:13:54.203] [info] Atlas width 512
[2026-09-24 13:13:54.203] [info] Atlas height 512
[2026-09-24 13:13:54.203] [info] Font atlas WantUpdates: re-uploading 512x512, rebuild #55
[2026-09-24 13:13:54.203] [info] Destroying font raster: raster=0x7213E8E9D0A0
[2026-09-24 13:13:54.203] [info] Font atlas diag [destroy-before]: fonts=24 sources=42 texList=1 built=0 locked=0 rendererHasTextures=1 flags=0x0 min=512x128 max=2048x2048 desiredFormat=0 texId=0x7213E8E9D0A0 texUnique=4 status=3(WantUpdates) fmt=0 512x512 bpp=4 pixels=0x7213E8C0D8C0 bytes=1048576 updates=1 used=(0,0 511x427) update=(294,289 16x20) useColors=0 uvScale=(0.001953,0.001953) white=(0.069336,0.000977)
[2026-09-24 13:13:54.203] [info] Font atlas diag [destroy-after]: fonts=24 sources=42 texList=1 built=0 locked=0 rendererHasTextures=1 flags=0x0 min=512x128 max=2048x2048 desiredFormat=0 texId=0x0 texUnique=4 status=3(WantUpdates) fmt=0 512x512 bpp=4 pixels=0x7213E8C0D8C0 bytes=1048576 updates=1 used=(0,0 511x427) update=(294,289 16x20) useColors=0 uvScale=(0.001953,0.001953) white=(0.069336,0.000977)
[2026-09-24 13:13:54.203] [info] ImGuiWrapper::createFontTexture
[2026-09-24 13:13:54.203] [info] Font atlas diag [createTexture-before-getTexData]: fonts=24 sources=42 texList=1 built=0 locked=0 rendererHasTextures=1 flags=0x0 min=512x128 max=2048x2048 desiredFormat=0 texId=0x0 texUnique=4 status=3(WantUpdates) fmt=0 512x512 bpp=4 pixels=0x7213E8C0D8C0 bytes=1048576 updates=1 used=(0,0 511x427) update=(294,289 16x20) useColors=0 uvScale=(0.001953,0.001953) white=(0.069336,0.000977)
[2026-09-24 13:13:54.203] [info] Font atlas diag [createTexture-after-getTexData]: fonts=24 sources=42 texList=1 built=1 locked=0 rendererHasTextures=1 flags=0x0 min=512x128 max=2048x2048 desiredFormat=0 texId=0x0 texUnique=4 status=3(WantUpdates) fmt=0 512x512 bpp=4 pixels=0x7213E8C0D8C0 bytes=1048576 updates=1 used=(0,0 511x427) update=(294,289 16x20) useColors=0 uvScale=(0.001953,0.001953) white=(0.069336,0.000977)
[2026-09-24 13:13:54.203] [info] Atlas built: 512x512 (32 bpp, 1 MB)
[2026-09-24 13:13:54.203] [info] Font image allocated: image=0x7213FCCAC020 512x512 depth=32 stride=2048 pixels=0x7213E6C5BA40
[2026-09-24 13:13:54.203] [info] Font image copy: srcStride=2048 dstStride=2048 copyStride=2048 rows=512
[2026-09-24 13:13:54.204] [info] Font raster created: raster=0x7213E8E9D0A0 requested=512x512
[2026-09-24 13:13:54.204] [info] RwRasterSetFromImage OK: input=0x7213E8E9D0A0 final=0x7213E8E9D0A0
[2026-09-24 13:13:54.204] [info] Font TexData bound to local RenderWare raster: texData=0x7213EC452B00 texId=0x7213E8E9D0A0 status=0(OK)
[2026-09-24 13:13:54.204] [info] Atlas width 512
[2026-09-24 13:13:54.204] [info] Atlas height 512
[2026-09-24 13:13:54.612] [info] [CONN] dispatched pkt id=0xD0 len=5 (gameState=5)
[2026-09-24 13:13:55.560] [info] Font atlas WantUpdates: re-uploading 512x512, rebuild #56
[2026-09-24 13:13:55.560] [info] Destroying font raster: raster=0x7213E8E9D0A0
[2026-09-24 13:13:55.560] [info] Font atlas diag [destroy-before]: fonts=24 sources=42 texList=1 built=0 locked=0 rendererHasTextures=1 flags=0x0 min=512x128 max=2048x2048 desiredFormat=0 texId=0x7213E8E9D0A0 texUnique=4 status=3(WantUpdates) fmt=0 512x512 bpp=4 pixels=0x7213E8C0D8C0 bytes=1048576 updates=8 used=(0,0 511x427) update=(0,274 327x61) useColors=0 uvScale=(0.001953,0.001953) white=(0.069336,0.000977)
[2026-09-24 13:13:55.560] [info] Font atlas diag [destroy-after]: fonts=24 sources=42 texList=1 built=0 locked=0 rendererHasTextures=1 flags=0x0 min=512x128 max=2048x2048 desiredFormat=0 texId=0x0 texUnique=4 status=3(WantUpdates) fmt=0 512x512 bpp=4 pixels=0x7213E8C0D8C0 bytes=1048576 updates=8 used=(0,0 511x427) update=(0,274 327x61) useColors=0 uvScale=(0.001953,0.001953) white=(0.069336,0.000977)
[2026-09-24 13:13:55.560] [info] ImGuiWrapper::createFontTexture
[2026-09-24 13:13:55.560] [info] Font atlas diag [createTexture-before-getTexData]: fonts=24 sources=42 texList=1 built=0 locked=0 rendererHasTextures=1 flags=0x0 min=512x128 max=2048x2048 desiredFormat=0 texId=0x0 texUnique=4 status=3(WantUpdates) fmt=0 512x512 bpp=4 pixels=0x7213E8C0D8C0 bytes=1048576 updates=8 used=(0,0 511x427) update=(0,274 327x61) useColors=0 uvScale=(0.001953,0.001953) white=(0.069336,0.000977)
[2026-09-24 13:13:55.560] [info] Font atlas diag [createTexture-after-getTexData]: fonts=24 sources=42 texList=1 built=1 locked=0 rendererHasTextures=1 flags=0x0 min=512x128 max=2048x2048 desiredFormat=0 texId=0x0 texUnique=4 status=3(WantUpdates) fmt=0 512x512 bpp=4 pixels=0x7213E8C0D8C0 bytes=1048576 updates=8 used=(0,0 511x427) update=(0,274 327x61) useColors=0 uvScale=(0.001953,0.001953) white=(0.069336,0.000977)
[2026-09-24 13:13:55.560] [info] Atlas built: 512x512 (32 bpp, 1 MB)
[2026-09-24 13:13:55.560] [info] Font image allocated: image=0x7213FCCAC020 512x512 depth=32 stride=2048 pixels=0x7213E6A0D880
[2026-09-24 13:13:55.560] [info] Font image copy: srcStride=2048 dstStride=2048 copyStride=2048 rows=512
[2026-09-24 13:13:55.561] [info] Font raster created: raster=0x7213EB8ADB30 requested=512x512
[2026-09-24 13:13:55.561] [info] RwRasterSetFromImage OK: input=0x7213EB8ADB30 final=0x7213EB8ADB30
[2026-09-24 13:13:55.561] [info] Font TexData bound to local RenderWare raster: texData=0x7213EC452B00 texId=0x7213EB8ADB30 status=0(OK)
[2026-09-24 13:13:55.561] [info] Atlas width 512
[2026-09-24 13:13:55.561] [info] Atlas height 512
[2026-09-24 13:13:55.601] [info] Font atlas WantUpdates: re-uploading 512x512, rebuild #57
[2026-09-24 13:13:55.601] [info] Destroying font raster: raster=0x7213EB8ADB30
[2026-09-24 13:13:55.601] [info] Font atlas diag [destroy-before]: fonts=24 sources=42 texList=1 built=0 locked=0 rendererHasTextures=1 flags=0x0 min=512x128 max=2048x2048 desiredFormat=0 texId=0x7213EB8ADB30 texUnique=4 status=3(WantUpdates) fmt=0 512x512 bpp=4 pixels=0x7213E8C0D8C0 bytes=1048576 updates=5 used=(0,0 511x427) update=(98,300 267x61) useColors=0 uvScale=(0.001953,0.001953) white=(0.069336,0.000977)
[2026-09-24 13:13:55.601] [info] Font atlas diag [destroy-after]: fonts=24 sources=42 texList=1 built=0 locked=0 rendererHasTextures=1 flags=0x0 min=512x128 max=2048x2048 desiredFormat=0 texId=0x0 texUnique=4 status=3(WantUpdates) fmt=0 512x512 bpp=4 pixels=0x7213E8C0D8C0 bytes=1048576 updates=5 used=(0,0 511x427) update=(98,300 267x61) useColors=0 uvScale=(0.001953,0.001953) white=(0.069336,0.000977)
[2026-09-24 13:13:55.601] [info] ImGuiWrapper::createFontTexture
[2026-09-24 13:13:55.601] [info] Font atlas diag [createTexture-before-getTexData]: fonts=24 sources=42 texList=1 built=0 locked=0 rendererHasTextures=1 flags=0x0 min=512x128 max=2048x2048 desiredFormat=0 texId=0x0 texUnique=4 status=3(WantUpdates) fmt=0 512x512 bpp=4 pixels=0x7213E8C0D8C0 bytes=1048576 updates=5 used=(0,0 511x427) update=(98,300 267x61) useColors=0 uvScale=(0.001953,0.001953) white=(0.069336,0.000977)
[2026-09-24 13:13:55.602] [info] Font atlas diag [createTexture-after-getTexData]: fonts=24 sources=42 texList=1 built=1 locked=0 rendererHasTextures=1 flags=0x0 min=512x128 max=2048x2048 desiredFormat=0 texId=0x0 texUnique=4 status=3(WantUpdates) fmt=0 512x512 bpp=4 pixels=0x7213E8C0D8C0 bytes=1048576 updates=5 used=(0,0 511x427) update=(98,300 267x61) useColors=0 uvScale=(0.001953,0.001953) white=(0.069336,0.000977)
[2026-09-24 13:13:55.602] [info] Atlas built: 512x512 (32 bpp, 1 MB)
[2026-09-24 13:13:55.602] [info] Font image allocated: image=0x7213FCCAC020 512x512 depth=32 stride=2048 pixels=0x7213E6A0DA00
[2026-09-24 13:13:55.602] [info] Font image copy: srcStride=2048 dstStride=2048 copyStride=2048 rows=512
[2026-09-24 13:13:55.602] [info] Font raster created: raster=0x7213EB8ADB30 requested=512x512
[2026-09-24 13:13:55.602] [info] RwRasterSetFromImage OK: input=0x7213EB8ADB30 final=0x7213EB8ADB30
[2026-09-24 13:13:55.602] [info] Font TexData bound to local RenderWare raster: texData=0x7213EC452B00 texId=0x7213EB8ADB30 status=0(OK)
[2026-09-24 13:13:55.602] [info] Atlas width 512
[2026-09-24 13:13:55.602] [info] Atlas height 512
[2026-09-24 13:13:55.658] [warning] Vehicle destructor: handle 0 no longer resolves, nothing to destroy
[2026-09-24 13:13:55.658] [info] VehiclePool::New: failed to create vehicle 85
[2026-09-24 13:13:55.658] [warning] VehicleParamsEx: Vehicle 85 not found in pool
[2026-09-24 13:13:55.658] [warning] Vehicle destructor: handle 0 no longer resolves, nothing to destroy
[2026-09-24 13:13:55.659] [info] VehiclePool::New: failed to create vehicle 88
[2026-09-24 13:13:55.659] [warning] VehicleParamsEx: Vehicle 88 not found in pool
[2026-09-24 13:13:55.714] [warning] Vehicle destructor: handle 0 no longer resolves, nothing to destroy
[2026-09-24 13:13:55.715] [info] VehiclePool::New: failed to create vehicle 93
[2026-09-24 13:13:55.715] [warning] VehicleParamsEx: Vehicle 93 not found in pool
[2026-09-24 13:13:55.771] [warning] Vehicle destructor: handle 0 no longer resolves, nothing to destroy
[2026-09-24 13:13:55.771] [info] VehiclePool::New: failed to create vehicle 94
[2026-09-24 13:13:55.771] [warning] VehicleParamsEx: Vehicle 94 not found in pool
[2026-09-24 13:13:55.771] [warning] Vehicle destructor: handle 0 no longer resolves, nothing to destroy
[2026-09-24 13:13:55.771] [info] VehiclePool::New: failed to create vehicle 95
[2026-09-24 13:13:55.771] [warning] VehicleParamsEx: Vehicle 95 not found in pool
[2026-09-24 13:13:55.772] [warning] [SET_NUMBERPLATE] Model 481 has no plate material
[2026-09-24 13:13:55.772] [warning] [SET_NUMBERPLATE] Model 468 has no plate material
[2026-09-24 13:13:55.773] [warning] [SET_NUMBERPLATE] Model 468 has no plate material
[2026-09-24 13:13:55.773] [info] DLShowActor: actor 0 base 168 custom 59999564 -> wire 59999564
[2026-09-24 13:13:55.773] [error] Actor::Actor: Invalid skin model: 59999564
[2026-09-24 13:13:55.783] [info] [LIGHTPROBE] model=-1 frame="handlebars" geom=0x7213e9ac9b60 atomicId=0x0 upgrade=0 objFlags=0x5 stockGate=1 materials=3 ms_pLightsTexture=0x7214201c1f68 ms_pLightsOnTexture=0x7214201c1fd0 ms_lightsOn=[0,1,0,0]
[2026-09-24 13:13:55.783] [info] [LIGHTPROBE]   mat[0] tex 0x7214201c2038 "vehiclegrunge256" -> 0x7214201c2038 "vehiclegrunge256" | rgba (60,255,0,255) -> (132,4,16,255) | wasStockLights=0 isStockLights=0 isStockLightsOn=0 lensMarker=0 bodyMarker=1
[2026-09-24 13:13:55.783] [info] [LIGHTPROBE]   mat[1] tex 0x7214201c2990 "vehiclegeneric256" -> 0x7214201c2990 "vehiclegeneric256" | rgba (255,255,255,255) -> (255,255,255,255) | wasStockLights=0 isStockLights=0 isStockLightsOn=0 lensMarker=0 bodyMarker=0
[2026-09-24 13:13:55.783] [info] [LIGHTPROBE]   mat[2] tex 0x7214201c2990 "vehiclegeneric256" -> 0x7214201c2990 "vehiclegeneric256" | rgba (255,255,255,255) -> (255,255,255,255) | wasStockLights=0 isStockLights=0 isStockLightsOn=0 lensMarker=0 bodyMarker=0
[2026-09-24 13:13:55.783] [info] [LIGHTPROBE] model=-1 frame="chassis" geom=0x7213e9ac9e00 atomicId=0x0 upgrade=0 objFlags=0x5 stockGate=1 materials=7 ms_pLightsTexture=0x7214201c1f68 ms_pLightsOnTexture=0x7214201c1fd0 ms_lightsOn=[0,1,0,0]
[2026-09-24 13:13:55.783] [info] [LIGHTPROBE]   mat[0] tex 0x7214201c2990 "vehiclegeneric256" -> 0x7214201c2990 "vehiclegeneric256" | rgba (255,255,255,255) -> (255,255,255,255) | wasStockLights=0 isStockLights=0 isStockLightsOn=0 lensMarker=0 bodyMarker=0
[2026-09-24 13:13:55.783] [info] [LIGHTPROBE]   mat[1] tex 0x0 "" -> 0x0 "" | rgba (0,0,0,255) -> (0,0,0,255) | wasStockLights=0 isStockLights=0 isStockLightsOn=0 lensMarker=0 bodyMarker=0
[2026-09-24 13:13:55.783] [info] [LIGHTPROBE]   mat[2] tex 0x7214201c2038 "vehiclegrunge256" -> 0x7214201c2038 "vehiclegrunge256" | rgba (60,255,0,255) -> (132,4,16,255) | wasStockLights=0 isStockLights=0 isStockLightsOn=0 lensMarker=0 bodyMarker=1
[2026-09-24 13:13:55.783] [info] [LIGHTPROBE]   mat[3] tex 0x7213e6c96110 "sanchez92metal128" -> 0x7213e6c96110 "sanchez92metal128" | rgba (255,255,255,255) -> (255,255,255,255) | wasStockLights=0 isStockLights=0 isStockLightsOn=0 lensMarker=0 bodyMarker=0
[2026-09-24 13:13:55.783] [info] [LIGHTPROBE]   mat[4] tex 0x7214201c1f68 "vehiclelights128" -> 0x7214201c1f68 "vehiclelights128" | rgba (185,255,0,255) -> (255,255,255,255) | wasStockLights=1 isStockLights=1 isStockLightsOn=0 lensMarker=1 bodyMarker=0
[2026-09-24 13:13:55.783] [info] [LIGHTPROBE]   mat[5] tex 0x7214201c2990 "vehiclegeneric256" -> 0x7214201c2990 "vehiclegeneric256" | rgba (255,255,255,255) -> (255,255,255,255) | wasStockLights=0 isStockLights=0 isStockLightsOn=0 lensMarker=0 bodyMarker=0
[2026-09-24 13:13:55.783] [info] [LIGHTPROBE]   mat[6] tex 0x7214201c2990 "vehiclegeneric256" -> 0x7214201c2990 "vehiclegeneric256" | rgba (255,255,255,255) -> (255,255,255,255) | wasStockLights=0 isStockLights=0 isStockLightsOn=0 lensMarker=0 bodyMarker=0
[2026-09-24 13:13:55.783] [info] [LIGHTPROBE] model=-1 frame="forks_front" geom=0x7213e9aca5e0 atomicId=0x0 upgrade=0 objFlags=0x5 stockGate=1 materials=6 ms_pLightsTexture=0x7214201c1f68 ms_pLightsOnTexture=0x7214201c1fd0 ms_lightsOn=[0,1,0,0]
[2026-09-24 13:13:55.783] [info] [LIGHTPROBE]   mat[0] tex 0x7214201c2990 "vehiclegeneric256" -> 0x7214201c2990 "vehiclegeneric256" | rgba (255,255,255,255) -> (255,255,255,255) | wasStockLights=0 isStockLights=0 isStockLightsOn=0 lensMarker=0 bodyMarker=0
[2026-09-24 13:13:55.783] [info] [LIGHTPROBE]   mat[1] tex 0x0 "" -> 0x0 "" | rgba (0,0,0,255) -> (0,0,0,255) | wasStockLights=0 isStockLights=0 isStockLightsOn=0 lensMarker=0 bodyMarker=0
[2026-09-24 13:13:55.783] [info] [LIGHTPROBE]   mat[2] tex 0x7214201c2038 "vehiclegrunge256" -> 0x7214201c2038 "vehiclegrunge256" | rgba (60,255,0,255) -> (132,4,16,255) | wasStockLights=0 isStockLights=0 isStockLightsOn=0 lensMarker=0 bodyMarker=1
[2026-09-24 13:13:55.783] [info] [LIGHTPROBE]   mat[3] tex 0x7214201c1f68 "vehiclelights128" -> 0x7214201c1f68 "vehiclelights128" | rgba (255,175,0,255) -> (255,255,255,255) | wasStockLights=1 isStockLights=1 isStockLightsOn=0 lensMarker=1 bodyMarker=0
[2026-09-24 13:13:55.784] [info] [LIGHTPROBE]   mat[4] tex 0x7214201c2990 "vehiclegeneric256" -> 0x7214201c2990 "vehiclegeneric256" | rgba (255,255,255,255) -> (255,255,255,255) | wasStockLights=0 isStockLights=0 isStockLightsOn=0 lensMarker=0 bodyMarker=0
[2026-09-24 13:13:55.784] [info] [LIGHTPROBE]   mat[5] tex 0x7214201c2990 "vehiclegeneric256" -> 0x7214201c2990 "vehiclegeneric256" | rgba (255,255,255,255) -> (255,255,255,255) | wasStockLights=0 isStockLights=0 isStockLightsOn=0 lensMarker=0 bodyMarker=0
[2026-09-24 13:13:55.784] [info] [LIGHTPROBE] model=-1 frame="door_lf_dummy" geom=0x72142014f040 atomicId=0x8285 upgrade=0 objFlags=0x5 stockGate=1 materials=8 ms_pLightsTexture=0x7214201c1f68 ms_pLightsOnTexture=0x7214201c1fd0 ms_lightsOn=[0,0,0,0]
[2026-09-24 13:13:55.784] [info] [LIGHTPROBE]   mat[0] tex 0x7214201c1f00 "white" -> 0x7214201c1f00 "white" | rgba (0,0,0,255) -> (0,0,0,255) | wasStockLights=0 isStockLights=0 isStockLightsOn=0 lensMarker=0 bodyMarker=0
[2026-09-24 13:13:55.784] [info] [LIGHTPROBE]   mat[1] tex 0x7213e8574d80 "landstal92wood" -> 0x7213e8574d80 "landstal92wood" | rgba (255,255,255,255) -> (255,255,255,255) | wasStockLights=0 isStockLights=0 isStockLightsOn=0 lensMarker=0 bodyMarker=0
[2026-09-24 13:13:55.784] [info] [LIGHTPROBE]   mat[2] tex 0x7214201c2038 "vehiclegrunge256" -> 0x7214201c2038 "vehiclegrunge256" | rgba (60,255,0,255) -> (132,4,16,255) | wasStockLights=0 isStockLights=0 isStockLightsOn=0 lensMarker=0 bodyMarker=1
[2026-09-24 13:13:55.784] [info] [LIGHTPROBE]   mat[3] tex 0x7213e8574d18 "landstal92interior128" -> 0x7213e8574d18 "landstal92interior128" | rgba (255,255,255,255) -> (255,255,255,255) | wasStockLights=0 isStockLights=0 isStockLightsOn=0 lensMarker=0 bodyMarker=0
[2026-09-24 13:13:55.784] [info] [LIGHTPROBE]   mat[4] tex 0x7214201c1f68 "vehiclelights128" -> 0x7214201c1f68 "vehiclelights128" | rgba (255,255,255,255) -> (255,255,255,255) | wasStockLights=1 isStockLights=1 isStockLightsOn=0 lensMarker=0 bodyMarker=0
[2026-09-24 13:13:55.784] [info] [LIGHTPROBE]   mat[5] tex 0x7214201c2990 "vehiclegeneric256" -> 0x7214201c2990 "vehiclegeneric256" | rgba (255,255,255,255) -> (255,255,255,255) | wasStockLights=0 isStockLights=0 isStockLightsOn=0 lensMarker=0 bodyMarker=0
[2026-09-24 13:13:55.784] [info] [LIGHTPROBE]   mat[6] tex 0x7214201c2990 "vehiclegeneric256" -> 0x7214201c2990 "vehiclegeneric256" | rgba (255,255,255,255) -> (255,255,255,255) | wasStockLights=0 isStockLights=0 isStockLightsOn=0 lensMarker=0 bodyMarker=0
[2026-09-24 13:13:55.784] [info] [LIGHTPROBE]   mat[7] tex 0x7214201c2990 "vehiclegeneric256" -> 0x7214201c2990 "vehiclegeneric256" | rgba (255,255,255,128) -> (255,255,255,128) | wasStockLights=0 isStockLights=0 isStockLightsOn=0 lensMarker=0 bodyMarker=0
[2026-09-24 13:13:55.784] [info] [LIGHTPROBE] model=-1 frame="door_rf_dummy" geom=0x72142014f580 atomicId=0x8289 upgrade=0 objFlags=0x5 stockGate=1 materials=8 ms_pLightsTexture=0x7214201c1f68 ms_pLightsOnTexture=0x7214201c1fd0 ms_lightsOn=[0,0,0,0]
[2026-09-24 13:13:55.784] [info] [LIGHTPROBE]   mat[0] tex 0x7214201c1f00 "white" -> 0x7214201c1f00 "white" | rgba (0,0,0,255) -> (0,0,0,255) | wasStockLights=0 isStockLights=0 isStockLightsOn=0 lensMarker=0 bodyMarker=0
[2026-09-24 13:13:55.784] [info] [LIGHTPROBE]   mat[1] tex 0x7213e8574d80 "landstal92wood" -> 0x7213e8574d80 "landstal92wood" | rgba (255,255,255,255) -> (255,255,255,255) | wasStockLights=0 isStockLights=0 isStockLightsOn=0 lensMarker=0 bodyMarker=0
[2026-09-24 13:13:55.784] [info] [LIGHTPROBE]   mat[2] tex 0x7214201c2038 "vehiclegrunge256" -> 0x7214201c2038 "vehiclegrunge256" | rgba (60,255,0,255) -> (132,4,16,255) | wasStockLights=0 isStockLights=0 isStockLightsOn=0 lensMarker=0 bodyMarker=1
[2026-09-24 13:13:55.784] [info] [LIGHTPROBE]   mat[3] tex 0x7213e8574d18 "landstal92interior128" -> 0x7213e8574d18 "landstal92interior128" | rgba (255,255,255,255) -> (255,255,255,255) | wasStockLights=0 isStockLights=0 isStockLightsOn=0 lensMarker=0 bodyMarker=0
[2026-09-24 13:13:55.784] [info] [LIGHTPROBE]   mat[4] tex 0x7214201c1f68 "vehiclelights128" -> 0x7214201c1f68 "vehiclelights128" | rgba (255,255,255,255) -> (255,255,255,255) | wasStockLights=1 isStockLights=1 isStockLightsOn=0 lensMarker=0 bodyMarker=0
[2026-09-24 13:13:55.784] [info] [LIGHTPROBE]   mat[5] tex 0x7214201c2990 "vehiclegeneric256" -> 0x7214201c2990 "vehiclegeneric256" | rgba (255,255,255,255) -> (255,255,255,255) | wasStockLights=0 isStockLights=0 isStockLightsOn=0 lensMarker=0 bodyMarker=0
[2026-09-24 13:13:55.784] [info] [LIGHTPROBE]   mat[6] tex 0x7214201c2990 "vehiclegeneric256" -> 0x7214201c2990 "vehiclegeneric256" | rgba (255,255,255,255) -> (255,255,255,255) | wasStockLights=0 isStockLights=0 isStockLightsOn=0 lensMarker=0 bodyMarker=0
[2026-09-24 13:13:55.784] [info] [LIGHTPROBE]   mat[7] tex 0x7214201c2990 "vehiclegeneric256" -> 0x7214201c2990 "vehiclegeneric256" | rgba (255,255,255,128) -> (255,255,255,128) | wasStockLights=0 isStockLights=0 isStockLightsOn=0 lensMarker=0 bodyMarker=0
[2026-09-24 13:13:55.784] [info] [LIGHTPROBE] model=-1 frame="chassis" geom=0x7213e8da4260 atomicId=0x0 upgrade=0 objFlags=0x5 stockGate=1 materials=16 ms_pLightsTexture=0x7214201c1f68 ms_pLightsOnTexture=0x7214201c1fd0 ms_lightsOn=[0,0,0,0]
[2026-09-24 13:13:55.784] [info] [LIGHTPROBE]   mat[0] tex 0x7214201c2990 "vehiclegeneric256" -> 0x7214201c2990 "vehiclegeneric256" | rgba (60,255,0,255) -> (132,4,16,255) | wasStockLights=0 isStockLights=0 isStockLightsOn=0 lensMarker=0 bodyMarker=1
[2026-09-24 13:13:55.784] [info] [LIGHTPROBE]   mat[1] tex 0x7214201c2b30 "vehiclesteering128" -> 0x7214201c2b30 "vehiclesteering128" | rgba (255,255,255,255) -> (255,255,255,255) | wasStockLights=0 isStockLights=0 isStockLightsOn=0 lensMarker=0 bodyMarker=0
[2026-09-24 13:13:55.784] [info] [LIGHTPROBE]   mat[2] tex 0x7214201c1f00 "white" -> 0x7214201c1f00 "white" | rgba (0,0,0,255) -> (0,0,0,255) | wasStockLights=0 isStockLights=0 isStockLightsOn=0 lensMarker=0 bodyMarker=0
[2026-09-24 13:13:55.784] [info] [LIGHTPROBE]   mat[3] tex 0x7213e8574d80 "landstal92wood" -> 0x7213e8574d80 "landstal92wood" | rgba (255,255,255,255) -> (255,255,255,255) | wasStockLights=0 isStockLights=0 isStockLightsOn=0 lensMarker=0 bodyMarker=0
[2026-09-24 13:13:55.784] [info] [LIGHTPROBE]   mat[4] tex 0x7214201c2038 "vehiclegrunge256" -> 0x7214201c2038 "vehiclegrunge256" | rgba (60,255,0,255) -> (132,4,16,255) | wasStockLights=0 isStockLights=0 isStockLightsOn=0 lensMarker=0 bodyMarker=1
[2026-09-24 13:13:55.784] [info] [LIGHTPROBE]   mat[5] tex 0x7213e8574d18 "landstal92interior128" -> 0x7213e8574d18 "landstal92interior128" | rgba (255,255,255,255) -> (255,255,255,255) | wasStockLights=0 isStockLights=0 isStockLightsOn=0 lensMarker=0 bodyMarker=0
[2026-09-24 13:13:55.784] [info] [LIGHTPROBE]   mat[6] tex 0x7214201c1f68 "vehiclelights128" -> 0x7214201c1f68 "vehiclelights128" | rgba (255,255,255,255) -> (255,255,255,255) | wasStockLights=1 isStockLights=1 isStockLightsOn=0 lensMarker=0 bodyMarker=0
[2026-09-24 13:13:55.784] [info] [LIGHTPROBE]   mat[7] tex 0x7214201c1f68 "vehiclelights128" -> 0x7214201c1f68 "vehiclelights128" | rgba (255,175,0,255) -> (255,255,255,255) | wasStockLights=1 isStockLights=1 isStockLightsOn=0 lensMarker=1 bodyMarker=0
[2026-09-24 13:13:55.784] [info] [LIGHTPROBE]   mat[8] tex 0x7214201c1f68 "vehiclelights128" -> 0x7214201c1f68 "vehiclelights128" | rgba (185,255,0,255) -> (255,255,255,255) | wasStockLights=1 isStockLights=1 isStockLightsOn=0 lensMarker=1 bodyMarker=0
[2026-09-24 13:13:55.784] [info] [LIGHTPROBE]   mat[9] tex 0x7214201c1f68 "vehiclelights128" -> 0x7214201c1f68 "vehiclelights128" | rgba (0,255,200,255) -> (255,255,255,255) | wasStockLights=1 isStockLights=1 isStockLightsOn=0 lensMarker=0 bodyMarker=0
[2026-09-24 13:13:55.784] [info] [LIGHTPROBE]   mat[10] tex 0x7214201c1f68 "vehiclelights128" -> 0x7214201c1f68 "vehiclelights128" | rgba (255,60,0,255) -> (255,255,255,255) | wasStockLights=1 isStockLights=1 isStockLightsOn=0 lensMarker=1 bodyMarker=0
[2026-09-24 13:13:55.784] [info] [LIGHTPROBE]   mat[11] tex 0x7214201c2ac8 "vehicledash32" -> 0x7214201c2ac8 "vehicledash32" | rgba (255,255,255,242) -> (255,255,255,242) | wasStockLights=0 isStockLights=0 isStockLightsOn=0 lensMarker=0 bodyMarker=0
[2026-09-24 13:13:55.784] [info] [LIGHTPROBE]   mat[12] tex 0x0 "" -> 0x0 "" | rgba (0,0,0,128) -> (0,0,0,128) | wasStockLights=0 isStockLights=0 isStockLightsOn=0 lensMarker=0 bodyMarker=0
[2026-09-24 13:13:55.784] [info] [LIGHTPROBE]   mat[13] tex 0x7214201c2990 "vehiclegeneric256" -> 0x7214201c2990 "vehiclegeneric256" | rgba (255,255,255,255) -> (255,255,255,255) | wasStockLights=0 isStockLights=0 isStockLightsOn=0 lensMarker=0 bodyMarker=0
[2026-09-24 13:13:55.784] [info] [LIGHTPROBE]   mat[14] tex 0x7214201c2990 "vehiclegeneric256" -> 0x7214201c2990 "vehiclegeneric256" | rgba (255,255,255,255) -> (255,255,255,255) | wasStockLights=0 isStockLights=0 isStockLightsOn=0 lensMarker=0 bodyMarker=0
[2026-09-24 13:13:55.784] [info] [LIGHTPROBE]   mat[15] tex 0x7214201c2990 "vehiclegeneric256" -> 0x7214201c2990 "vehiclegeneric256" | rgba (255,255,255,128) -> (255,255,255,128) | wasStockLights=0 isStockLights=0 isStockLightsOn=0 lensMarker=0 bodyMarker=0
[2026-09-24 13:13:55.784] [info] [LIGHTPROBE] model=-1 frame="bump_front_dummy" geom=0x7213e8da5760 atomicId=0x11 upgrade=0 objFlags=0x5 stockGate=1 materials=5 ms_pLightsTexture=0x7214201c1f68 ms_pLightsOnTexture=0x7214201c1fd0 ms_lightsOn=[0,0,0,0]
[2026-09-24 13:13:55.784] [info] [LIGHTPROBE]   mat[0] tex 0x7214201c1f00 "white" -> 0x7214201c1f00 "white" | rgba (0,0,0,255) -> (0,0,0,255) | wasStockLights=0 isStockLights=0 isStockLightsOn=0 lensMarker=0 bodyMarker=0
[2026-09-24 13:13:55.784] [info] [LIGHTPROBE]   mat[1] tex 0x7214201c1f68 "vehiclelights128" -> 0x7214201c1f68 "vehiclelights128" | rgba (255,255,255,255) -> (255,255,255,255) | wasStockLights=1 isStockLights=1 isStockLightsOn=0 lensMarker=0 bodyMarker=0
[2026-09-24 13:13:55.784] [info] [LIGHTPROBE]   mat[2] tex 0x0 "" -> 0x0 "" | rgba (0,0,0,128) -> (0,0,0,128) | wasStockLights=0 isStockLights=0 isStockLightsOn=0 lensMarker=0 bodyMarker=0
[2026-09-24 13:13:55.784] [info] [LIGHTPROBE]   mat[3] tex 0x7214201c2990 "vehiclegeneric256" -> 0x7214201c2990 "vehiclegeneric256" | rgba (255,255,255,255) -> (255,255,255,255) | wasStockLights=0 isStockLights=0 isStockLightsOn=0 lensMarker=0 bodyMarker=0
[2026-09-24 13:13:55.784] [info] [LIGHTPROBE]   mat[4] tex 0x7214201c2990 "vehiclegeneric256" -> 0x7214201c2990 "vehiclegeneric256" | rgba (255,255,255,255) -> (255,255,255,255) | wasStockLights=0 isStockLights=0 isStockLightsOn=0 lensMarker=0 bodyMarker=0
[2026-09-24 13:13:55.784] [info] [LIGHTPROBE] model=-1 frame="bump_front_dummy" geom=0x7213e8da5d80 atomicId=0x12 upgrade=0 objFlags=0x0 stockGate=0 materials=5 ms_pLightsTexture=0x7214201c1f68 ms_pLightsOnTexture=0x7214201c1fd0 ms_lightsOn=[0,0,0,0]
[2026-09-24 13:13:55.784] [info] [LIGHTPROBE]   mat[0] tex 0x7214201c1f00 "white" -> 0x7214201c1f00 "white" | rgba (0,0,0,255) -> (0,0,0,255) | wasStockLights=0 isStockLights=0 isStockLightsOn=0 lensMarker=0 bodyMarker=0
[2026-09-24 13:13:55.784] [info] [LIGHTPROBE]   mat[1] tex 0x7214201c1f68 "vehiclelights128" -> 0x7214201c1f68 "vehiclelights128" | rgba (255,255,255,255) -> (255,255,255,255) | wasStockLights=1 isStockLights=1 isStockLightsOn=0 lensMarker=0 bodyMarker=0
[2026-09-24 13:13:55.784] [info] [LIGHTPROBE]   mat[2] tex 0x0 "" -> 0x0 "" | rgba (0,0,0,128) -> (0,0,0,128) | wasStockLights=0 isStockLights=0 isStockLightsOn=0 lensMarker=0 bodyMarker=0
[2026-09-24 13:13:55.784] [info] [LIGHTPROBE]   mat[3] tex 0x7214201c2990 "vehiclegeneric256" -> 0x7214201c2990 "vehiclegeneric256" | rgba (255,255,255,255) -> (255,255,255,255) | wasStockLights=0 isStockLights=0 isStockLightsOn=0 lensMarker=0 bodyMarker=0
[2026-09-24 13:13:55.784] [info] [LIGHTPROBE]   mat[4] tex 0x7214201c2990 "vehiclegeneric256" -> 0x7214201c2990 "vehiclegeneric256" | rgba (255,255,255,255) -> (255,255,255,255) | wasStockLights=0 isStockLights=0 isStockLightsOn=0 lensMarker=0 bodyMarker=0
[2026-09-24 13:13:55.784] [info] [LIGHTPROBE] model=-1 frame="bump_front_dummy" geom=0x7213e8da68e0 atomicId=0x11 upgrade=0 objFlags=0x5 stockGate=1 materials=3 ms_pLightsTexture=0x7214201c1f68 ms_pLightsOnTexture=0x7214201c1fd0 ms_lightsOn=[0,0,0,0]
[2026-09-24 13:13:55.784] [info] [LIGHTPROBE]   mat[0] tex 0x7214201c1f68 "vehiclelights128" -> 0x7214201c1f68 "vehiclelights128" | rgba (255,255,255,255) -> (255,255,255,255) | wasStockLights=1 isStockLights=1 isStockLightsOn=0 lensMarker=0 bodyMarker=0
[2026-09-24 13:13:55.784] [info] [LIGHTPROBE]   mat[1] tex 0x7214201c2990 "vehiclegeneric256" -> 0x7214201c2990 "vehiclegeneric256" | rgba (255,255,255,255) -> (255,255,255,255) | wasStockLights=0 isStockLights=0 isStockLightsOn=0 lensMarker=0 bodyMarker=0
[2026-09-24 13:13:55.784] [info] [LIGHTPROBE]   mat[2] tex 0x7214201c2990 "vehiclegeneric256" -> 0x7214201c2990 "vehiclegeneric256" | rgba (255,255,255,255) -> (255,255,255,255) | wasStockLights=0 isStockLights=0 isStockLightsOn=0 lensMarker=0 bodyMarker=0
[2026-09-24 13:13:55.784] [info] [LIGHTPROBE] model=-1 frame="chassis" geom=0x7213e8da7600 atomicId=0x0 upgrade=0 objFlags=0x5 stockGate=1 materials=15 ms_pLightsTexture=0x7214201c1f68 ms_pLightsOnTexture=0x7214201c1fd0 ms_lightsOn=[0,0,0,0]
[2026-09-24 13:13:55.784] [info] [LIGHTPROBE]   mat[0] tex 0x7214201c2990 "vehiclegeneric256" -> 0x7214201c2990 "vehiclegeneric256" | rgba (60,255,0,255) -> (132,4,16,255) | wasStockLights=0 isStockLights=0 isStockLightsOn=0 lensMarker=0 bodyMarker=1
[2026-09-24 13:13:55.784] [info] [LIGHTPROBE]   mat[1] tex 0x7214201c2b30 "vehiclesteering128" -> 0x7214201c2b30 "vehiclesteering128" | rgba (255,255,255,255) -> (255,255,255,255) | wasStockLights=0 isStockLights=0 isStockLightsOn=0 lensMarker=0 bodyMarker=0
[2026-09-24 13:13:55.784] [info] [LIGHTPROBE]   mat[2] tex 0x7214201c1f00 "white" -> 0x7214201c1f00 "white" | rgba (0,0,0,255) -> (0,0,0,255) | wasStockLights=0 isStockLights=0 isStockLightsOn=0 lensMarker=0 bodyMarker=0
[2026-09-24 13:13:55.784] [info] [LIGHTPROBE]   mat[3] tex 0x7213e8574d80 "landstal92wood" -> 0x7213e8574d80 "landstal92wood" | rgba (255,255,255,255) -> (255,255,255,255) | wasStockLights=0 isStockLights=0 isStockLightsOn=0 lensMarker=0 bodyMarker=0
[2026-09-24 13:13:55.784] [info] [LIGHTPROBE]   mat[4] tex 0x7214201c2038 "vehiclegrunge256" -> 0x7214201c2038 "vehiclegrunge256" | rgba (60,255,0,255) -> (132,4,16,255) | wasStockLights=0 isStockLights=0 isStockLightsOn=0 lensMarker=0 bodyMarker=1
[2026-09-24 13:13:55.784] [info] [LIGHTPROBE]   mat[5] tex 0x7213e8574d18 "landstal92interior128" -> 0x7213e8574d18 "landstal92interior128" | rgba (255,255,255,255) -> (255,255,255,255) | wasStockLights=0 isStockLights=0 isStockLightsOn=0 lensMarker=0 bodyMarker=0
[2026-09-24 13:13:55.784] [info] [LIGHTPROBE]   mat[6] tex 0x7214201c1f68 "vehiclelights128" -> 0x7214201c1f68 "vehiclelights128" | rgba (255,255,255,255) -> (255,255,255,255) | wasStockLights=1 isStockLights=1 isStockLightsOn=0 lensMarker=0 bodyMarker=0
[2026-09-24 13:13:55.784] [info] [LIGHTPROBE]   mat[7] tex 0x7214201c1f68 "vehiclelights128" -> 0x7214201c1f68 "vehiclelights128" | rgba (255,175,0,255) -> (255,255,255,255) | wasStockLights=1 isStockLights=1 isStockLightsOn=0 lensMarker=1 bodyMarker=0
[2026-09-24 13:13:55.784] [info] [LIGHTPROBE]   mat[8] tex 0x7214201c1f68 "vehiclelights128" -> 0x7214201c1f68 "vehiclelights128" | rgba (185,255,0,255) -> (255,255,255,255) | wasStockLights=1 isStockLights=1 isStockLightsOn=0 lensMarker=1 bodyMarker=0
[2026-09-24 13:13:55.784] [info] [LIGHTPROBE]   mat[9] tex 0x7214201c1f68 "vehiclelights128" -> 0x7214201c1f68 "vehiclelights128" | rgba (0,255,200,255) -> (255,255,255,255) | wasStockLights=1 isStockLights=1 isStockLightsOn=0 lensMarker=0 bodyMarker=0
[2026-09-24 13:13:55.784] [info] [LIGHTPROBE]   mat[10] tex 0x7214201c1f68 "vehiclelights128" -> 0x7214201c1f68 "vehiclelights128" | rgba (255,60,0,255) -> (255,255,255,255) | wasStockLights=1 isStockLights=1 isStockLightsOn=0 lensMarker=1 bodyMarker=0
[2026-09-24 13:13:55.784] [info] [LIGHTPROBE]   mat[11] tex 0x7214201c2ac8 "vehicledash32" -> 0x7214201c2ac8 "vehicledash32" | rgba (255,255,255,242) -> (255,255,255,242) | wasStockLights=0 isStockLights=0 isStockLightsOn=0 lensMarker=0 bodyMarker=0
[2026-09-24 13:13:55.785] [info] [LIGHTPROBE]   mat[12] tex 0x7214201c2990 "vehiclegeneric256" -> 0x7214201c2990 "vehiclegeneric256" | rgba (255,255,255,255) -> (255,255,255,255) | wasStockLights=0 isStockLights=0 isStockLightsOn=0 lensMarker=0 bodyMarker=0
[2026-09-24 13:13:55.785] [info] [LIGHTPROBE]   mat[13] tex 0x7214201c2990 "vehiclegeneric256" -> 0x7214201c2990 "vehiclegeneric256" | rgba (255,255,255,255) -> (255,255,255,255) | wasStockLights=0 isStockLights=0 isStockLightsOn=0 lensMarker=0 bodyMarker=0
[2026-09-24 13:13:55.785] [info] [LIGHTPROBE]   mat[14] tex 0x7214201c2990 "vehiclegeneric256" -> 0x7214201c2990 "vehiclegeneric256" | rgba (255,255,255,128) -> (255,255,255,128) | wasStockLights=0 isStockLights=0 isStockLightsOn=0 lensMarker=0 bodyMarker=0
[2026-09-24 13:13:55.785] [info] [LIGHTPROBE] model=-1 frame="door_rf_dummy" geom=0x7213e8da8400 atomicId=0x8289 upgrade=0 objFlags=0x5 stockGate=1 materials=7 ms_pLightsTexture=0x7214201c1f68 ms_pLightsOnTexture=0x7214201c1fd0 ms_lightsOn=[0,0,0,0]
[2026-09-24 13:13:55.785] [info] [LIGHTPROBE]   mat[0] tex 0x7213e8574d80 "landstal92wood" -> 0x7213e8574d80 "landstal92wood" | rgba (255,255,255,255) -> (255,255,255,255) | wasStockLights=0 isStockLights=0 isStockLightsOn=0 lensMarker=0 bodyMarker=0
[2026-09-24 13:13:55.785] [info] [LIGHTPROBE]   mat[1] tex 0x7214201c2038 "vehiclegrunge256" -> 0x7214201c2038 "vehiclegrunge256" | rgba (60,255,0,255) -> (132,4,16,255) | wasStockLights=0 isStockLights=0 isStockLightsOn=0 lensMarker=0 bodyMarker=1
[2026-09-24 13:13:55.785] [info] [LIGHTPROBE]   mat[2] tex 0x7213e8574d18 "landstal92interior128" -> 0x7213e8574d18 "landstal92interior128" | rgba (255,255,255,255) -> (255,255,255,255) | wasStockLights=0 isStockLights=0 isStockLightsOn=0 lensMarker=0 bodyMarker=0
[2026-09-24 13:13:55.785] [info] [LIGHTPROBE]   mat[3] tex 0x7214201c1f68 "vehiclelights128" -> 0x7214201c1f68 "vehiclelights128" | rgba (255,255,255,255) -> (255,255,255,255) | wasStockLights=1 isStockLights=1 isStockLightsOn=0 lensMarker=0 bodyMarker=0
[2026-09-24 13:13:55.785] [info] [LIGHTPROBE]   mat[4] tex 0x7214201c2990 "vehiclegeneric256" -> 0x7214201c2990 "vehiclegeneric256" | rgba (255,255,255,255) -> (255,255,255,255) | wasStockLights=0 isStockLights=0 isStockLightsOn=0 lensMarker=0 bodyMarker=0
[2026-09-24 13:13:55.785] [info] [LIGHTPROBE]   mat[5] tex 0x7214201c2990 "vehiclegeneric256" -> 0x7214201c2990 "vehiclegeneric256" | rgba (255,255,255,255) -> (255,255,255,255) | wasStockLights=0 isStockLights=0 isStockLightsOn=0 lensMarker=0 bodyMarker=0
[2026-09-24 13:13:55.785] [info] [LIGHTPROBE]   mat[6] tex 0x7214201c2990 "vehiclegeneric256" -> 0x7214201c2990 "vehiclegeneric256" | rgba (255,255,255,128) -> (255,255,255,128) | wasStockLights=0 isStockLights=0 isStockLightsOn=0 lensMarker=0 bodyMarker=0
[2026-09-24 13:13:55.785] [info] [LIGHTPROBE] model=-1 frame="door_lf_dummy" geom=0x7213e8da86a0 atomicId=0x8285 upgrade=0 objFlags=0x5 stockGate=1 materials=7 ms_pLightsTexture=0x7214201c1f68 ms_pLightsOnTexture=0x7214201c1fd0 ms_lightsOn=[0,0,0,0]
[2026-09-24 13:13:55.785] [info] [LIGHTPROBE]   mat[0] tex 0x7213e8574d80 "landstal92wood" -> 0x7213e8574d80 "landstal92wood" | rgba (255,255,255,255) -> (255,255,255,255) | wasStockLights=0 isStockLights=0 isStockLightsOn=0 lensMarker=0 bodyMarker=0
[2026-09-24 13:13:55.785] [info] [LIGHTPROBE]   mat[1] tex 0x7214201c2038 "vehiclegrunge256" -> 0x7214201c2038 "vehiclegrunge256" | rgba (60,255,0,255) -> (132,4,16,255) | wasStockLights=0 isStockLights=0 isStockLightsOn=0 lensMarker=0 bodyMarker=1
[2026-09-24 13:13:55.785] [info] [LIGHTPROBE]   mat[2] tex 0x7213e8574d18 "landstal92interior128" -> 0x7213e8574d18 "landstal92interior128" | rgba (255,255,255,255) -> (255,255,255,255) | wasStockLights=0 isStockLights=0 isStockLightsOn=0 lensMarker=0 bodyMarker=0
[2026-09-24 13:13:55.785] [info] [LIGHTPROBE]   mat[3] tex 0x7214201c1f68 "vehiclelights128" -> 0x7214201c1f68 "vehiclelights128" | rgba (255,255,255,255) -> (255,255,255,255) | wasStockLights=1 isStockLights=1 isStockLightsOn=0 lensMarker=0 bodyMarker=0
[2026-09-24 13:13:55.785] [info] [LIGHTPROBE]   mat[4] tex 0x7214201c2990 "vehiclegeneric256" -> 0x7214201c2990 "vehiclegeneric256" | rgba (255,255,255,255) -> (255,255,255,255) | wasStockLights=0 isStockLights=0 isStockLightsOn=0 lensMarker=0 bodyMarker=0
[2026-09-24 13:13:55.785] [info] [LIGHTPROBE]   mat[5] tex 0x7214201c2990 "vehiclegeneric256" -> 0x7214201c2990 "vehiclegeneric256" | rgba (255,255,255,255) -> (255,255,255,255) | wasStockLights=0 isStockLights=0 isStockLightsOn=0 lensMarker=0 bodyMarker=0
[2026-09-24 13:13:55.785] [info] [LIGHTPROBE]   mat[6] tex 0x7214201c2990 "vehiclegeneric256" -> 0x7214201c2990 "vehiclegeneric256" | rgba (255,255,255,128) -> (255,255,255,128) | wasStockLights=0 isStockLights=0 isStockLightsOn=0 lensMarker=0 bodyMarker=0
[2026-09-24 13:13:55.785] [info] [LIGHTPROBE] model=-1 frame="handlebars" geom=0x7213e6d53580 atomicId=0x0 upgrade=0 objFlags=0x5 stockGate=1 materials=3 ms_pLightsTexture=0x7214201c1f68 ms_pLightsOnTexture=0x7214201c1fd0 ms_lightsOn=[0,1,0,0]
[2026-09-24 13:13:55.785] [info] [LIGHTPROBE]   mat[0] tex 0x7214201c2990 "vehiclegeneric256" -> 0x7214201c2990 "vehiclegeneric256" | rgba (255,255,255,255) -> (255,255,255,255) | wasStockLights=0 isStockLights=0 isStockLightsOn=0 lensMarker=0 bodyMarker=0
[2026-09-24 13:13:55.785] [info] [LIGHTPROBE]   mat[1] tex 0x0 "" -> 0x0 "" | rgba (0,0,0,255) -> (0,0,0,255) | wasStockLights=0 isStockLights=0 isStockLightsOn=0 lensMarker=0 bodyMarker=0
[2026-09-24 13:13:55.785] [info] [LIGHTPROBE]   mat[2] tex 0x7213e6c95fd8 "bmxtexpage" -> 0x7213e6c95fd8 "bmxtexpage" | rgba (255,255,255,255) -> (255,255,255,255) | wasStockLights=0 isStockLights=0 isStockLightsOn=0 lensMarker=0 bodyMarker=0
[2026-09-24 13:13:55.785] [info] [LIGHTPROBE] model=-1 frame="chassis" geom=0x7213e6d4e7a0 atomicId=0x0 upgrade=0 objFlags=0x5 stockGate=1 materials=12 ms_pLightsTexture=0x7214201c1f68 ms_pLightsOnTexture=0x7214201c1fd0 ms_lightsOn=[0,0,0,0]
[2026-09-24 13:13:55.785] [info] [LIGHTPROBE]   mat[0] tex 0x7214201c2038 "vehiclegrunge256" -> 0x7214201c2038 "vehiclegrunge256" | rgba (60,255,0,255) -> (132,4,16,255) | wasStockLights=0 isStockLights=0 isStockLightsOn=0 lensMarker=0 bodyMarker=1
[2026-09-24 13:13:55.785] [info] [LIGHTPROBE]   mat[1] tex 0x7213ec46e318 "sabre92interior128" -> 0x7213ec46e318 "sabre92interior128" | rgba (255,255,255,255) -> (255,255,255,255) | wasStockLights=0 isStockLights=0 isStockLightsOn=0 lensMarker=0 bodyMarker=0
[2026-09-24 13:13:55.785] [info] [LIGHTPROBE]   mat[2] tex 0x0 "" -> 0x0 "" | rgba (255,255,255,255) -> (255,255,255,255) | wasStockLights=0 isStockLights=0 isStockLightsOn=0 lensMarker=0 bodyMarker=0
[2026-09-24 13:13:55.785] [info] [LIGHTPROBE]   mat[3] tex 0x7214201c2990 "vehiclegeneric256" -> 0x7214201c2990 "vehiclegeneric256" | rgba (60,255,0,255) -> (132,4,16,255) | wasStockLights=0 isStockLights=0 isStockLightsOn=0 lensMarker=0 bodyMarker=1
[2026-09-24 13:13:55.785] [info] [LIGHTPROBE]   mat[4] tex 0x7214201c1f68 "vehiclelights128" -> 0x7214201c1f68 "vehiclelights128" | rgba (255,175,0,255) -> (255,255,255,255) | wasStockLights=1 isStockLights=1 isStockLightsOn=0 lensMarker=1 bodyMarker=0
[2026-09-24 13:13:55.785] [info] [LIGHTPROBE]   mat[5] tex 0x7214201c1f68 "vehiclelights128" -> 0x7214201c1f68 "vehiclelights128" | rgba (0,255,200,255) -> (255,255,255,255) | wasStockLights=1 isStockLights=1 isStockLightsOn=0 lensMarker=0 bodyMarker=0
[2026-09-24 13:13:55.785] [info] [LIGHTPROBE]   mat[6] tex 0x7214201c1f68 "vehiclelights128" -> 0x7214201c1f68 "vehiclelights128" | rgba (255,255,255,255) -> (255,255,255,255) | wasStockLights=1 isStockLights=1 isStockLightsOn=0 lensMarker=0 bodyMarker=0
[2026-09-24 13:13:55.785] [info] [LIGHTPROBE]   mat[7] tex 0x7214201c2b30 "vehiclesteering128" -> 0x7214201c2b30 "vehiclesteering128" | rgba (255,255,255,255) -> (255,255,255,255) | wasStockLights=0 isStockLights=0 isStockLightsOn=0 lensMarker=0 bodyMarker=0
[2026-09-24 13:13:55.785] [info] [LIGHTPROBE]   mat[8] tex 0x7214201c2990 "vehiclegeneric256" -> 0x7214201c2990 "vehiclegeneric256" | rgba (255,255,255,255) -> (255,255,255,255) | wasStockLights=0 isStockLights=0 isStockLightsOn=0 lensMarker=0 bodyMarker=0
[2026-09-24 13:13:55.785] [info] [LIGHTPROBE]   mat[9] tex 0x7214201c2990 "vehiclegeneric256" -> 0x7214201c2990 "vehiclegeneric256" | rgba (255,255,255,255) -> (255,255,255,255) | wasStockLights=0 isStockLights=0 isStockLightsOn=0 lensMarker=0 bodyMarker=0
[2026-09-24 13:13:55.785] [info] [LIGHTPROBE]   mat[10] tex 0x7214201c2990 "vehiclegeneric256" -> 0x7214201c2990 "vehiclegeneric256" | rgba (255,255,255,128) -> (255,255,255,128) | wasStockLights=0 isStockLights=0 isStockLightsOn=0 lensMarker=0 bodyMarker=0
[2026-09-24 13:13:55.785] [info] [LIGHTPROBE]   mat[11] tex 0x7214201c2ac8 "vehicledash32" -> 0x7214201c2ac8 "vehicledash32" | rgba (255,255,255,255) -> (255,255,255,255) | wasStockLights=0 isStockLights=0 isStockLightsOn=0 lensMarker=0 bodyMarker=0
[2026-09-24 13:13:55.785] [info] [LIGHTPROBE] model=-1 frame="bump_rear_dummy" geom=0x7213e6d4f4c0 atomicId=0x21 upgrade=0 objFlags=0x5 stockGate=1 materials=6 ms_pLightsTexture=0x7214201c1f68 ms_pLightsOnTexture=0x7214201c1fd0 ms_lightsOn=[0,0,0,0]
[2026-09-24 13:13:55.785] [info] [LIGHTPROBE]   mat[0] tex 0x7214201c1268 "plateback3" -> 0x7214201c1268 "plateback3" | rgba (255,255,255,255) -> (255,255,255,255) | wasStockLights=0 isStockLights=0 isStockLightsOn=0 lensMarker=0 bodyMarker=0
[2026-09-24 13:13:55.785] [info] [LIGHTPROBE]   mat[1] tex 0x7213e6c95f70 "" -> 0x7213e6c95f70 "" | rgba (255,255,255,255) -> (255,255,255,255) | wasStockLights=0 isStockLights=0 isStockLightsOn=0 lensMarker=0 bodyMarker=0
[2026-09-24 13:13:55.785] [info] [LIGHTPROBE]   mat[2] tex 0x7214201c1f68 "vehiclelights128" -> 0x7214201c1f68 "vehiclelights128" | rgba (185,255,0,255) -> (255,255,255,255) | wasStockLights=1 isStockLights=1 isStockLightsOn=0 lensMarker=1 bodyMarker=0
[2026-09-24 13:13:55.785] [info] [LIGHTPROBE]   mat[3] tex 0x7214201c1f68 "vehiclelights128" -> 0x7214201c1f68 "vehiclelights128" | rgba (255,60,0,255) -> (255,255,255,255) | wasStockLights=1 isStockLights=1 isStockLightsOn=0 lensMarker=1 bodyMarker=0
[2026-09-24 13:13:55.785] [info] [LIGHTPROBE]   mat[4] tex 0x0 "" -> 0x0 "" | rgba (0,0,0,127) -> (0,0,0,127) | wasStockLights=0 isStockLights=0 isStockLightsOn=0 lensMarker=0 bodyMarker=0
[2026-09-24 13:13:55.785] [info] [LIGHTPROBE]   mat[5] tex 0x7214201c2990 "vehiclegeneric256" -> 0x7214201c2990 "vehiclegeneric256" | rgba (255,255,255,255) -> (255,255,255,255) | wasStockLights=0 isStockLights=0 isStockLightsOn=0 lensMarker=0 bodyMarker=0
[2026-09-24 13:13:55.785] [info] [LIGHTPROBE] model=-1 frame="bump_rear_dummy" geom=0x7213e6d4f760 atomicId=0x22 upgrade=0 objFlags=0x0 stockGate=0 materials=7 ms_pLightsTexture=0x7214201c1f68 ms_pLightsOnTexture=0x7214201c1fd0 ms_lightsOn=[0,0,0,0]
[2026-09-24 13:13:55.785] [info] [LIGHTPROBE]   mat[0] tex 0x7214201c1268 "plateback3" -> 0x7214201c1268 "plateback3" | rgba (255,255,255,255) -> (255,255,255,255) | wasStockLights=0 isStockLights=0 isStockLightsOn=0 lensMarker=0 bodyMarker=0
[2026-09-24 13:13:55.785] [info] [LIGHTPROBE]   mat[1] tex 0x7213e6c95f70 "" -> 0x7213e6c95f70 "" | rgba (255,255,255,255) -> (255,255,255,255) | wasStockLights=0 isStockLights=0 isStockLightsOn=0 lensMarker=0 bodyMarker=0
[2026-09-24 13:13:55.785] [info] [LIGHTPROBE]   mat[2] tex 0x7214201c1f68 "vehiclelights128" -> 0x7214201c1f68 "vehiclelights128" | rgba (185,255,0,255) -> (185,255,0,255) | wasStockLights=1 isStockLights=1 isStockLightsOn=0 lensMarker=1 bodyMarker=0
[2026-09-24 13:13:55.785] [info] [LIGHTPROBE]   mat[3] tex 0x7214201c1f68 "vehiclelights128" -> 0x7214201c1f68 "vehiclelights128" | rgba (255,60,0,255) -> (255,60,0,255) | wasStockLights=1 isStockLights=1 isStockLightsOn=0 lensMarker=1 bodyMarker=0
[2026-09-24 13:13:55.785] [info] [LIGHTPROBE]   mat[4] tex 0x7214201c2c00 "vehiclescratch64" -> 0x7214201c2c00 "vehiclescratch64" | rgba (255,255,255,242) -> (255,255,255,242) | wasStockLights=0 isStockLights=0 isStockLightsOn=0 lensMarker=0 bodyMarker=0
[2026-09-24 13:13:55.785] [info] [LIGHTPROBE]   mat[5] tex 0x0 "" -> 0x0 "" | rgba (0,0,0,127) -> (0,0,0,127) | wasStockLights=0 isStockLights=0 isStockLightsOn=0 lensMarker=0 bodyMarker=0
[2026-09-24 13:13:55.786] [info] [LIGHTPROBE]   mat[6] tex 0x7214201c2990 "vehiclegeneric256" -> 0x7214201c2990 "vehiclegeneric256" | rgba (255,255,255,255) -> (255,255,255,255) | wasStockLights=0 isStockLights=0 isStockLightsOn=0 lensMarker=0 bodyMarker=0
[2026-09-24 13:13:55.786] [info] [LIGHTPROBE] model=-1 frame="door_lf_dummy" geom=0x7213e6d4fa00 atomicId=0x8285 upgrade=0 objFlags=0x5 stockGate=1 materials=7 ms_pLightsTexture=0x7214201c1f68 ms_pLightsOnTexture=0x7214201c1fd0 ms_lightsOn=[0,0,0,0]
[2026-09-24 13:13:55.786] [info] [LIGHTPROBE]   mat[0] tex 0x7214201c2038 "vehiclegrunge256" -> 0x7214201c2038 "vehiclegrunge256" | rgba (60,255,0,255) -> (132,4,16,255) | wasStockLights=0 isStockLights=0 isStockLightsOn=0 lensMarker=0 bodyMarker=1
[2026-09-24 13:13:55.786] [info] [LIGHTPROBE]   mat[1] tex 0x7213ec46e318 "sabre92interior128" -> 0x7213ec46e318 "sabre92interior128" | rgba (255,255,255,255) -> (255,255,255,255) | wasStockLights=0 isStockLights=0 isStockLightsOn=0 lensMarker=0 bodyMarker=0
[2026-09-24 13:13:55.786] [info] [LIGHTPROBE]   mat[2] tex 0x7214201c2990 "vehiclegeneric256" -> 0x7214201c2990 "vehiclegeneric256" | rgba (60,255,0,255) -> (132,4,16,255) | wasStockLights=0 isStockLights=0 isStockLightsOn=0 lensMarker=0 bodyMarker=1
[2026-09-24 13:13:55.786] [info] [LIGHTPROBE]   mat[3] tex 0x7214201c1f68 "vehiclelights128" -> 0x7214201c1f68 "vehiclelights128" | rgba (255,255,255,255) -> (255,255,255,255) | wasStockLights=1 isStockLights=1 isStockLightsOn=0 lensMarker=0 bodyMarker=0
[2026-09-24 13:13:55.786] [info] [LIGHTPROBE]   mat[4] tex 0x7214201c2990 "vehiclegeneric256" -> 0x7214201c2990 "vehiclegeneric256" | rgba (255,255,255,255) -> (255,255,255,255) | wasStockLights=0 isStockLights=0 isStockLightsOn=0 lensMarker=0 bodyMarker=0
[2026-09-24 13:13:55.786] [info] [LIGHTPROBE]   mat[5] tex 0x7214201c2990 "vehiclegeneric256" -> 0x7214201c2990 "vehiclegeneric256" | rgba (255,255,255,255) -> (255,255,255,255) | wasStockLights=0 isStockLights=0 isStockLightsOn=0 lensMarker=0 bodyMarker=0
[2026-09-24 13:13:55.786] [info] [LIGHTPROBE]   mat[6] tex 0x7214201c2990 "vehiclegeneric256" -> 0x7214201c2990 "vehiclegeneric256" | rgba (255,255,255,128) -> (255,255,255,128) | wasStockLights=0 isStockLights=0 isStockLightsOn=0 lensMarker=0 bodyMarker=0
[2026-09-24 13:13:55.786] [info] [LIGHTPROBE] model=-1 frame="door_lf_dummy" geom=0x7213e6d4fca0 atomicId=0x8286 upgrade=0 objFlags=0x0 stockGate=0 materials=8 ms_pLightsTexture=0x7214201c1f68 ms_pLightsOnTexture=0x7214201c1fd0 ms_lightsOn=[0,0,0,0]
[2026-09-24 13:13:55.786] [info] [LIGHTPROBE]   mat[0] tex 0x7214201c2038 "vehiclegrunge256" -> 0x7214201c2038 "vehiclegrunge256" | rgba (60,255,0,255) -> (60,255,0,255) | wasStockLights=0 isStockLights=0 isStockLightsOn=0 lensMarker=0 bodyMarker=1
[2026-09-24 13:13:55.786] [info] [LIGHTPROBE]   mat[1] tex 0x7213ec46e318 "sabre92interior128" -> 0x7213ec46e318 "sabre92interior128" | rgba (255,255,255,255) -> (255,255,255,255) | wasStockLights=0 isStockLights=0 isStockLightsOn=0 lensMarker=0 bodyMarker=0
[2026-09-24 13:13:55.786] [info] [LIGHTPROBE]   mat[2] tex 0x7214201c2c68 "vehicleshatter128" -> 0x7214201c2c68 "vehicleshatter128" | rgba (255,255,255,255) -> (255,255,255,255) | wasStockLights=0 isStockLights=0 isStockLightsOn=0 lensMarker=0 bodyMarker=0
[2026-09-24 13:13:55.786] [info] [LIGHTPROBE]   mat[3] tex 0x7214201c2990 "vehiclegeneric256" -> 0x7214201c2990 "vehiclegeneric256" | rgba (60,255,0,255) -> (60,255,0,255) | wasStockLights=0 isStockLights=0 isStockLightsOn=0 lensMarker=0 bodyMarker=1
[2026-09-24 13:13:55.786] [info] [LIGHTPROBE]   mat[4] tex 0x7214201c1f68 "vehiclelights128" -> 0x7214201c1f68 "vehiclelights128" | rgba (255,255,255,255) -> (255,255,255,255) | wasStockLights=1 isStockLights=1 isStockLightsOn=0 lensMarker=0 bodyMarker=0
[2026-09-24 13:13:55.786] [info] [LIGHTPROBE]   mat[5] tex 0x7214201c2c00 "vehiclescratch64" -> 0x7214201c2c00 "vehiclescratch64" | rgba (255,255,255,242) -> (255,255,255,242) | wasStockLights=0 isStockLights=0 isStockLightsOn=0 lensMarker=0 bodyMarker=0
[2026-09-24 13:13:55.786] [info] [LIGHTPROBE]   mat[6] tex 0x7214201c2990 "vehiclegeneric256" -> 0x7214201c2990 "vehiclegeneric256" | rgba (255,255,255,255) -> (255,255,255,255) | wasStockLights=0 isStockLights=0 isStockLightsOn=0 lensMarker=0 bodyMarker=0
[2026-09-24 13:13:55.786] [info] [LIGHTPROBE]   mat[7] tex 0x7214201c2990 "vehiclegeneric256" -> 0x7214201c2990 "vehiclegeneric256" | rgba (255,255,255,255) -> (255,255,255,255) | wasStockLights=0 isStockLights=0 isStockLightsOn=0 lensMarker=0 bodyMarker=0
[2026-09-24 13:13:55.786] [info] [LIGHTPROBE] model=-1 frame="door_rf_dummy" geom=0x7213e6d4ff40 atomicId=0x8289 upgrade=0 objFlags=0x5 stockGate=1 materials=7 ms_pLightsTexture=0x7214201c1f68 ms_pLightsOnTexture=0x7214201c1fd0 ms_lightsOn=[0,0,0,0]
[2026-09-24 13:13:55.786] [info] [LIGHTPROBE]   mat[0] tex 0x7214201c2038 "vehiclegrunge256" -> 0x7214201c2038 "vehiclegrunge256" | rgba (60,255,0,255) -> (132,4,16,255) | wasStockLights=0 isStockLights=0 isStockLightsOn=0 lensMarker=0 bodyMarker=1
[2026-09-24 13:13:55.786] [info] [LIGHTPROBE]   mat[1] tex 0x7213ec46e318 "sabre92interior128" -> 0x7213ec46e318 "sabre92interior128" | rgba (255,255,255,255) -> (255,255,255,255) | wasStockLights=0 isStockLights=0 isStockLightsOn=0 lensMarker=0 bodyMarker=0
[2026-09-24 13:13:55.786] [info] [LIGHTPROBE]   mat[2] tex 0x7214201c2990 "vehiclegeneric256" -> 0x7214201c2990 "vehiclegeneric256" | rgba (60,255,0,255) -> (132,4,16,255) | wasStockLights=0 isStockLights=0 isStockLightsOn=0 lensMarker=0 bodyMarker=1
[2026-09-24 13:13:55.786] [info] [LIGHTPROBE]   mat[3] tex 0x7214201c1f68 "vehiclelights128" -> 0x7214201c1f68 "vehiclelights128" | rgba (255,255,255,255) -> (255,255,255,255) | wasStockLights=1 isStockLights=1 isStockLightsOn=0 lensMarker=0 bodyMarker=0
[2026-09-24 13:13:55.786] [info] [LIGHTPROBE]   mat[4] tex 0x7214201c2990 "vehiclegeneric256" -> 0x7214201c2990 "vehiclegeneric256" | rgba (255,255,255,255) -> (255,255,255,255) | wasStockLights=0 isStockLights=0 isStockLightsOn=0 lensMarker=0 bodyMarker=0
[2026-09-24 13:13:55.786] [info] [LIGHTPROBE]   mat[5] tex 0x7214201c2990 "vehiclegeneric256" -> 0x7214201c2990 "vehiclegeneric256" | rgba (255,255,255,255) -> (255,255,255,255) | wasStockLights=0 isStockLights=0 isStockLightsOn=0 lensMarker=0 bodyMarker=0
[2026-09-24 13:13:55.786] [info] [LIGHTPROBE]   mat[6] tex 0x7214201c2990 "vehiclegeneric256" -> 0x7214201c2990 "vehiclegeneric256" | rgba (255,255,255,128) -> (255,255,255,128) | wasStockLights=0 isStockLights=0 isStockLightsOn=0 lensMarker=0 bodyMarker=0
[2026-09-24 13:13:55.786] [info] [LIGHTPROBE] model=-1 frame="door_rf_dummy" geom=0x7213e6d501e0 atomicId=0x828a upgrade=0 objFlags=0x0 stockGate=0 materials=8 ms_pLightsTexture=0x7214201c1f68 ms_pLightsOnTexture=0x7214201c1fd0 ms_lightsOn=[0,0,0,0]
[2026-09-24 13:13:55.786] [info] [LIGHTPROBE]   mat[0] tex 0x7214201c2038 "vehiclegrunge256" -> 0x7214201c2038 "vehiclegrunge256" | rgba (60,255,0,255) -> (60,255,0,255) | wasStockLights=0 isStockLights=0 isStockLightsOn=0 lensMarker=0 bodyMarker=1
[2026-09-24 13:13:55.786] [info] [LIGHTPROBE]   mat[1] tex 0x7213ec46e318 "sabre92interior128" -> 0x7213ec46e318 "sabre92interior128" | rgba (255,255,255,255) -> (255,255,255,255) | wasStockLights=0 isStockLights=0 isStockLightsOn=0 lensMarker=0 bodyMarker=0
[2026-09-24 13:13:55.786] [info] [LIGHTPROBE]   mat[2] tex 0x7214201c2c68 "vehicleshatter128" -> 0x7214201c2c68 "vehicleshatter128" | rgba (255,255,255,255) -> (255,255,255,255) | wasStockLights=0 isStockLights=0 isStockLightsOn=0 lensMarker=0 bodyMarker=0
[2026-09-24 13:13:55.786] [info] [LIGHTPROBE]   mat[3] tex 0x7214201c2990 "vehiclegeneric256" -> 0x7214201c2990 "vehiclegeneric256" | rgba (60,255,0,255) -> (60,255,0,255) | wasStockLights=0 isStockLights=0 isStockLightsOn=0 lensMarker=0 bodyMarker=1
[2026-09-24 13:13:55.786] [info] [LIGHTPROBE]   mat[4] tex 0x7214201c1f68 "vehiclelights128" -> 0x7214201c1f68 "vehiclelights128" | rgba (255,255,255,255) -> (255,255,255,255) | wasStockLights=1 isStockLights=1 isStockLightsOn=0 lensMarker=0 bodyMarker=0
[2026-09-24 13:13:55.786] [info] [LIGHTPROBE]   mat[5] tex 0x7214201c2c00 "vehiclescratch64" -> 0x7214201c2c00 "vehiclescratch64" | rgba (255,255,255,242) -> (255,255,255,242) | wasStockLights=0 isStockLights=0 isStockLightsOn=0 lensMarker=0 bodyMarker=0
[2026-09-24 13:13:55.786] [info] [LIGHTPROBE]   mat[6] tex 0x7214201c2990 "vehiclegeneric256" -> 0x7214201c2990 "vehiclegeneric256" | rgba (255,255,255,255) -> (255,255,255,255) | wasStockLights=0 isStockLights=0 isStockLightsOn=0 lensMarker=0 bodyMarker=0
[2026-09-24 13:13:55.786] [info] [LIGHTPROBE]   mat[7] tex 0x7214201c2990 "vehiclegeneric256" -> 0x7214201c2990 "vehiclegeneric256" | rgba (255,255,255,255) -> (255,255,255,255) | wasStockLights=0 isStockLights=0 isStockLightsOn=0 lensMarker=0 bodyMarker=0
[2026-09-24 13:13:55.786] [info] [LIGHTPROBE] model=-1 frame="bump_front_dummy" geom=0x7213e6d50480 atomicId=0x11 upgrade=0 objFlags=0x5 stockGate=1 materials=4 ms_pLightsTexture=0x7214201c1f68 ms_pLightsOnTexture=0x7214201c1fd0 ms_lightsOn=[0,0,0,0]
[2026-09-24 13:13:55.786] [info] [LIGHTPROBE]   mat[0] tex 0x7214201c1f68 "vehiclelights128" -> 0x7214201c1f68 "vehiclelights128" | rgba (255,255,255,255) -> (255,255,255,255) | wasStockLights=1 isStockLights=1 isStockLightsOn=0 lensMarker=0 bodyMarker=0
[2026-09-24 13:13:55.786] [info] [LIGHTPROBE]   mat[1] tex 0x0 "" -> 0x0 "" | rgba (0,0,0,127) -> (0,0,0,127) | wasStockLights=0 isStockLights=0 isStockLightsOn=0 lensMarker=0 bodyMarker=0
[2026-09-24 13:13:55.786] [info] [LIGHTPROBE]   mat[2] tex 0x7214201c2990 "vehiclegeneric256" -> 0x7214201c2990 "vehiclegeneric256" | rgba (255,255,255,255) -> (255,255,255,255) | wasStockLights=0 isStockLights=0 isStockLightsOn=0 lensMarker=0 bodyMarker=0
[2026-09-24 13:13:55.786] [info] [LIGHTPROBE]   mat[3] tex 0x7214201c2990 "vehiclegeneric256" -> 0x7214201c2990 "vehiclegeneric256" | rgba (255,255,255,255) -> (255,255,255,255) | wasStockLights=0 isStockLights=0 isStockLightsOn=0 lensMarker=0 bodyMarker=0
[2026-09-24 13:13:55.786] [info] [LIGHTPROBE] model=-1 frame="bump_front_dummy" geom=0x7213e6d50720 atomicId=0x12 upgrade=0 objFlags=0x0 stockGate=0 materials=5 ms_pLightsTexture=0x7214201c1f68 ms_pLightsOnTexture=0x7214201c1fd0 ms_lightsOn=[0,0,0,0]
[2026-09-24 13:13:55.786] [info] [LIGHTPROBE]   mat[0] tex 0x7214201c1f68 "vehiclelights128" -> 0x7214201c1f68 "vehiclelights128" | rgba (255,255,255,255) -> (255,255,255,255) | wasStockLights=1 isStockLights=1 isStockLightsOn=0 lensMarker=0 bodyMarker=0
[2026-09-24 13:13:55.786] [info] [LIGHTPROBE]   mat[1] tex 0x7214201c2c00 "vehiclescratch64" -> 0x7214201c2c00 "vehiclescratch64" | rgba (255,255,255,242) -> (255,255,255,242) | wasStockLights=0 isStockLights=0 isStockLightsOn=0 lensMarker=0 bodyMarker=0
[2026-09-24 13:13:55.786] [info] [LIGHTPROBE]   mat[2] tex 0x0 "" -> 0x0 "" | rgba (0,0,0,127) -> (0,0,0,127) | wasStockLights=0 isStockLights=0 isStockLightsOn=0 lensMarker=0 bodyMarker=0
[2026-09-24 13:13:55.786] [info] [LIGHTPROBE]   mat[3] tex 0x7214201c2990 "vehiclegeneric256" -> 0x7214201c2990 "vehiclegeneric256" | rgba (255,255,255,255) -> (255,255,255,255) | wasStockLights=0 isStockLights=0 isStockLightsOn=0 lensMarker=0 bodyMarker=0
[2026-09-24 13:13:55.786] [info] [LIGHTPROBE]   mat[4] tex 0x7214201c2990 "vehiclegeneric256" -> 0x7214201c2990 "vehiclegeneric256" | rgba (255,255,255,255) -> (255,255,255,255) | wasStockLights=0 isStockLights=0 isStockLightsOn=0 lensMarker=0 bodyMarker=0
[2026-09-24 13:13:55.786] [info] [LIGHTPROBE] model=-1 frame="bump_front_dummy" geom=0x7213e6d51a60 atomicId=0x11 upgrade=0 objFlags=0x5 stockGate=1 materials=4 ms_pLightsTexture=0x7214201c1f68 ms_pLightsOnTexture=0x7214201c1fd0 ms_lightsOn=[0,0,0,0]
[2026-09-24 13:13:55.786] [info] [LIGHTPROBE]   mat[0] tex 0x7214201c1f68 "vehiclelights128" -> 0x7214201c1f68 "vehiclelights128" | rgba (255,255,255,255) -> (255,255,255,255) | wasStockLights=1 isStockLights=1 isStockLightsOn=0 lensMarker=0 bodyMarker=0
[2026-09-24 13:13:55.786] [info] [LIGHTPROBE]   mat[1] tex 0x0 "" -> 0x0 "" | rgba (0,0,0,127) -> (0,0,0,127) | wasStockLights=0 isStockLights=0 isStockLightsOn=0 lensMarker=0 bodyMarker=0
[2026-09-24 13:13:55.786] [info] [LIGHTPROBE]   mat[2] tex 0x7214201c2990 "vehiclegeneric256" -> 0x7214201c2990 "vehiclegeneric256" | rgba (255,255,255,255) -> (255,255,255,255) | wasStockLights=0 isStockLights=0 isStockLightsOn=0 lensMarker=0 bodyMarker=0
[2026-09-24 13:13:55.786] [info] [LIGHTPROBE]   mat[3] tex 0x7214201c2990 "vehiclegeneric256" -> 0x7214201c2990 "vehiclegeneric256" | rgba (255,255,255,255) -> (255,255,255,255) | wasStockLights=0 isStockLights=0 isStockLightsOn=0 lensMarker=0 bodyMarker=0
[2026-09-24 13:13:55.786] [info] [LIGHTPROBE] model=-1 frame="door_rf_dummy" geom=0x7213e6d51d00 atomicId=0x8289 upgrade=0 objFlags=0x5 stockGate=1 materials=7 ms_pLightsTexture=0x7214201c1f68 ms_pLightsOnTexture=0x7214201c1fd0 ms_lightsOn=[0,0,0,0]
[2026-09-24 13:13:55.786] [info] [LIGHTPROBE]   mat[0] tex 0x7214201c2038 "vehiclegrunge256" -> 0x7214201c2038 "vehiclegrunge256" | rgba (60,255,0,255) -> (132,4,16,255) | wasStockLights=0 isStockLights=0 isStockLightsOn=0 lensMarker=0 bodyMarker=1
[2026-09-24 13:13:55.786] [info] [LIGHTPROBE]   mat[1] tex 0x7213ec46e318 "sabre92interior128" -> 0x7213ec46e318 "sabre92interior128" | rgba (255,255,255,255) -> (255,255,255,255) | wasStockLights=0 isStockLights=0 isStockLightsOn=0 lensMarker=0 bodyMarker=0
[2026-09-24 13:13:55.786] [info] [LIGHTPROBE]   mat[2] tex 0x7214201c2990 "vehiclegeneric256" -> 0x7214201c2990 "vehiclegeneric256" | rgba (60,255,0,255) -> (132,4,16,255) | wasStockLights=0 isStockLights=0 isStockLightsOn=0 lensMarker=0 bodyMarker=1
[2026-09-24 13:13:55.786] [info] [LIGHTPROBE]   mat[3] tex 0x7214201c1f68 "vehiclelights128" -> 0x7214201c1f68 "vehiclelights128" | rgba (255,255,255,255) -> (255,255,255,255) | wasStockLights=1 isStockLights=1 isStockLightsOn=0 lensMarker=0 bodyMarker=0
[2026-09-24 13:13:55.786] [info] [LIGHTPROBE]   mat[4] tex 0x7214201c2990 "vehiclegeneric256" -> 0x7214201c2990 "vehiclegeneric256" | rgba (255,255,255,255) -> (255,255,255,255) | wasStockLights=0 isStockLights=0 isStockLightsOn=0 lensMarker=0 bodyMarker=0
[2026-09-24 13:13:55.786] [info] [LIGHTPROBE]   mat[5] tex 0x7214201c2990 "vehiclegeneric256" -> 0x7214201c2990 "vehiclegeneric256" | rgba (255,255,255,255) -> (255,255,255,255) | wasStockLights=0 isStockLights=0 isStockLightsOn=0 lensMarker=0 bodyMarker=0
[2026-09-24 13:13:55.786] [info] [LIGHTPROBE]   mat[6] tex 0x7214201c2990 "vehiclegeneric256" -> 0x7214201c2990 "vehiclegeneric256" | rgba (255,255,255,128) -> (255,255,255,128) | wasStockLights=0 isStockLights=0 isStockLightsOn=0 lensMarker=0 bodyMarker=0
[2026-09-24 13:13:55.786] [info] [LIGHTPROBE] model=-1 frame="door_lf_dummy" geom=0x7213e6d51fa0 atomicId=0x8285 upgrade=0 objFlags=0x5 stockGate=1 materials=7 ms_pLightsTexture=0x7214201c1f68 ms_pLightsOnTexture=0x7214201c1fd0 ms_lightsOn=[0,0,0,0]
[2026-09-24 13:13:55.786] [info] [LIGHTPROBE]   mat[0] tex 0x7214201c2038 "vehiclegrunge256" -> 0x7214201c2038 "vehiclegrunge256" | rgba (60,255,0,255) -> (132,4,16,255) | wasStockLights=0 isStockLights=0 isStockLightsOn=0 lensMarker=0 bodyMarker=1
[2026-09-24 13:13:55.786] [info] [LIGHTPROBE]   mat[1] tex 0x7213ec46e318 "sabre92interior128" -> 0x7213ec46e318 "sabre92interior128" | rgba (255,255,255,255) -> (255,255,255,255) | wasStockLights=0 isStockLights=0 isStockLightsOn=0 lensMarker=0 bodyMarker=0
[2026-09-24 13:13:55.786] [info] [LIGHTPROBE]   mat[2] tex 0x7214201c2990 "vehiclegeneric256" -> 0x7214201c2990 "vehiclegeneric256" | rgba (60,255,0,255) -> (132,4,16,255) | wasStockLights=0 isStockLights=0 isStockLightsOn=0 lensMarker=0 bodyMarker=1
[2026-09-24 13:13:55.786] [info] [LIGHTPROBE]   mat[3] tex 0x7214201c1f68 "vehiclelights128" -> 0x7214201c1f68 "vehiclelights128" | rgba (255,255,255,255) -> (255,255,255,255) | wasStockLights=1 isStockLights=1 isStockLightsOn=0 lensMarker=0 bodyMarker=0
[2026-09-24 13:13:55.787] [info] [LIGHTPROBE]   mat[4] tex 0x7214201c2990 "vehiclegeneric256" -> 0x7214201c2990 "vehiclegeneric256" | rgba (255,255,255,255) -> (255,255,255,255) | wasStockLights=0 isStockLights=0 isStockLightsOn=0 lensMarker=0 bodyMarker=0
[2026-09-24 13:13:55.787] [info] [LIGHTPROBE]   mat[5] tex 0x7214201c2990 "vehiclegeneric256" -> 0x7214201c2990 "vehiclegeneric256" | rgba (255,255,255,255) -> (255,255,255,255) | wasStockLights=0 isStockLights=0 isStockLightsOn=0 lensMarker=0 bodyMarker=0
[2026-09-24 13:13:55.787] [info] [LIGHTPROBE]   mat[6] tex 0x7214201c2990 "vehiclegeneric256" -> 0x7214201c2990 "vehiclegeneric256" | rgba (255,255,255,128) -> (255,255,255,128) | wasStockLights=0 isStockLights=0 isStockLightsOn=0 lensMarker=0 bodyMarker=0
[2026-09-24 13:13:55.787] [info] [LIGHTPROBE] model=-1 frame="bump_rear_dummy" geom=0x7213e6d52240 atomicId=0x21 upgrade=0 objFlags=0x5 stockGate=1 materials=6 ms_pLightsTexture=0x7214201c1f68 ms_pLightsOnTexture=0x7214201c1fd0 ms_lightsOn=[0,0,0,0]
[2026-09-24 13:13:55.787] [info] [LIGHTPROBE]   mat[0] tex 0x7214201c1268 "plateback3" -> 0x7214201c1268 "plateback3" | rgba (255,255,255,255) -> (255,255,255,255) | wasStockLights=0 isStockLights=0 isStockLightsOn=0 lensMarker=0 bodyMarker=0
[2026-09-24 13:13:55.787] [info] [LIGHTPROBE]   mat[1] tex 0x7213e6c95f70 "" -> 0x7213e6c95f70 "" | rgba (255,255,255,255) -> (255,255,255,255) | wasStockLights=0 isStockLights=0 isStockLightsOn=0 lensMarker=0 bodyMarker=0
[2026-09-24 13:13:55.787] [info] [LIGHTPROBE]   mat[2] tex 0x7214201c1f68 "vehiclelights128" -> 0x7214201c1f68 "vehiclelights128" | rgba (185,255,0,255) -> (255,255,255,255) | wasStockLights=1 isStockLights=1 isStockLightsOn=0 lensMarker=1 bodyMarker=0
[2026-09-24 13:13:55.787] [info] [LIGHTPROBE]   mat[3] tex 0x7214201c1f68 "vehiclelights128" -> 0x7214201c1f68 "vehiclelights128" | rgba (255,60,0,255) -> (255,255,255,255) | wasStockLights=1 isStockLights=1 isStockLightsOn=0 lensMarker=1 bodyMarker=0
[2026-09-24 13:13:55.787] [info] [LIGHTPROBE]   mat[4] tex 0x0 "" -> 0x0 "" | rgba (0,0,0,127) -> (0,0,0,127) | wasStockLights=0 isStockLights=0 isStockLightsOn=0 lensMarker=0 bodyMarker=0
[2026-09-24 13:13:55.787] [info] [LIGHTPROBE]   mat[5] tex 0x7214201c2990 "vehiclegeneric256" -> 0x7214201c2990 "vehiclegeneric256" | rgba (255,255,255,255) -> (255,255,255,255) | wasStockLights=0 isStockLights=0 isStockLightsOn=0 lensMarker=0 bodyMarker=0
[2026-09-24 13:13:55.787] [info] [LIGHTPROBE] model=-1 frame="chassis" geom=0x7213e6d52a20 atomicId=0x0 upgrade=0 objFlags=0x5 stockGate=1 materials=11 ms_pLightsTexture=0x7214201c1f68 ms_pLightsOnTexture=0x7214201c1fd0 ms_lightsOn=[0,0,0,0]
[2026-09-24 13:13:55.787] [info] [LIGHTPROBE]   mat[0] tex 0x7214201c2038 "vehiclegrunge256" -> 0x7214201c2038 "vehiclegrunge256" | rgba (60,255,0,255) -> (132,4,16,255) | wasStockLights=0 isStockLights=0 isStockLightsOn=0 lensMarker=0 bodyMarker=1
[2026-09-24 13:13:55.787] [info] [LIGHTPROBE]   mat[1] tex 0x7213ec46e318 "sabre92interior128" -> 0x7213ec46e318 "sabre92interior128" | rgba (255,255,255,255) -> (255,255,255,255) | wasStockLights=0 isStockLights=0 isStockLightsOn=0 lensMarker=0 bodyMarker=0
[2026-09-24 13:13:55.787] [info] [LIGHTPROBE]   mat[2] tex 0x0 "" -> 0x0 "" | rgba (255,255,255,255) -> (255,255,255,255) | wasStockLights=0 isStockLights=0 isStockLightsOn=0 lensMarker=0 bodyMarker=0
[2026-09-24 13:13:55.787] [info] [LIGHTPROBE]   mat[3] tex 0x7214201c2990 "vehiclegeneric256" -> 0x7214201c2990 "vehiclegeneric256" | rgba (60,255,0,255) -> (132,4,16,255) | wasStockLights=0 isStockLights=0 isStockLightsOn=0 lensMarker=0 bodyMarker=1
[2026-09-24 13:13:55.787] [info] [LIGHTPROBE]   mat[4] tex 0x7214201c1f68 "vehiclelights128" -> 0x7214201c1f68 "vehiclelights128" | rgba (255,175,0,255) -> (255,255,255,255) | wasStockLights=1 isStockLights=1 isStockLightsOn=0 lensMarker=1 bodyMarker=0
[2026-09-24 13:13:55.787] [info] [LIGHTPROBE]   mat[5] tex 0x7214201c1f68 "vehiclelights128" -> 0x7214201c1f68 "vehiclelights128" | rgba (0,255,200,255) -> (255,255,255,255) | wasStockLights=1 isStockLights=1 isStockLightsOn=0 lensMarker=0 bodyMarker=0
[2026-09-24 13:13:55.787] [info] [LIGHTPROBE]   mat[6] tex 0x7214201c1f68 "vehiclelights128" -> 0x7214201c1f68 "vehiclelights128" | rgba (255,255,255,255) -> (255,255,255,255) | wasStockLights=1 isStockLights=1 isStockLightsOn=0 lensMarker=0 bodyMarker=0
[2026-09-24 13:13:55.787] [info] [LIGHTPROBE]   mat[7] tex 0x7214201c2b30 "vehiclesteering128" -> 0x7214201c2b30 "vehiclesteering128" | rgba (255,255,255,255) -> (255,255,255,255) | wasStockLights=0 isStockLights=0 isStockLightsOn=0 lensMarker=0 bodyMarker=0
[2026-09-24 13:13:55.787] [info] [LIGHTPROBE]   mat[8] tex 0x7214201c2990 "vehiclegeneric256" -> 0x7214201c2990 "vehiclegeneric256" | rgba (255,255,255,255) -> (255,255,255,255) | wasStockLights=0 isStockLights=0 isStockLightsOn=0 lensMarker=0 bodyMarker=0
[2026-09-24 13:13:55.787] [info] [LIGHTPROBE]   mat[9] tex 0x7214201c2990 "vehiclegeneric256" -> 0x7214201c2990 "vehiclegeneric256" | rgba (255,255,255,255) -> (255,255,255,255) | wasStockLights=0 isStockLights=0 isStockLightsOn=0 lensMarker=0 bodyMarker=0
[2026-09-24 13:13:55.787] [info] [LIGHTPROBE]   mat[10] tex 0x7214201c2990 "vehiclegeneric256" -> 0x7214201c2990 "vehiclegeneric256" | rgba (255,255,255,128) -> (255,255,255,128) | wasStockLights=0 isStockLights=0 isStockLightsOn=0 lensMarker=0 bodyMarker=0
[2026-09-24 13:13:55.791] [info] Font atlas WantUpdates: re-uploading 512x512, rebuild #58
[2026-09-24 13:13:55.791] [info] Destroying font raster: raster=0x7213EB8ADB30
[2026-09-24 13:13:55.791] [info] Font atlas diag [destroy-before]: fonts=24 sources=42 texList=1 built=1 locked=0 rendererHasTextures=1 flags=0x0 min=512x128 max=2048x2048 desiredFormat=0 texId=0x7213EB8ADB30 texUnique=4 status=3(WantUpdates) fmt=0 512x512 bpp=4 pixels=0x7213E8C0D8C0 bytes=1048576 updates=9 used=(0,0 511x427) update=(98,275 413x86) useColors=0 uvScale=(0.001953,0.001953) white=(0.069336,0.000977)
[2026-09-24 13:13:55.791] [info] Font atlas diag [destroy-after]: fonts=24 sources=42 texList=1 built=1 locked=0 rendererHasTextures=1 flags=0x0 min=512x128 max=2048x2048 desiredFormat=0 texId=0x0 texUnique=4 status=3(WantUpdates) fmt=0 512x512 bpp=4 pixels=0x7213E8C0D8C0 bytes=1048576 updates=9 used=(0,0 511x427) update=(98,275 413x86) useColors=0 uvScale=(0.001953,0.001953) white=(0.069336,0.000977)
[2026-09-24 13:13:55.791] [info] ImGuiWrapper::createFontTexture
[2026-09-24 13:13:55.791] [info] Font atlas diag [createTexture-before-getTexData]: fonts=24 sources=42 texList=1 built=1 locked=0 rendererHasTextures=1 flags=0x0 min=512x128 max=2048x2048 desiredFormat=0 texId=0x0 texUnique=4 status=3(WantUpdates) fmt=0 512x512 bpp=4 pixels=0x7213E8C0D8C0 bytes=1048576 updates=9 used=(0,0 511x427) update=(98,275 413x86) useColors=0 uvScale=(0.001953,0.001953) white=(0.069336,0.000977)
[2026-09-24 13:13:55.791] [info] Font atlas diag [createTexture-after-getTexData]: fonts=24 sources=42 texList=1 built=1 locked=0 rendererHasTextures=1 flags=0x0 min=512x128 max=2048x2048 desiredFormat=0 texId=0x0 texUnique=4 status=3(WantUpdates) fmt=0 512x512 bpp=4 pixels=0x7213E8C0D8C0 bytes=1048576 updates=9 used=(0,0 511x427) update=(98,275 413x86) useColors=0 uvScale=(0.001953,0.001953) white=(0.069336,0.000977)
[2026-09-24 13:13:55.791] [info] Atlas built: 512x512 (32 bpp, 1 MB)
[2026-09-24 13:13:55.791] [info] Font image allocated: image=0x7213FCCAC020 512x512 depth=32 stride=2048 pixels=0x7213E6A0DDC0
[2026-09-24 13:13:55.791] [info] Font image copy: srcStride=2048 dstStride=2048 copyStride=2048 rows=512
[2026-09-24 13:13:55.791] [info] Font raster created: raster=0x7213EB8ADB30 requested=512x512
[2026-09-24 13:13:55.815] [info] RwRasterSetFromImage OK: input=0x7213EB8ADB30 final=0x7213EB8ADB30
[2026-09-24 13:13:55.815] [info] Font TexData bound to local RenderWare raster: texData=0x7213EC452B00 texId=0x7213EB8ADB30 status=0(OK)
[2026-09-24 13:13:55.815] [info] Atlas width 512
[2026-09-24 13:13:55.815] [info] Atlas height 512
[2026-09-24 13:13:57.527] [info] [CONN] dispatched pkt id=0xD0 len=5 (gameState=5)
[2026-09-24 13:13:58.220] [warning] NVEvent: 10000 empty polls (head=2 tail=2 wait=0)
[2026-09-24 13:14:00.043] [info] [CONN] dispatched pkt id=0xD0 len=5 (gameState=5)
[2026-09-24 13:14:02.560] [info] [CONN] dispatched pkt id=0xD0 len=5 (gameState=5)
[2026-09-24 13:14:05.060] [info] [CONN] dispatched pkt id=0xD0 len=5 (gameState=5)
[2026-09-24 13:14:07.577] [info] [CONN] dispatched pkt id=0xD0 len=5 (gameState=5)
[2026-09-24 13:14:10.094] [info] [CONN] dispatched pkt id=0xD0 len=5 (gameState=5)
[2026-09-24 13:14:12.594] [info] [CONN] dispatched pkt id=0xD0 len=5 (gameState=5)
[2026-09-24 13:14:15.109] [info] [CONN] dispatched pkt id=0xD0 len=5 (gameState=5)
[2026-09-24 13:14:17.993] [info] [CONN] dispatched pkt id=0xD0 len=5 (gameState=5)
[2026-09-24 13:14:20.543] [info] [CONN] dispatched pkt id=0xD0 len=5 (gameState=5)
[2026-09-24 13:14:23.064] [info] [CONN] dispatched pkt id=0xD0 len=5 (gameState=5)
[2026-09-24 13:14:25.930] [info] [CONN] dispatched pkt id=0xD0 len=5 (gameState=5)
[2026-09-24 13:14:26.198] [info] SelectTextDraw: enable 1 hover 0xFFFFFFFF (33 bits)
[2026-09-24 13:14:27.867] [info] TextDrawSelect: touch (1088, 466) type 1
[2026-09-24 13:14:27.867] [info] TextDrawSelect:   id 28 rect L1409 R3200 B724 T3924 hasRect 1 lw 1280.000 lh 1280.000 xy (563.5,360.5)
[2026-09-24 13:14:27.867] [info] TextDrawSelect:   id 2119 rect L1245 R1314 B562 T582 hasRect 1 lw 8.000 lh 27.500 xy (511.8,280.0)
[2026-09-24 13:14:27.868] [info] TextDrawSelect:   id 2120 rect L1314 R1382 B562 T582 hasRect 1 lw 8.000 lh 27.500 xy (539.2,280.0)
[2026-09-24 13:14:27.868] [info] TextDrawSelect:   id 2121 rect L1382 R1451 B562 T582 hasRect 1 lw 8.000 lh 27.500 xy (566.8,280.0)
[2026-09-24 13:14:27.868] [info] TextDrawSelect:   id 2122 rect L1451 R1520 B562 T582 hasRect 1 lw 8.000 lh 27.500 xy (594.2,280.0)
[2026-09-24 13:14:27.868] [info] TextDrawSelect:   id 2123 rect L1250 R1312 B583 T643 hasRect 1 lw 25.000 lh 30.000 xy (500.0,290.0)
[2026-09-24 13:14:27.868] [info] TextDrawSelect:   id 2125 rect L1318 R1380 B583 T643 hasRect 1 lw 25.000 lh 30.000 xy (527.0,290.0)
[2026-09-24 13:14:27.868] [info] TextDrawSelect:   id 2127 rect L1385 R1448 B583 T643 hasRect 1 lw 25.000 lh 30.000 xy (554.0,290.0)
[2026-09-24 13:14:27.868] [info] TextDrawSelect:   id 2129 rect L1452 R1515 B583 T643 hasRect 1 lw 25.000 lh 30.000 xy (581.0,290.0)
[2026-09-24 13:14:27.868] [info] TextDrawSelect:   id 2131 rect L1250 R1312 B647 T707 hasRect 1 lw 25.000 lh 30.000 xy (500.0,322.0)
[2026-09-24 13:14:27.868] [info] TextDrawSelect:   id 2133 rect L1318 R1380 B647 T707 hasRect 1 lw 25.000 lh 30.000 xy (527.0,322.0)
[2026-09-24 13:14:27.868] [info] TextDrawSelect:   id 2135 rect L1385 R1448 B647 T707 hasRect 1 lw 25.000 lh 30.000 xy (554.0,322.0)
[2026-09-24 13:14:27.868] [info] TextDrawSelect:   id 2137 rect L1452 R1515 B647 T707 hasRect 1 lw 25.000 lh 30.000 xy (581.0,322.0)
[2026-09-24 13:14:27.868] [info] TextDrawSelect:   id 2139 rect L1250 R1312 B711 T771 hasRect 1 lw 25.000 lh 30.000 xy (500.0,354.0)
[2026-09-24 13:14:27.868] [info] TextDrawSelect:   id 2141 rect L1318 R1380 B711 T771 hasRect 1 lw 25.000 lh 30.000 xy (527.0,354.0)
[2026-09-24 13:14:27.868] [info] TextDrawSelect:   id 2143 rect L1385 R1448 B711 T771 hasRect 1 lw 25.000 lh 30.000 xy (554.0,354.0)
[2026-09-24 13:14:27.868] [info] TextDrawSelect:   id 2145 rect L1452 R1515 B711 T771 hasRect 1 lw 25.000 lh 30.000 xy (581.0,354.0)
[2026-09-24 13:14:27.868] [info] TextDrawSelect:   id 2147 rect L1250 R1312 B775 T836 hasRect 1 lw 25.000 lh 30.000 xy (500.0,386.0)
[2026-09-24 13:14:27.868] [info] TextDrawSelect:   id 2149 rect L1318 R1380 B775 T836 hasRect 1 lw 25.000 lh 30.000 xy (527.0,386.0)
[2026-09-24 13:14:27.868] [info] TextDrawSelect:   id 2151 rect L1385 R1448 B775 T836 hasRect 1 lw 25.000 lh 30.000 xy (554.0,386.0)
[2026-09-24 13:14:27.868] [info] TextDrawSelect:   id 2153 rect L1452 R1515 B775 T836 hasRect 1 lw 25.000 lh 30.000 xy (581.0,386.0)
[2026-09-24 13:14:27.868] [info] TextDrawSelect:   id 2155 rect L1250 R1312 B583 T648 hasRect 1 lw 26.000 lh 25.000 xy (512.5,290.0)
[2026-09-24 13:14:27.868] [info] TextDrawSelect:   id 2156 rect L1318 R1380 B583 T648 hasRect 1 lw 26.000 lh 25.000 xy (539.5,290.0)
[2026-09-24 13:14:27.868] [info] TextDrawSelect:   id 2157 rect L1385 R1448 B583 T648 hasRect 1 lw 26.000 lh 25.000 xy (566.5,290.0)
[2026-09-24 13:14:27.868] [info] TextDrawSelect:   id 2158 rect L1452 R1515 B583 T648 hasRect 1 lw 26.000 lh 25.000 xy (593.5,290.0)
[2026-09-24 13:14:27.868] [info] TextDrawSelect:   id 2159 rect L1250 R1312 B647 T712 hasRect 1 lw 26.000 lh 25.000 xy (512.5,322.0)
[2026-09-24 13:14:27.868] [info] TextDrawSelect:   id 2160 rect L1318 R1380 B647 T712 hasRect 1 lw 26.000 lh 25.000 xy (539.5,322.0)
[2026-09-24 13:14:27.868] [info] TextDrawSelect:   id 2161 rect L1385 R1448 B647 T712 hasRect 1 lw 26.000 lh 25.000 xy (566.5,322.0)
[2026-09-24 13:14:27.868] [info] TextDrawSelect:   id 2162 rect L1452 R1515 B647 T712 hasRect 1 lw 26.000 lh 25.000 xy (593.5,322.0)
[2026-09-24 13:14:27.868] [info] TextDrawSelect:   id 2163 rect L1250 R1312 B711 T776 hasRect 1 lw 26.000 lh 25.000 xy (512.5,354.0)
[2026-09-24 13:14:27.868] [info] TextDrawSelect:   id 2164 rect L1318 R1380 B711 T776 hasRect 1 lw 26.000 lh 25.000 xy (539.5,354.0)
[2026-09-24 13:14:27.868] [info] TextDrawSelect:   id 2165 rect L1385 R1448 B711 T776 hasRect 1 lw 26.000 lh 25.000 xy (566.5,354.0)
[2026-09-24 13:14:27.869] [info] TextDrawSelect:   id 2166 rect L1452 R1515 B711 T776 hasRect 1 lw 26.000 lh 25.000 xy (593.5,354.0)
[2026-09-24 13:14:27.869] [info] TextDrawSelect:   id 2167 rect L1250 R1312 B775 T840 hasRect 1 lw 26.000 lh 25.000 xy (512.5,386.0)
[2026-09-24 13:14:27.869] [info] TextDrawSelect:   id 2168 rect L1318 R1380 B775 T840 hasRect 1 lw 26.000 lh 25.000 xy (539.5,386.0)
[2026-09-24 13:14:27.869] [info] TextDrawSelect:   id 2169 rect L1385 R1448 B775 T840 hasRect 1 lw 26.000 lh 25.000 xy (566.5,386.0)
[2026-09-24 13:14:27.869] [info] TextDrawSelect:   id 2170 rect L1452 R1515 B775 T840 hasRect 1 lw 26.000 lh 25.000 xy (593.5,386.0)
[2026-09-24 13:14:28.475] [info] TextDrawSelect: touch (1297, 600) type 1
[2026-09-24 13:14:28.476] [info] TextDrawSelect:   id 28 rect L1409 R3200 B724 T3924 hasRect 1 lw 1280.000 lh 1280.000 xy (563.5,360.5)
[2026-09-24 13:14:28.476] [info] TextDrawSelect:   id 2119 rect L1245 R1314 B562 T582 hasRect 1 lw 8.000 lh 27.500 xy (511.8,280.0)
[2026-09-24 13:14:28.476] [info] TextDrawSelect:   id 2120 rect L1314 R1382 B562 T582 hasRect 1 lw 8.000 lh 27.500 xy (539.2,280.0)
[2026-09-24 13:14:28.476] [info] TextDrawSelect:   id 2121 rect L1382 R1451 B562 T582 hasRect 1 lw 8.000 lh 27.500 xy (566.8,280.0)
[2026-09-24 13:14:28.476] [info] TextDrawSelect:   id 2122 rect L1451 R1520 B562 T582 hasRect 1 lw 8.000 lh 27.500 xy (594.2,280.0)
[2026-09-24 13:14:28.476] [info] TextDrawSelect:   id 2123 rect L1250 R1312 B583 T643 hasRect 1 lw 25.000 lh 30.000 xy (500.0,290.0)
[2026-09-24 13:14:28.476] [info] TextDrawSelect:   id 2125 rect L1318 R1380 B583 T643 hasRect 1 lw 25.000 lh 30.000 xy (527.0,290.0)
[2026-09-24 13:14:28.476] [info] TextDrawSelect:   id 2127 rect L1385 R1448 B583 T643 hasRect 1 lw 25.000 lh 30.000 xy (554.0,290.0)
[2026-09-24 13:14:28.476] [info] TextDrawSelect:   id 2129 rect L1452 R1515 B583 T643 hasRect 1 lw 25.000 lh 30.000 xy (581.0,290.0)
[2026-09-24 13:14:28.476] [info] TextDrawSelect:   id 2131 rect L1250 R1312 B647 T707 hasRect 1 lw 25.000 lh 30.000 xy (500.0,322.0)
[2026-09-24 13:14:28.476] [info] TextDrawSelect:   id 2133 rect L1318 R1380 B647 T707 hasRect 1 lw 25.000 lh 30.000 xy (527.0,322.0)
[2026-09-24 13:14:28.476] [info] TextDrawSelect:   id 2135 rect L1385 R1448 B647 T707 hasRect 1 lw 25.000 lh 30.000 xy (554.0,322.0)
[2026-09-24 13:14:28.476] [info] TextDrawSelect:   id 2137 rect L1452 R1515 B647 T707 hasRect 1 lw 25.000 lh 30.000 xy (581.0,322.0)
[2026-09-24 13:14:28.476] [info] TextDrawSelect:   id 2139 rect L1250 R1312 B711 T771 hasRect 1 lw 25.000 lh 30.000 xy (500.0,354.0)
[2026-09-24 13:14:28.476] [info] TextDrawSelect:   id 2141 rect L1318 R1380 B711 T771 hasRect 1 lw 25.000 lh 30.000 xy (527.0,354.0)
[2026-09-24 13:14:28.476] [info] TextDrawSelect:   id 2143 rect L1385 R1448 B711 T771 hasRect 1 lw 25.000 lh 30.000 xy (554.0,354.0)
[2026-09-24 13:14:28.476] [info] TextDrawSelect:   id 2145 rect L1452 R1515 B711 T771 hasRect 1 lw 25.000 lh 30.000 xy (581.0,354.0)
[2026-09-24 13:14:28.477] [info] TextDrawSelect:   id 2147 rect L1250 R1312 B775 T836 hasRect 1 lw 25.000 lh 30.000 xy (500.0,386.0)
[2026-09-24 13:14:28.477] [info] TextDrawSelect:   id 2149 rect L1318 R1380 B775 T836 hasRect 1 lw 25.000 lh 30.000 xy (527.0,386.0)
[2026-09-24 13:14:28.477] [info] TextDrawSelect:   id 2151 rect L1385 R1448 B775 T836 hasRect 1 lw 25.000 lh 30.000 xy (554.0,386.0)
[2026-09-24 13:14:28.477] [info] TextDrawSelect:   id 2153 rect L1452 R1515 B775 T836 hasRect 1 lw 25.000 lh 30.000 xy (581.0,386.0)
[2026-09-24 13:14:28.477] [info] TextDrawSelect:   id 2155 rect L1250 R1312 B583 T648 hasRect 1 lw 26.000 lh 25.000 xy (512.5,290.0)
[2026-09-24 13:14:28.477] [info] TextDrawSelect:   id 2156 rect L1318 R1380 B583 T648 hasRect 1 lw 26.000 lh 25.000 xy (539.5,290.0)
[2026-09-24 13:14:28.477] [info] TextDrawSelect:   id 2157 rect L1385 R1448 B583 T648 hasRect 1 lw 26.000 lh 25.000 xy (566.5,290.0)
[2026-09-24 13:14:28.477] [info] TextDrawSelect:   id 2158 rect L1452 R1515 B583 T648 hasRect 1 lw 26.000 lh 25.000 xy (593.5,290.0)
[2026-09-24 13:14:28.477] [info] TextDrawSelect:   id 2159 rect L1250 R1312 B647 T712 hasRect 1 lw 26.000 lh 25.000 xy (512.5,322.0)
[2026-09-24 13:14:28.477] [info] TextDrawSelect:   id 2160 rect L1318 R1380 B647 T712 hasRect 1 lw 26.000 lh 25.000 xy (539.5,322.0)
[2026-09-24 13:14:28.477] [info] TextDrawSelect:   id 2161 rect L1385 R1448 B647 T712 hasRect 1 lw 26.000 lh 25.000 xy (566.5,322.0)
[2026-09-24 13:14:28.477] [info] TextDrawSelect:   id 2162 rect L1452 R1515 B647 T712 hasRect 1 lw 26.000 lh 25.000 xy (593.5,322.0)
[2026-09-24 13:14:28.477] [info] TextDrawSelect:   id 2163 rect L1250 R1312 B711 T776 hasRect 1 lw 26.000 lh 25.000 xy (512.5,354.0)
[2026-09-24 13:14:28.477] [info] TextDrawSelect:   id 2164 rect L1318 R1380 B711 T776 hasRect 1 lw 26.000 lh 25.000 xy (539.5,354.0)
[2026-09-24 13:14:28.477] [info] TextDrawSelect:   id 2165 rect L1385 R1448 B711 T776 hasRect 1 lw 26.000 lh 25.000 xy (566.5,354.0)
[2026-09-24 13:14:28.477] [info] TextDrawSelect:   id 2166 rect L1452 R1515 B711 T776 hasRect 1 lw 26.000 lh 25.000 xy (593.5,354.0)
[2026-09-24 13:14:28.477] [info] TextDrawSelect:   id 2167 rect L1250 R1312 B775 T840 hasRect 1 lw 26.000 lh 25.000 xy (512.5,386.0)
[2026-09-24 13:14:28.477] [info] TextDrawSelect:   id 2168 rect L1318 R1380 B775 T840 hasRect 1 lw 26.000 lh 25.000 xy (539.5,386.0)
[2026-09-24 13:14:28.478] [info] TextDrawSelect:   id 2169 rect L1385 R1448 B775 T840 hasRect 1 lw 26.000 lh 25.000 xy (566.5,386.0)
[2026-09-24 13:14:28.478] [info] TextDrawSelect:   id 2170 rect L1452 R1515 B775 T840 hasRect 1 lw 26.000 lh 25.000 xy (593.5,386.0)
[2026-09-24 13:14:28.497] [info] SelectTextDraw: enable 0 hover 0x00000000 (33 bits)
[2026-09-24 13:14:28.497] [info] DialogBox: id 211 style 2 title '5.449$' buttons 'Continuar'/'Cerrar' body 14 bytes, 3 rows
[2026-09-24 13:14:28.501] [info] Font atlas WantUpdates: re-uploading 512x512, rebuild #59
[2026-09-24 13:14:28.501] [info] Destroying font raster: raster=0x7213EB8ADB30
[2026-09-24 13:14:28.501] [info] Font atlas diag [destroy-before]: fonts=24 sources=42 texList=1 built=1 locked=0 rendererHasTextures=1 flags=0x0 min=512x128 max=2048x2048 desiredFormat=0 texId=0x7213EB8ADB30 texUnique=4 status=3(WantUpdates) fmt=0 512x512 bpp=4 pixels=0x7213E8C0D8C0 bytes=1048576 updates=2 used=(0,0 511x427) update=(312,300 198x30) useColors=0 uvScale=(0.001953,0.001953) white=(0.069336,0.000977)
[2026-09-24 13:14:28.501] [info] Font atlas diag [destroy-after]: fonts=24 sources=42 texList=1 built=1 locked=0 rendererHasTextures=1 flags=0x0 min=512x128 max=2048x2048 desiredFormat=0 texId=0x0 texUnique=4 status=3(WantUpdates) fmt=0 512x512 bpp=4 pixels=0x7213E8C0D8C0 bytes=1048576 updates=2 used=(0,0 511x427) update=(312,300 198x30) useColors=0 uvScale=(0.001953,0.001953) white=(0.069336,0.000977)
[2026-09-24 13:14:28.501] [info] ImGuiWrapper::createFontTexture
[2026-09-24 13:14:28.501] [info] Font atlas diag [createTexture-before-getTexData]: fonts=24 sources=42 texList=1 built=1 locked=0 rendererHasTextures=1 flags=0x0 min=512x128 max=2048x2048 desiredFormat=0 texId=0x0 texUnique=4 status=3(WantUpdates) fmt=0 512x512 bpp=4 pixels=0x7213E8C0D8C0 bytes=1048576 updates=2 used=(0,0 511x427) update=(312,300 198x30) useColors=0 uvScale=(0.001953,0.001953) white=(0.069336,0.000977)
[2026-09-24 13:14:28.501] [info] Font atlas diag [createTexture-after-getTexData]: fonts=24 sources=42 texList=1 built=1 locked=0 rendererHasTextures=1 flags=0x0 min=512x128 max=2048x2048 desiredFormat=0 texId=0x0 texUnique=4 status=3(WantUpdates) fmt=0 512x512 bpp=4 pixels=0x7213E8C0D8C0 bytes=1048576 updates=2 used=(0,0 511x427) update=(312,300 198x30) useColors=0 uvScale=(0.001953,0.001953) white=(0.069336,0.000977)
[2026-09-24 13:14:28.501] [info] Atlas built: 512x512 (32 bpp, 1 MB)
[2026-09-24 13:14:28.501] [info] Font image allocated: image=0x7213FCCAC020 512x512 depth=32 stride=2048 pixels=0x7213E68D9F80
[2026-09-24 13:14:28.501] [info] Font image copy: srcStride=2048 dstStride=2048 copyStride=2048 rows=512
[2026-09-24 13:14:28.502] [info] Font raster created: raster=0x7213E85D18F0 requested=512x512
[2026-09-24 13:14:28.502] [info] RwRasterSetFromImage OK: input=0x7213E85D18F0 final=0x7213E85D18F0
[2026-09-24 13:14:28.502] [info] Font TexData bound to local RenderWare raster: texData=0x7213EC452B00 texId=0x7213E85D18F0 status=0(OK)
[2026-09-24 13:14:28.502] [info] Atlas width 512
[2026-09-24 13:14:28.502] [info] Atlas height 512
[2026-09-24 13:14:28.633] [info] [CONN] dispatched pkt id=0xD0 len=5 (gameState=5)
[2026-09-24 13:14:29.174] [warning] NVEvent: 15000 empty polls (head=2 tail=2 wait=0)
[2026-09-24 13:14:31.197] [info] [CONN] dispatched pkt id=0xD0 len=5 (gameState=5)
[2026-09-24 13:14:33.748] [info] [CONN] dispatched pkt id=0xD0 len=5 (gameState=5)
[2026-09-24 13:14:36.377] [info] [CONN] dispatched pkt id=0xD0 len=5 (gameState=5)
[2026-09-24 13:14:38.881] [info] [CONN] dispatched pkt id=0xD0 len=5 (gameState=5)
[2026-09-24 13:14:40.763] [info] SelectTextDraw: enable 0 hover 0x00000000 (33 bits)
[2026-09-24 13:14:41.097] [info] SelectTextDraw: enable 0 hover 0x00000000 (33 bits)
[2026-09-24 13:14:41.497] [info] [CONN] dispatched pkt id=0xD0 len=5 (gameState=5)
[2026-09-24 13:14:44.434] [info] Font atlas WantUpdates: re-uploading 512x512, rebuild #60
[2026-09-24 13:14:44.434] [info] Destroying font raster: raster=0x7213E85D18F0
[2026-09-24 13:14:44.434] [info] Font atlas diag [destroy-before]: fonts=24 sources=42 texList=1 built=0 locked=0 rendererHasTextures=1 flags=0x0 min=512x128 max=2048x2048 desiredFormat=0 texId=0x7213E85D18F0 texUnique=4 status=3(WantUpdates) fmt=0 512x512 bpp=4 pixels=0x7213E8C0D8C0 bytes=1048576 updates=26 used=(0,0 511x427) update=(0,304 510x70) useColors=0 uvScale=(0.001953,0.001953) white=(0.069336,0.000977)
[2026-09-24 13:14:44.434] [info] Font atlas diag [destroy-after]: fonts=24 sources=42 texList=1 built=0 locked=0 rendererHasTextures=1 flags=0x0 min=512x128 max=2048x2048 desiredFormat=0 texId=0x0 texUnique=4 status=3(WantUpdates) fmt=0 512x512 bpp=4 pixels=0x7213E8C0D8C0 bytes=1048576 updates=26 used=(0,0 511x427) update=(0,304 510x70) useColors=0 uvScale=(0.001953,0.001953) white=(0.069336,0.000977)
[2026-09-24 13:14:44.435] [info] ImGuiWrapper::createFontTexture
[2026-09-24 13:14:44.435] [info] Font atlas diag [createTexture-before-getTexData]: fonts=24 sources=42 texList=1 built=0 locked=0 rendererHasTextures=1 flags=0x0 min=512x128 max=2048x2048 desiredFormat=0 texId=0x0 texUnique=4 status=3(WantUpdates) fmt=0 512x512 bpp=4 pixels=0x7213E8C0D8C0 bytes=1048576 updates=26 used=(0,0 511x427) update=(0,304 510x70) useColors=0 uvScale=(0.001953,0.001953) white=(0.069336,0.000977)
[2026-09-24 13:14:44.435] [info] Font atlas diag [createTexture-after-getTexData]: fonts=24 sources=42 texList=1 built=1 locked=0 rendererHasTextures=1 flags=0x0 min=512x128 max=2048x2048 desiredFormat=0 texId=0x0 texUnique=4 status=3(WantUpdates) fmt=0 512x512 bpp=4 pixels=0x7213E8C0D8C0 bytes=1048576 updates=26 used=(0,0 511x427) update=(0,304 510x70) useColors=0 uvScale=(0.001953,0.001953) white=(0.069336,0.000977)
[2026-09-24 13:14:44.435] [info] Atlas built: 512x512 (32 bpp, 1 MB)
[2026-09-24 13:14:44.435] [info] Font image allocated: image=0x7213FCCAC020 512x512 depth=32 stride=2048 pixels=0x7213E68E2740
[2026-09-24 13:14:44.435] [info] Font image copy: srcStride=2048 dstStride=2048 copyStride=2048 rows=512
[2026-09-24 13:14:44.435] [info] Font raster created: raster=0x7213E85D18F0 requested=512x512
[2026-09-24 13:14:44.436] [info] RwRasterSetFromImage OK: input=0x7213E85D18F0 final=0x7213E85D18F0
[2026-09-24 13:14:44.436] [info] Font TexData bound to local RenderWare raster: texData=0x7213EC452B00 texId=0x7213E85D18F0 status=0(OK)
[2026-09-24 13:14:44.436] [info] Atlas width 512
[2026-09-24 13:14:44.436] [info] Atlas height 512
[2026-09-24 13:14:44.460] [info] [CONN] dispatched pkt id=0xD0 len=5 (gameState=5)
[2026-09-24 13:14:47.030] [info] [CONN] dispatched pkt id=0xD0 len=5 (gameState=5)
[2026-09-24 13:14:49.577] [info] [CONN] dispatched pkt id=0xD0 len=5 (gameState=5)
[2026-09-24 13:14:50.130] [info] Settings loaded with defaults
[2026-09-24 13:14:50.130] [info] Settings applied to widgets
[2026-09-24 13:14:50.133] [info] Settings saved to: /storage/emulated/0/Android/data/ro.alynsampmobile.launcher/files/widget_settings.json
[2026-09-24 13:14:51.115] [info] Font atlas WantUpdates: re-uploading 512x512, rebuild #61
[2026-09-24 13:14:51.115] [info] Destroying font raster: raster=0x7213E85D18F0
[2026-09-24 13:14:51.115] [info] Font atlas diag [destroy-before]: fonts=24 sources=42 texList=1 built=0 locked=0 rendererHasTextures=1 flags=0x0 min=512x128 max=2048x2048 desiredFormat=0 texId=0x7213E85D18F0 texUnique=4 status=3(WantUpdates) fmt=0 512x512 bpp=4 pixels=0x7213E8C0D8C0 bytes=1048576 updates=3 used=(0,0 511x427) update=(103,349 268x34) useColors=0 uvScale=(0.001953,0.001953) white=(0.069336,0.000977)
[2026-09-24 13:14:51.115] [info] Font atlas diag [destroy-after]: fonts=24 sources=42 texList=1 built=0 locked=0 rendererHasTextures=1 flags=0x0 min=512x128 max=2048x2048 desiredFormat=0 texId=0x0 texUnique=4 status=3(WantUpdates) fmt=0 512x512 bpp=4 pixels=0x7213E8C0D8C0 bytes=1048576 updates=3 used=(0,0 511x427) update=(103,349 268x34) useColors=0 uvScale=(0.001953,0.001953) white=(0.069336,0.000977)
[2026-09-24 13:14:51.115] [info] ImGuiWrapper::createFontTexture
[2026-09-24 13:14:51.115] [info] Font atlas diag [createTexture-before-getTexData]: fonts=24 sources=42 texList=1 built=0 locked=0 rendererHasTextures=1 flags=0x0 min=512x128 max=2048x2048 desiredFormat=0 texId=0x0 texUnique=4 status=3(WantUpdates) fmt=0 512x512 bpp=4 pixels=0x7213E8C0D8C0 bytes=1048576 updates=3 used=(0,0 511x427) update=(103,349 268x34) useColors=0 uvScale=(0.001953,0.001953) white=(0.069336,0.000977)
[2026-09-24 13:14:51.115] [info] Font atlas diag [createTexture-after-getTexData]: fonts=24 sources=42 texList=1 built=1 locked=0 rendererHasTextures=1 flags=0x0 min=512x128 max=2048x2048 desiredFormat=0 texId=0x0 texUnique=4 status=3(WantUpdates) fmt=0 512x512 bpp=4 pixels=0x7213E8C0D8C0 bytes=1048576 updates=3 used=(0,0 511x427) update=(103,349 268x34) useColors=0 uvScale=(0.001953,0.001953) white=(0.069336,0.000977)
[2026-09-24 13:14:51.115] [info] Atlas built: 512x512 (32 bpp, 1 MB)
[2026-09-24 13:14:51.115] [info] Font image allocated: image=0x7213FCCAC020 512x512 depth=32 stride=2048 pixels=0x7213E68E1E40
[2026-09-24 13:14:51.115] [info] Font image copy: srcStride=2048 dstStride=2048 copyStride=2048 rows=512
[2026-09-24 13:14:51.116] [info] Font raster created: raster=0x7213E85D18F0 requested=512x512
[2026-09-24 13:14:51.126] [info] RwRasterSetFromImage OK: input=0x7213E85D18F0 final=0x7213E85D18F0
[2026-09-24 13:14:51.126] [info] Font TexData bound to local RenderWare raster: texData=0x7213EC452B00 texId=0x7213E85D18F0 status=0(OK)
[2026-09-24 13:14:51.126] [info] Atlas width 512
[2026-09-24 13:14:51.126] [info] Atlas height 512
[2026-09-24 13:14:52.094] [info] [CONN] dispatched pkt id=0xD0 len=5 (gameState=5)
[2026-09-24 13:14:54.677] [info] [CONN] dispatched pkt id=0xD0 len=5 (gameState=5)
[2026-09-24 13:14:57.193] [info] [CONN] dispatched pkt id=0xD0 len=5 (gameState=5)
[2026-09-24 13:15:00.101] [warning] NVEvent: 20000 empty polls (head=2 tail=2 wait=0)
[2026-09-24 13:15:00.160] [info] [CONN] dispatched pkt id=0xD0 len=5 (gameState=5)
[2026-09-24 13:15:05.830] [info] SelectTextDraw: enable 0 hover 0x00000000 (33 bits)
[2026-09-24 13:15:06.667] [info] Font atlas WantUpdates: re-uploading 512x512, rebuild #62
[2026-09-24 13:15:06.667] [info] Destroying font raster: raster=0x7213E85D18F0
[2026-09-24 13:15:06.667] [info] Font atlas diag [destroy-before]: fonts=24 sources=42 texList=1 built=1 locked=0 rendererHasTextures=1 flags=0x0 min=512x128 max=2048x2048 desiredFormat=0 texId=0x7213E85D18F0 texUnique=4 status=3(WantUpdates) fmt=0 512x512 bpp=4 pixels=0x7213E8C0D8C0 bytes=1048576 updates=2 used=(0,0 511x427) update=(73,364 14x13) useColors=0 uvScale=(0.001953,0.001953) white=(0.069336,0.000977)
[2026-09-24 13:15:06.667] [info] Font atlas diag [destroy-after]: fonts=24 sources=42 texList=1 built=1 locked=0 rendererHasTextures=1 flags=0x0 min=512x128 max=2048x2048 desiredFormat=0 texId=0x0 texUnique=4 status=3(WantUpdates) fmt=0 512x512 bpp=4 pixels=0x7213E8C0D8C0 bytes=1048576 updates=2 used=(0,0 511x427) update=(73,364 14x13) useColors=0 uvScale=(0.001953,0.001953) white=(0.069336,0.000977)
[2026-09-24 13:15:06.667] [info] ImGuiWrapper::createFontTexture
[2026-09-24 13:15:06.667] [info] Font atlas diag [createTexture-before-getTexData]: fonts=24 sources=42 texList=1 built=1 locked=0 rendererHasTextures=1 flags=0x0 min=512x128 max=2048x2048 desiredFormat=0 texId=0x0 texUnique=4 status=3(WantUpdates) fmt=0 512x512 bpp=4 pixels=0x7213E8C0D8C0 bytes=1048576 updates=2 used=(0,0 511x427) update=(73,364 14x13) useColors=0 uvScale=(0.001953,0.001953) white=(0.069336,0.000977)
[2026-09-24 13:15:06.667] [info] Font atlas diag [createTexture-after-getTexData]: fonts=24 sources=42 texList=1 built=1 locked=0 rendererHasTextures=1 flags=0x0 min=512x128 max=2048x2048 desiredFormat=0 texId=0x0 texUnique=4 status=3(WantUpdates) fmt=0 512x512 bpp=4 pixels=0x7213E8C0D8C0 bytes=1048576 updates=2 used=(0,0 511x427) update=(73,364 14x13) useColors=0 uvScale=(0.001953,0.001953) white=(0.069336,0.000977)
[2026-09-24 13:15:06.667] [info] Atlas built: 512x512 (32 bpp, 1 MB)
[2026-09-24 13:15:06.667] [info] Font image allocated: image=0x7213FCCAC020 512x512 depth=32 stride=2048 pixels=0x7213E68E16C0
[2026-09-24 13:15:06.667] [info] Font image copy: srcStride=2048 dstStride=2048 copyStride=2048 rows=512
[2026-09-24 13:15:06.667] [info] Font raster created: raster=0x7213E85D18F0 requested=512x512
[2026-09-24 13:15:06.668] [info] RwRasterSetFromImage OK: input=0x7213E85D18F0 final=0x7213E85D18F0
[2026-09-24 13:15:06.668] [info] Font TexData bound to local RenderWare raster: texData=0x7213EC452B00 texId=0x7213E85D18F0 status=0(OK)
[2026-09-24 13:15:06.668] [info] Atlas width 512
[2026-09-24 13:15:06.668] [info] Atlas height 512
[2026-09-24 13:15:06.682] [info] Java::saveScreenshot: dispatched (1600x900, 5760000 bytes) -> screenshot_20260924_131506_656.jpg
[2026-09-24 13:15:07.638] [info] Java::saveScreenshot: dispatched (1600x900, 5760000 bytes) -> screenshot_20260924_131507_626.jpg
[2026-09-24 13:15:08.230] [info] SelectTextDraw: enable 0 hover 0x00000000 (33 bits)
[2026-09-24 13:15:31.008] [warning] NVEvent: 25000 empty polls (head=2 tail=2 wait=0)
[2026-09-24 13:15:38.852] [info] Font atlas WantUpdates: re-uploading 512x512, rebuild #63
[2026-09-24 13:15:38.852] [info] Destroying font raster: raster=0x7213E85D18F0
[2026-09-24 13:15:38.852] [info] Font atlas diag [destroy-before]: fonts=24 sources=42 texList=1 built=0 locked=0 rendererHasTextures=1 flags=0x0 min=512x128 max=2048x2048 desiredFormat=0 texId=0x7213E85D18F0 texUnique=4 status=3(WantUpdates) fmt=0 512x512 bpp=4 pixels=0x7213E8C0D8C0 bytes=1048576 updates=6 used=(0,0 511x427) update=(0,364 357x26) useColors=0 uvScale=(0.001953,0.001953) white=(0.069336,0.000977)
[2026-09-24 13:15:38.852] [info] Font atlas diag [destroy-after]: fonts=24 sources=42 texList=1 built=0 locked=0 rendererHasTextures=1 flags=0x0 min=512x128 max=2048x2048 desiredFormat=0 texId=0x0 texUnique=4 status=3(WantUpdates) fmt=0 512x512 bpp=4 pixels=0x7213E8C0D8C0 bytes=1048576 updates=6 used=(0,0 511x427) update=(0,364 357x26) useColors=0 uvScale=(0.001953,0.001953) white=(0.069336,0.000977)
[2026-09-24 13:15:38.852] [info] ImGuiWrapper::createFontTexture
[2026-09-24 13:15:38.852] [info] Font atlas diag [createTexture-before-getTexData]: fonts=24 sources=42 texList=1 built=0 locked=0 rendererHasTextures=1 flags=0x0 min=512x128 max=2048x2048 desiredFormat=0 texId=0x0 texUnique=4 status=3(WantUpdates) fmt=0 512x512 bpp=4 pixels=0x7213E8C0D8C0 bytes=1048576 updates=6 used=(0,0 511x427) update=(0,364 357x26) useColors=0 uvScale=(0.001953,0.001953) white=(0.069336,0.000977)
[2026-09-24 13:15:38.852] [info] Font atlas diag [createTexture-after-getTexData]: fonts=24 sources=42 texList=1 built=1 locked=0 rendererHasTextures=1 flags=0x0 min=512x128 max=2048x2048 desiredFormat=0 texId=0x0 texUnique=4 status=3(WantUpdates) fmt=0 512x512 bpp=4 pixels=0x7213E8C0D8C0 bytes=1048576 updates=6 used=(0,0 511x427) update=(0,364 357x26) useColors=0 uvScale=(0.001953,0.001953) white=(0.069336,0.000977)
[2026-09-24 13:15:38.852] [info] Atlas built: 512x512 (32 bpp, 1 MB)
[2026-09-24 13:15:38.852] [info] Font image allocated: image=0x7213FCCAC020 512x512 depth=32 stride=2048 pixels=0x7213E660DB80
[2026-09-24 13:15:38.852] [info] Font image copy: srcStride=2048 dstStride=2048 copyStride=2048 rows=512
[2026-09-24 13:15:38.853] [info] Font raster created: raster=0x7213E85CF6D0 requested=512x512
[2026-09-24 13:15:38.853] [info] RwRasterSetFromImage OK: input=0x7213E85CF6D0 final=0x7213E85CF6D0
[2026-09-24 13:15:38.853] [info] Font TexData bound to local RenderWare raster: texData=0x7213EC452B00 texId=0x7213E85CF6D0 status=0(OK)
[2026-09-24 13:15:38.853] [info] Atlas width 512
[2026-09-24 13:15:38.853] [info] Atlas height 512
[2026-09-24 13:15:38.856] [info] [LIGHTPROBE] model=-1 frame="door_lf_dummy" geom=0x7213f8f98320 atomicId=0x8285 upgrade=0 objFlags=0x5 stockGate=1 materials=7 ms_pLightsTexture=0x7214201c1f68 ms_pLightsOnTexture=0x7214201c1fd0 ms_lightsOn=[0,0,0,0]
[2026-09-24 13:15:38.856] [info] [LIGHTPROBE]   mat[0] tex 0x7214201c2038 "vehiclegrunge256" -> 0x7214201c2038 "vehiclegrunge256" | rgba (60,255,0,255) -> (245,245,245,255) | wasStockLights=0 isStockLights=0 isStockLightsOn=0 lensMarker=0 bodyMarker=1
[2026-09-24 13:15:38.856] [info] [LIGHTPROBE]   mat[1] tex 0x7213e9ba2498 "infernus92interior128" -> 0x7213e9ba2498 "infernus92interior128" | rgba (255,255,255,255) -> (255,255,255,255) | wasStockLights=0 isStockLights=0 isStockLightsOn=0 lensMarker=0 bodyMarker=0
[2026-09-24 13:15:38.856] [info] [LIGHTPROBE]   mat[2] tex 0x7214201c2990 "vehiclegeneric256" -> 0x7214201c2990 "vehiclegeneric256" | rgba (60,255,0,255) -> (245,245,245,255) | wasStockLights=0 isStockLights=0 isStockLightsOn=0 lensMarker=0 bodyMarker=1
[2026-09-24 13:15:38.856] [info] [LIGHTPROBE]   mat[3] tex 0x7213e9ba2638 "alpha92handle32" -> 0x7213e9ba2638 "alpha92handle32" | rgba (255,255,255,255) -> (255,255,255,255) | wasStockLights=0 isStockLights=0 isStockLightsOn=0 lensMarker=0 bodyMarker=0
[2026-09-24 13:15:38.856] [info] [LIGHTPROBE]   mat[4] tex 0x7214201c1f68 "vehiclelights128" -> 0x7214201c1f68 "vehiclelights128" | rgba (255,255,255,255) -> (255,255,255,255) | wasStockLights=1 isStockLights=1 isStockLightsOn=0 lensMarker=0 bodyMarker=0
[2026-09-24 13:15:38.856] [info] [LIGHTPROBE]   mat[5] tex 0x7214201c2990 "vehiclegeneric256" -> 0x7214201c2990 "vehiclegeneric256" | rgba (255,255,255,255) -> (255,255,255,255) | wasStockLights=0 isStockLights=0 isStockLightsOn=0 lensMarker=0 bodyMarker=0
[2026-09-24 13:15:38.856] [info] [LIGHTPROBE]   mat[6] tex 0x7214201c2990 "vehiclegeneric256" -> 0x7214201c2990 "vehiclegeneric256" | rgba (255,255,255,128) -> (255,255,255,128) | wasStockLights=0 isStockLights=0 isStockLightsOn=0 lensMarker=0 bodyMarker=0
[2026-09-24 13:15:38.856] [info] [LIGHTPROBE] model=-1 frame="door_lf_dummy" geom=0x7213f8f986a0 atomicId=0x8286 upgrade=0 objFlags=0x0 stockGate=0 materials=8 ms_pLightsTexture=0x7214201c1f68 ms_pLightsOnTexture=0x7214201c1fd0 ms_lightsOn=[0,0,0,0]
[2026-09-24 13:15:38.856] [info] [LIGHTPROBE]   mat[0] tex 0x7214201c2038 "vehiclegrunge256" -> 0x7214201c2038 "vehiclegrunge256" | rgba (60,255,0,255) -> (60,255,0,255) | wasStockLights=0 isStockLights=0 isStockLightsOn=0 lensMarker=0 bodyMarker=1
[2026-09-24 13:15:38.856] [info] [LIGHTPROBE]   mat[1] tex 0x7213e9ba2498 "infernus92interior128" -> 0x7213e9ba2498 "infernus92interior128" | rgba (255,255,255,255) -> (255,255,255,255) | wasStockLights=0 isStockLights=0 isStockLightsOn=0 lensMarker=0 bodyMarker=0
[2026-09-24 13:15:38.856] [info] [LIGHTPROBE]   mat[2] tex 0x7214201c2c68 "vehicleshatter128" -> 0x7214201c2c68 "vehicleshatter128" | rgba (255,255,255,255) -> (255,255,255,255) | wasStockLights=0 isStockLights=0 isStockLightsOn=0 lensMarker=0 bodyMarker=0
[2026-09-24 13:15:38.856] [info] [LIGHTPROBE]   mat[3] tex 0x7214201c2990 "vehiclegeneric256" -> 0x7214201c2990 "vehiclegeneric256" | rgba (60,255,0,255) -> (60,255,0,255) | wasStockLights=0 isStockLights=0 isStockLightsOn=0 lensMarker=0 bodyMarker=1
[2026-09-24 13:15:38.856] [info] [LIGHTPROBE]   mat[4] tex 0x7213e9ba2638 "alpha92handle32" -> 0x7213e9ba2638 "alpha92handle32" | rgba (255,255,255,255) -> (255,255,255,255) | wasStockLights=0 isStockLights=0 isStockLightsOn=0 lensMarker=0 bodyMarker=0
[2026-09-24 13:15:38.856] [info] [LIGHTPROBE]   mat[5] tex 0x7214201c1f68 "vehiclelights128" -> 0x7214201c1f68 "vehiclelights128" | rgba (255,255,255,255) -> (255,255,255,255) | wasStockLights=1 isStockLights=1 isStockLightsOn=0 lensMarker=0 bodyMarker=0
[2026-09-24 13:15:38.856] [info] [LIGHTPROBE]   mat[6] tex 0x7214201c2c00 "vehiclescratch64" -> 0x7214201c2c00 "vehiclescratch64" | rgba (255,255,255,255) -> (255,255,255,255) | wasStockLights=0 isStockLights=0 isStockLightsOn=0 lensMarker=0 bodyMarker=0
[2026-09-24 13:15:38.856] [info] [LIGHTPROBE]   mat[7] tex 0x7214201c2990 "vehiclegeneric256" -> 0x7214201c2990 "vehiclegeneric256" | rgba (255,255,255,255) -> (255,255,255,255) | wasStockLights=0 isStockLights=0 isStockLightsOn=0 lensMarker=0 bodyMarker=0
[2026-09-24 13:15:38.856] [info] [LIGHTPROBE] model=-1 frame="door_rf_dummy" geom=0x7213f8f98940 atomicId=0x8289 upgrade=0 objFlags=0x5 stockGate=1 materials=7 ms_pLightsTexture=0x7214201c1f68 ms_pLightsOnTexture=0x7214201c1fd0 ms_lightsOn=[0,0,0,0]
[2026-09-24 13:15:38.856] [info] [LIGHTPROBE]   mat[0] tex 0x7214201c2038 "vehiclegrunge256" -> 0x7214201c2038 "vehiclegrunge256" | rgba (60,255,0,255) -> (245,245,245,255) | wasStockLights=0 isStockLights=0 isStockLightsOn=0 lensMarker=0 bodyMarker=1
[2026-09-24 13:15:38.856] [info] [LIGHTPROBE]   mat[1] tex 0x7213e9ba2498 "infernus92interior128" -> 0x7213e9ba2498 "infernus92interior128" | rgba (255,255,255,255) -> (255,255,255,255) | wasStockLights=0 isStockLights=0 isStockLightsOn=0 lensMarker=0 bodyMarker=0
[2026-09-24 13:15:38.856] [info] [LIGHTPROBE]   mat[2] tex 0x7214201c2990 "vehiclegeneric256" -> 0x7214201c2990 "vehiclegeneric256" | rgba (60,255,0,255) -> (245,245,245,255) | wasStockLights=0 isStockLights=0 isStockLightsOn=0 lensMarker=0 bodyMarker=1
[2026-09-24 13:15:38.856] [info] [LIGHTPROBE]   mat[3] tex 0x7213e9ba2638 "alpha92handle32" -> 0x7213e9ba2638 "alpha92handle32" | rgba (255,255,255,255) -> (255,255,255,255) | wasStockLights=0 isStockLights=0 isStockLightsOn=0 lensMarker=0 bodyMarker=0
[2026-09-24 13:15:38.856] [info] [LIGHTPROBE]   mat[4] tex 0x7214201c1f68 "vehiclelights128" -> 0x7214201c1f68 "vehiclelights128" | rgba (255,255,255,255) -> (255,255,255,255) | wasStockLights=1 isStockLights=1 isStockLightsOn=0 lensMarker=0 bodyMarker=0
[2026-09-24 13:15:38.856] [info] [LIGHTPROBE]   mat[5] tex 0x7214201c2990 "vehiclegeneric256" -> 0x7214201c2990 "vehiclegeneric256" | rgba (255,255,255,255) -> (255,255,255,255) | wasStockLights=0 isStockLights=0 isStockLightsOn=0 lensMarker=0 bodyMarker=0
[2026-09-24 13:15:38.856] [info] [LIGHTPROBE]   mat[6] tex 0x7214201c2990 "vehiclegeneric256" -> 0x7214201c2990 "vehiclegeneric256" | rgba (255,255,255,128) -> (255,255,255,128) | wasStockLights=0 isStockLights=0 isStockLightsOn=0 lensMarker=0 bodyMarker=0
[2026-09-24 13:15:38.856] [info] [LIGHTPROBE] model=-1 frame="door_rf_dummy" geom=0x7213f8f98be0 atomicId=0x828a upgrade=0 objFlags=0x0 stockGate=0 materials=8 ms_pLightsTexture=0x7214201c1f68 ms_pLightsOnTexture=0x7214201c1fd0 ms_lightsOn=[0,0,0,0]
[2026-09-24 13:15:38.856] [info] [LIGHTPROBE]   mat[0] tex 0x7214201c2038 "vehiclegrunge256" -> 0x7214201c2038 "vehiclegrunge256" | rgba (60,255,0,255) -> (60,255,0,255) | wasStockLights=0 isStockLights=0 isStockLightsOn=0 lensMarker=0 bodyMarker=1
[2026-09-24 13:15:38.856] [info] [LIGHTPROBE]   mat[1] tex 0x7213e9ba2498 "infernus92interior128" -> 0x7213e9ba2498 "infernus92interior128" | rgba (255,255,255,255) -> (255,255,255,255) | wasStockLights=0 isStockLights=0 isStockLightsOn=0 lensMarker=0 bodyMarker=0
[2026-09-24 13:15:38.856] [info] [LIGHTPROBE]   mat[2] tex 0x7214201c2c68 "vehicleshatter128" -> 0x7214201c2c68 "vehicleshatter128" | rgba (255,255,255,255) -> (255,255,255,255) | wasStockLights=0 isStockLights=0 isStockLightsOn=0 lensMarker=0 bodyMarker=0
[2026-09-24 13:15:38.856] [info] [LIGHTPROBE]   mat[3] tex 0x7214201c2990 "vehiclegeneric256" -> 0x7214201c2990 "vehiclegeneric256" | rgba (60,255,0,255) -> (60,255,0,255) | wasStockLights=0 isStockLights=0 isStockLightsOn=0 lensMarker=0 bodyMarker=1
[2026-09-24 13:15:38.856] [info] [LIGHTPROBE]   mat[4] tex 0x7213e9ba2638 "alpha92handle32" -> 0x7213e9ba2638 "alpha92handle32" | rgba (255,255,255,255) -> (255,255,255,255) | wasStockLights=0 isStockLights=0 isStockLightsOn=0 lensMarker=0 bodyMarker=0
[2026-09-24 13:15:38.856] [info] [LIGHTPROBE]   mat[5] tex 0x7214201c1f68 "vehiclelights128" -> 0x7214201c1f68 "vehiclelights128" | rgba (255,255,255,255) -> (255,255,255,255) | wasStockLights=1 isStockLights=1 isStockLightsOn=0 lensMarker=0 bodyMarker=0
[2026-09-24 13:15:38.856] [info] [LIGHTPROBE]   mat[6] tex 0x7214201c2c00 "vehiclescratch64" -> 0x7214201c2c00 "vehiclescratch64" | rgba (255,255,255,255) -> (255,255,255,255) | wasStockLights=0 isStockLights=0 isStockLightsOn=0 lensMarker=0 bodyMarker=0
[2026-09-24 13:15:38.856] [info] [LIGHTPROBE]   mat[7] tex 0x7214201c2990 "vehiclegeneric256" -> 0x7214201c2990 "vehiclegeneric256" | rgba (255,255,255,255) -> (255,255,255,255) | wasStockLights=0 isStockLights=0 isStockLightsOn=0 lensMarker=0 bodyMarker=0
[2026-09-24 13:15:38.856] [info] [LIGHTPROBE] model=-1 frame="bump_front_dummy" geom=0x7213f8f98e80 atomicId=0x11 upgrade=0 objFlags=0x5 stockGate=1 materials=2 ms_pLightsTexture=0x7214201c1f68 ms_pLightsOnTexture=0x7214201c1fd0 ms_lightsOn=[0,0,0,0]
[2026-09-24 13:15:38.856] [info] [LIGHTPROBE]   mat[0] tex 0x7214201c2038 "vehiclegrunge256" -> 0x7214201c2038 "vehiclegrunge256" | rgba (60,255,0,255) -> (245,245,245,255) | wasStockLights=0 isStockLights=0 isStockLightsOn=0 lensMarker=0 bodyMarker=1
[2026-09-24 13:15:38.856] [info] [LIGHTPROBE]   mat[1] tex 0x7214201c1f68 "vehiclelights128" -> 0x7214201c1f68 "vehiclelights128" | rgba (255,175,0,255) -> (255,255,255,255) | wasStockLights=1 isStockLights=1 isStockLightsOn=0 lensMarker=1 bodyMarker=0
[2026-09-24 13:15:38.856] [info] [LIGHTPROBE] model=-1 frame="bump_front_dummy" geom=0x7213f8f99120 atomicId=0x12 upgrade=0 objFlags=0x0 stockGate=0 materials=2 ms_pLightsTexture=0x7214201c1f68 ms_pLightsOnTexture=0x7214201c1fd0 ms_lightsOn=[0,0,0,0]
[2026-09-24 13:15:38.856] [info] [LIGHTPROBE]   mat[0] tex 0x7214201c2038 "vehiclegrunge256" -> 0x7214201c2038 "vehiclegrunge256" | rgba (60,255,0,255) -> (60,255,0,255) | wasStockLights=0 isStockLights=0 isStockLightsOn=0 lensMarker=0 bodyMarker=1
[2026-09-24 13:15:38.856] [info] [LIGHTPROBE]   mat[1] tex 0x7214201c1f68 "vehiclelights128" -> 0x7214201c1f68 "vehiclelights128" | rgba (255,175,0,255) -> (255,175,0,255) | wasStockLights=1 isStockLights=1 isStockLightsOn=0 lensMarker=1 bodyMarker=0
[2026-09-24 13:15:38.856] [info] [LIGHTPROBE] model=-1 frame="chassis" geom=0x7213f8f99e40 atomicId=0x0 upgrade=0 objFlags=0x5 stockGate=1 materials=16 ms_pLightsTexture=0x7214201c1f68 ms_pLightsOnTexture=0x7214201c1fd0 ms_lightsOn=[0,0,0,0]
[2026-09-24 13:15:38.856] [info] [LIGHTPROBE]   mat[0] tex 0x7214201c2038 "vehiclegrunge256" -> 0x7214201c2038 "vehiclegrunge256" | rgba (60,255,0,255) -> (245,245,245,255) | wasStockLights=0 isStockLights=0 isStockLightsOn=0 lensMarker=0 bodyMarker=1
[2026-09-24 13:15:38.856] [info] [LIGHTPROBE]   mat[1] tex 0x7213e9ba2498 "infernus92interior128" -> 0x7213e9ba2498 "infernus92interior128" | rgba (255,255,255,255) -> (255,255,255,255) | wasStockLights=0 isStockLights=0 isStockLightsOn=0 lensMarker=0 bodyMarker=0
[2026-09-24 13:15:38.856] [info] [LIGHTPROBE]   mat[2] tex 0x7214201c1268 "plateback3" -> 0x7214201c1268 "plateback3" | rgba (255,255,255,255) -> (255,255,255,255) | wasStockLights=0 isStockLights=0 isStockLightsOn=0 lensMarker=0 bodyMarker=0
[2026-09-24 13:15:38.857] [info] [LIGHTPROBE]   mat[3] tex 0x7213e9ba25d0 "" -> 0x7213e9ba25d0 "" | rgba (255,255,255,255) -> (255,255,255,255) | wasStockLights=0 isStockLights=0 isStockLightsOn=0 lensMarker=0 bodyMarker=0
[2026-09-24 13:15:38.857] [info] [LIGHTPROBE]   mat[4] tex 0x7214201c2990 "vehiclegeneric256" -> 0x7214201c2990 "vehiclegeneric256" | rgba (60,255,0,255) -> (245,245,245,255) | wasStockLights=0 isStockLights=0 isStockLightsOn=0 lensMarker=0 bodyMarker=1
[2026-09-24 13:15:38.857] [info] [LIGHTPROBE]   mat[5] tex 0x7214201c1f68 "vehiclelights128" -> 0x7214201c1f68 "vehiclelights128" | rgba (255,175,0,255) -> (255,255,255,255) | wasStockLights=1 isStockLights=1 isStockLightsOn=0 lensMarker=1 bodyMarker=0
[2026-09-24 13:15:38.857] [info] [LIGHTPROBE]   mat[6] tex 0x7214201c1f68 "vehiclelights128" -> 0x7214201c1f68 "vehiclelights128" | rgba (185,255,0,255) -> (255,255,255,255) | wasStockLights=1 isStockLights=1 isStockLightsOn=0 lensMarker=1 bodyMarker=0
[2026-09-24 13:15:38.857] [info] [LIGHTPROBE]   mat[7] tex 0x7214201c1f68 "vehiclelights128" -> 0x7214201c1f68 "vehiclelights128" | rgba (0,255,200,255) -> (255,255,255,255) | wasStockLights=1 isStockLights=1 isStockLightsOn=0 lensMarker=0 bodyMarker=0
[2026-09-24 13:15:38.857] [info] [LIGHTPROBE]   mat[8] tex 0x7214201c1f68 "vehiclelights128" -> 0x7214201c1f68 "vehiclelights128" | rgba (255,60,0,255) -> (255,255,255,255) | wasStockLights=1 isStockLights=1 isStockLightsOn=0 lensMarker=1 bodyMarker=0
[2026-09-24 13:15:38.857] [info] [LIGHTPROBE]   mat[9] tex 0x7214201c1f68 "vehiclelights128" -> 0x7214201c1f68 "vehiclelights128" | rgba (255,255,255,255) -> (255,255,255,255) | wasStockLights=1 isStockLights=1 isStockLightsOn=0 lensMarker=0 bodyMarker=0
[2026-09-24 13:15:38.857] [info] [LIGHTPROBE]   mat[10] tex 0x7214201c2ac8 "vehicledash32" -> 0x7214201c2ac8 "vehicledash32" | rgba (255,255,255,255) -> (255,255,255,255) | wasStockLights=0 isStockLights=0 isStockLightsOn=0 lensMarker=0 bodyMarker=0
[2026-09-24 13:15:38.857] [info] [LIGHTPROBE]   mat[11] tex 0x0 "" -> 0x0 "" | rgba (0,0,0,127) -> (0,0,0,127) | wasStockLights=0 isStockLights=0 isStockLightsOn=0 lensMarker=0 bodyMarker=0
[2026-09-24 13:15:38.857] [info] [LIGHTPROBE]   mat[12] tex 0x7214201c2b30 "vehiclesteering128" -> 0x7214201c2b30 "vehiclesteering128" | rgba (255,255,255,255) -> (255,255,255,255) | wasStockLights=0 isStockLights=0 isStockLightsOn=0 lensMarker=0 bodyMarker=0
[2026-09-24 13:15:38.857] [info] [LIGHTPROBE]   mat[13] tex 0x7214201c2990 "vehiclegeneric256" -> 0x7214201c2990 "vehiclegeneric256" | rgba (255,255,255,255) -> (255,255,255,255) | wasStockLights=0 isStockLights=0 isStockLightsOn=0 lensMarker=0 bodyMarker=0
[2026-09-24 13:15:38.857] [info] [LIGHTPROBE]   mat[14] tex 0x7214201c2990 "vehiclegeneric256" -> 0x7214201c2990 "vehiclegeneric256" | rgba (255,255,255,255) -> (255,255,255,255) | wasStockLights=0 isStockLights=0 isStockLightsOn=0 lensMarker=0 bodyMarker=0
[2026-09-24 13:15:38.857] [info] [LIGHTPROBE]   mat[15] tex 0x7214201c2990 "vehiclegeneric256" -> 0x7214201c2990 "vehiclegeneric256" | rgba (255,255,255,128) -> (255,255,255,128) | wasStockLights=0 isStockLights=0 isStockLightsOn=0 lensMarker=0 bodyMarker=0
[2026-09-24 13:15:38.857] [info] [LIGHTPROBE] model=-1 frame="chassis" geom=0x7213f8fe40e0 atomicId=0x0 upgrade=0 objFlags=0x5 stockGate=1 materials=13 ms_pLightsTexture=0x7214201c1f68 ms_pLightsOnTexture=0x7214201c1fd0 ms_lightsOn=[0,0,0,0]
[2026-09-24 13:15:38.857] [info] [LIGHTPROBE]   mat[0] tex 0x7214201c2038 "vehiclegrunge256" -> 0x7214201c2038 "vehiclegrunge256" | rgba (60,255,0,255) -> (245,245,245,255) | wasStockLights=0 isStockLights=0 isStockLightsOn=0 lensMarker=0 bodyMarker=1
[2026-09-24 13:15:38.857] [info] [LIGHTPROBE]   mat[1] tex 0x7213e9ba2498 "infernus92interior128" -> 0x7213e9ba2498 "infernus92interior128" | rgba (255,255,255,255) -> (255,255,255,255) | wasStockLights=0 isStockLights=0 isStockLightsOn=0 lensMarker=0 bodyMarker=0
[2026-09-24 13:15:38.857] [info] [LIGHTPROBE]   mat[2] tex 0x7214201c1268 "plateback3" -> 0x7214201c1268 "plateback3" | rgba (255,255,255,255) -> (255,255,255,255) | wasStockLights=0 isStockLights=0 isStockLightsOn=0 lensMarker=0 bodyMarker=0
[2026-09-24 13:15:38.857] [info] [LIGHTPROBE]   mat[3] tex 0x7213e9ba25d0 "" -> 0x7213e9ba25d0 "" | rgba (255,255,255,255) -> (255,255,255,255) | wasStockLights=0 isStockLights=0 isStockLightsOn=0 lensMarker=0 bodyMarker=0
[2026-09-24 13:15:38.857] [info] [LIGHTPROBE]   mat[4] tex 0x7214201c2990 "vehiclegeneric256" -> 0x7214201c2990 "vehiclegeneric256" | rgba (60,255,0,255) -> (245,245,245,255) | wasStockLights=0 isStockLights=0 isStockLightsOn=0 lensMarker=0 bodyMarker=1
[2026-09-24 13:15:38.857] [info] [LIGHTPROBE]   mat[5] tex 0x7214201c1f68 "vehiclelights128" -> 0x7214201c1f68 "vehiclelights128" | rgba (255,175,0,255) -> (255,255,255,255) | wasStockLights=1 isStockLights=1 isStockLightsOn=0 lensMarker=1 bodyMarker=0
[2026-09-24 13:15:38.857] [info] [LIGHTPROBE]   mat[6] tex 0x7214201c1f68 "vehiclelights128" -> 0x7214201c1f68 "vehiclelights128" | rgba (185,255,0,255) -> (255,255,255,255) | wasStockLights=1 isStockLights=1 isStockLightsOn=0 lensMarker=1 bodyMarker=0
[2026-09-24 13:15:38.857] [info] [LIGHTPROBE]   mat[7] tex 0x7214201c1f68 "vehiclelights128" -> 0x7214201c1f68 "vehiclelights128" | rgba (0,255,200,255) -> (255,255,255,255) | wasStockLights=1 isStockLights=1 isStockLightsOn=0 lensMarker=0 bodyMarker=0
[2026-09-24 13:15:38.857] [info] [LIGHTPROBE]   mat[8] tex 0x7214201c1f68 "vehiclelights128" -> 0x7214201c1f68 "vehiclelights128" | rgba (255,60,0,255) -> (255,255,255,255) | wasStockLights=1 isStockLights=1 isStockLightsOn=0 lensMarker=1 bodyMarker=0
[2026-09-24 13:15:38.857] [info] [LIGHTPROBE]   mat[9] tex 0x7214201c1f68 "vehiclelights128" -> 0x7214201c1f68 "vehiclelights128" | rgba (255,255,255,255) -> (255,255,255,255) | wasStockLights=1 isStockLights=1 isStockLightsOn=0 lensMarker=0 bodyMarker=0
[2026-09-24 13:15:38.857] [info] [LIGHTPROBE]   mat[10] tex 0x7214201c2b30 "vehiclesteering128" -> 0x7214201c2b30 "vehiclesteering128" | rgba (255,255,255,255) -> (255,255,255,255) | wasStockLights=0 isStockLights=0 isStockLightsOn=0 lensMarker=0 bodyMarker=0
[2026-09-24 13:15:38.857] [info] [LIGHTPROBE]   mat[11] tex 0x7214201c2990 "vehiclegeneric256" -> 0x7214201c2990 "vehiclegeneric256" | rgba (255,255,255,255) -> (255,255,255,255) | wasStockLights=0 isStockLights=0 isStockLightsOn=0 lensMarker=0 bodyMarker=0
[2026-09-24 13:15:38.857] [info] [LIGHTPROBE]   mat[12] tex 0x7214201c2990 "vehiclegeneric256" -> 0x7214201c2990 "vehiclegeneric256" | rgba (255,255,255,128) -> (255,255,255,128) | wasStockLights=0 isStockLights=0 isStockLightsOn=0 lensMarker=0 bodyMarker=0
[2026-09-24 13:15:38.857] [info] [LIGHTPROBE] model=-1 frame="bump_front_dummy" geom=0x7213f8fe48c0 atomicId=0x11 upgrade=0 objFlags=0x5 stockGate=1 materials=2 ms_pLightsTexture=0x7214201c1f68 ms_pLightsOnTexture=0x7214201c1fd0 ms_lightsOn=[0,0,0,0]
[2026-09-24 13:15:38.857] [info] [LIGHTPROBE]   mat[0] tex 0x7214201c2038 "vehiclegrunge256" -> 0x7214201c2038 "vehiclegrunge256" | rgba (60,255,0,255) -> (245,245,245,255) | wasStockLights=0 isStockLights=0 isStockLightsOn=0 lensMarker=0 bodyMarker=1
[2026-09-24 13:15:38.857] [info] [LIGHTPROBE]   mat[1] tex 0x7214201c1f68 "vehiclelights128" -> 0x7214201c1f68 "vehiclelights128" | rgba (255,175,0,255) -> (255,255,255,255) | wasStockLights=1 isStockLights=1 isStockLightsOn=0 lensMarker=1 bodyMarker=0
[2026-09-24 13:15:38.857] [info] [LIGHTPROBE] model=-1 frame="door_rf_dummy" geom=0x7213f8fe4b60 atomicId=0x8289 upgrade=0 objFlags=0x5 stockGate=1 materials=7 ms_pLightsTexture=0x7214201c1f68 ms_pLightsOnTexture=0x7214201c1fd0 ms_lightsOn=[0,0,0,0]
[2026-09-24 13:15:38.857] [info] [LIGHTPROBE]   mat[0] tex 0x7214201c2038 "vehiclegrunge256" -> 0x7214201c2038 "vehiclegrunge256" | rgba (60,255,0,255) -> (245,245,245,255) | wasStockLights=0 isStockLights=0 isStockLightsOn=0 lensMarker=0 bodyMarker=1
[2026-09-24 13:15:38.857] [info] [LIGHTPROBE]   mat[1] tex 0x7213e9ba2498 "infernus92interior128" -> 0x7213e9ba2498 "infernus92interior128" | rgba (255,255,255,255) -> (255,255,255,255) | wasStockLights=0 isStockLights=0 isStockLightsOn=0 lensMarker=0 bodyMarker=0
[2026-09-24 13:15:38.857] [info] [LIGHTPROBE]   mat[2] tex 0x7214201c2990 "vehiclegeneric256" -> 0x7214201c2990 "vehiclegeneric256" | rgba (60,255,0,255) -> (245,245,245,255) | wasStockLights=0 isStockLights=0 isStockLightsOn=0 lensMarker=0 bodyMarker=1
[2026-09-24 13:15:38.857] [info] [LIGHTPROBE]   mat[3] tex 0x7213e9ba2638 "alpha92handle32" -> 0x7213e9ba2638 "alpha92handle32" | rgba (255,255,255,255) -> (255,255,255,255) | wasStockLights=0 isStockLights=0 isStockLightsOn=0 lensMarker=0 bodyMarker=0
[2026-09-24 13:15:38.857] [info] [LIGHTPROBE]   mat[4] tex 0x7214201c1f68 "vehiclelights128" -> 0x7214201c1f68 "vehiclelights128" | rgba (255,255,255,255) -> (255,255,255,255) | wasStockLights=1 isStockLights=1 isStockLightsOn=0 lensMarker=0 bodyMarker=0
[2026-09-24 13:15:38.857] [info] [LIGHTPROBE]   mat[5] tex 0x7214201c2990 "vehiclegeneric256" -> 0x7214201c2990 "vehiclegeneric256" | rgba (255,255,255,255) -> (255,255,255,255) | wasStockLights=0 isStockLights=0 isStockLightsOn=0 lensMarker=0 bodyMarker=0
[2026-09-24 13:15:38.857] [info] [LIGHTPROBE]   mat[6] tex 0x7214201c2990 "vehiclegeneric256" -> 0x7214201c2990 "vehiclegeneric256" | rgba (255,255,255,128) -> (255,255,255,128) | wasStockLights=0 isStockLights=0 isStockLightsOn=0 lensMarker=0 bodyMarker=0
[2026-09-24 13:15:38.857] [info] [LIGHTPROBE] model=-1 frame="door_lf_dummy" geom=0x7213f8fe4e00 atomicId=0x8285 upgrade=0 objFlags=0x5 stockGate=1 materials=7 ms_pLightsTexture=0x7214201c1f68 ms_pLightsOnTexture=0x7214201c1fd0 ms_lightsOn=[0,0,0,0]
[2026-09-24 13:15:38.857] [info] [LIGHTPROBE]   mat[0] tex 0x7214201c2038 "vehiclegrunge256" -> 0x7214201c2038 "vehiclegrunge256" | rgba (60,255,0,255) -> (245,245,245,255) | wasStockLights=0 isStockLights=0 isStockLightsOn=0 lensMarker=0 bodyMarker=1
[2026-09-24 13:15:38.857] [info] [LIGHTPROBE]   mat[1] tex 0x7213e9ba2498 "infernus92interior128" -> 0x7213e9ba2498 "infernus92interior128" | rgba (255,255,255,255) -> (255,255,255,255) | wasStockLights=0 isStockLights=0 isStockLightsOn=0 lensMarker=0 bodyMarker=0
[2026-09-24 13:15:38.857] [info] [LIGHTPROBE]   mat[2] tex 0x7214201c2990 "vehiclegeneric256" -> 0x7214201c2990 "vehiclegeneric256" | rgba (60,255,0,255) -> (245,245,245,255) | wasStockLights=0 isStockLights=0 isStockLightsOn=0 lensMarker=0 bodyMarker=1
[2026-09-24 13:15:38.857] [info] [LIGHTPROBE]   mat[3] tex 0x7213e9ba2638 "alpha92handle32" -> 0x7213e9ba2638 "alpha92handle32" | rgba (255,255,255,255) -> (255,255,255,255) | wasStockLights=0 isStockLights=0 isStockLightsOn=0 lensMarker=0 bodyMarker=0
[2026-09-24 13:15:38.857] [info] [LIGHTPROBE]   mat[4] tex 0x7214201c1f68 "vehiclelights128" -> 0x7214201c1f68 "vehiclelights128" | rgba (255,255,255,255) -> (255,255,255,255) | wasStockLights=1 isStockLights=1 isStockLightsOn=0 lensMarker=0 bodyMarker=0
[2026-09-24 13:15:38.857] [info] [LIGHTPROBE]   mat[5] tex 0x7214201c2990 "vehiclegeneric256" -> 0x7214201c2990 "vehiclegeneric256" | rgba (255,255,255,255) -> (255,255,255,255) | wasStockLights=0 isStockLights=0 isStockLightsOn=0 lensMarker=0 bodyMarker=0
[2026-09-24 13:15:38.857] [info] [LIGHTPROBE]   mat[6] tex 0x7214201c2990 "vehiclegeneric256" -> 0x7214201c2990 "vehiclegeneric256" | rgba (255,255,255,128) -> (255,255,255,128) | wasStockLights=0 isStockLights=0 isStockLightsOn=0 lensMarker=0 bodyMarker=0
[2026-09-24 13:15:38.860] [info] Font atlas WantUpdates: re-uploading 512x512, rebuild #64
[2026-09-24 13:15:38.860] [info] Destroying font raster: raster=0x7213E85CF6D0
[2026-09-24 13:15:38.861] [info] Font atlas diag [destroy-before]: fonts=24 sources=42 texList=1 built=1 locked=0 rendererHasTextures=1 flags=0x0 min=512x128 max=2048x2048 desiredFormat=0 texId=0x7213E85CF6D0 texUnique=4 status=3(WantUpdates) fmt=0 512x512 bpp=4 pixels=0x7213E8C0D8C0 bytes=1048576 updates=8 used=(0,0 511x427) update=(0,364 511x26) useColors=0 uvScale=(0.001953,0.001953) white=(0.069336,0.000977)
[2026-09-24 13:15:38.861] [info] Font atlas diag [destroy-after]: fonts=24 sources=42 texList=1 built=1 locked=0 rendererHasTextures=1 flags=0x0 min=512x128 max=2048x2048 desiredFormat=0 texId=0x0 texUnique=4 status=3(WantUpdates) fmt=0 512x512 bpp=4 pixels=0x7213E8C0D8C0 bytes=1048576 updates=8 used=(0,0 511x427) update=(0,364 511x26) useColors=0 uvScale=(0.001953,0.001953) white=(0.069336,0.000977)
[2026-09-24 13:15:38.861] [info] ImGuiWrapper::createFontTexture
[2026-09-24 13:15:38.861] [info] Font atlas diag [createTexture-before-getTexData]: fonts=24 sources=42 texList=1 built=1 locked=0 rendererHasTextures=1 flags=0x0 min=512x128 max=2048x2048 desiredFormat=0 texId=0x0 texUnique=4 status=3(WantUpdates) fmt=0 512x512 bpp=4 pixels=0x7213E8C0D8C0 bytes=1048576 updates=8 used=(0,0 511x427) update=(0,364 511x26) useColors=0 uvScale=(0.001953,0.001953) white=(0.069336,0.000977)
[2026-09-24 13:15:38.861] [info] Font atlas diag [createTexture-after-getTexData]: fonts=24 sources=42 texList=1 built=1 locked=0 rendererHasTextures=1 flags=0x0 min=512x128 max=2048x2048 desiredFormat=0 texId=0x0 texUnique=4 status=3(WantUpdates) fmt=0 512x512 bpp=4 pixels=0x7213E8C0D8C0 bytes=1048576 updates=8 used=(0,0 511x427) update=(0,364 511x26) useColors=0 uvScale=(0.001953,0.001953) white=(0.069336,0.000977)
[2026-09-24 13:15:38.861] [info] Atlas built: 512x512 (32 bpp, 1 MB)
[2026-09-24 13:15:38.861] [info] Font image allocated: image=0x7213FCCAC020 512x512 depth=32 stride=2048 pixels=0x7213E660DC80
[2026-09-24 13:15:38.861] [info] Font image copy: srcStride=2048 dstStride=2048 copyStride=2048 rows=512
[2026-09-24 13:15:38.861] [info] Font raster created: raster=0x7213E85CF6D0 requested=512x512
[2026-09-24 13:15:38.861] [info] RwRasterSetFromImage OK: input=0x7213E85CF6D0 final=0x7213E85CF6D0
[2026-09-24 13:15:38.861] [info] Font TexData bound to local RenderWare raster: texData=0x7213EC452B00 texId=0x7213E85CF6D0 status=0(OK)
[2026-09-24 13:15:38.861] [info] Atlas width 512
[2026-09-24 13:15:38.861] [info] Atlas height 512
[2026-09-24 13:15:48.128] [info] SelectTextDraw: enable 0 hover 0x00000000 (33 bits)
[2026-09-24 13:15:48.690] [info] Font atlas WantUpdates: re-uploading 512x512, rebuild #65
[2026-09-24 13:15:48.691] [info] Destroying font raster: raster=0x7213E85CF6D0
[2026-09-24 13:15:48.691] [info] Font atlas diag [destroy-before]: fonts=24 sources=42 texList=1 built=1 locked=0 rendererHasTextures=1 flags=0x0 min=512x128 max=2048x2048 desiredFormat=0 texId=0x7213E85CF6D0 texUnique=4 status=3(WantUpdates) fmt=0 512x512 bpp=4 pixels=0x7213E8C0D8C0 bytes=1048576 updates=2 used=(0,0 511x427) update=(326,366 37x12) useColors=0 uvScale=(0.001953,0.001953) white=(0.069336,0.000977)
[2026-09-24 13:15:48.691] [info] Font atlas diag [destroy-after]: fonts=24 sources=42 texList=1 built=1 locked=0 rendererHasTextures=1 flags=0x0 min=512x128 max=2048x2048 desiredFormat=0 texId=0x0 texUnique=4 status=3(WantUpdates) fmt=0 512x512 bpp=4 pixels=0x7213E8C0D8C0 bytes=1048576 updates=2 used=(0,0 511x427) update=(326,366 37x12) useColors=0 uvScale=(0.001953,0.001953) white=(0.069336,0.000977)
[2026-09-24 13:15:48.691] [info] ImGuiWrapper::createFontTexture
[2026-09-24 13:15:48.691] [info] Font atlas diag [createTexture-before-getTexData]: fonts=24 sources=42 texList=1 built=1 locked=0 rendererHasTextures=1 flags=0x0 min=512x128 max=2048x2048 desiredFormat=0 texId=0x0 texUnique=4 status=3(WantUpdates) fmt=0 512x512 bpp=4 pixels=0x7213E8C0D8C0 bytes=1048576 updates=2 used=(0,0 511x427) update=(326,366 37x12) useColors=0 uvScale=(0.001953,0.001953) white=(0.069336,0.000977)
[2026-09-24 13:15:48.691] [info] Font atlas diag [createTexture-after-getTexData]: fonts=24 sources=42 texList=1 built=1 locked=0 rendererHasTextures=1 flags=0x0 min=512x128 max=2048x2048 desiredFormat=0 texId=0x0 texUnique=4 status=3(WantUpdates) fmt=0 512x512 bpp=4 pixels=0x7213E8C0D8C0 bytes=1048576 updates=2 used=(0,0 511x427) update=(326,366 37x12) useColors=0 uvScale=(0.001953,0.001953) white=(0.069336,0.000977)
[2026-09-24 13:15:48.691] [info] Atlas built: 512x512 (32 bpp, 1 MB)
[2026-09-24 13:15:48.691] [info] Font image allocated: image=0x7213FCCAC020 512x512 depth=32 stride=2048 pixels=0x7213E667A480
[2026-09-24 13:15:48.691] [info] Font image copy: srcStride=2048 dstStride=2048 copyStride=2048 rows=512
[2026-09-24 13:15:48.691] [info] Font raster created: raster=0x7213E85CF6D0 requested=512x512
[2026-09-24 13:15:48.692] [info] RwRasterSetFromImage OK: input=0x7213E85CF6D0 final=0x7213E85CF6D0
[2026-09-24 13:15:48.692] [info] Font TexData bound to local RenderWare raster: texData=0x7213EC452B00 texId=0x7213E85CF6D0 status=0(OK)
[2026-09-24 13:15:48.692] [info] Atlas width 512
[2026-09-24 13:15:48.692] [info] Atlas height 512
[2026-09-24 13:15:58.378] [error] RwTextureDestroy: rejected corrupted texture
[2026-09-24 13:16:01.632] [info] Font atlas WantUpdates: re-uploading 512x512, rebuild #66
[2026-09-24 13:16:01.632] [info] Destroying font raster: raster=0x7213E85CF6D0
[2026-09-24 13:16:01.632] [info] Font atlas diag [destroy-before]: fonts=24 sources=42 texList=1 built=0 locked=0 rendererHasTextures=1 flags=0x0 min=512x128 max=2048x2048 desiredFormat=0 texId=0x7213E85CF6D0 texUnique=4 status=3(WantUpdates) fmt=0 512x512 bpp=4 pixels=0x7213E8C0D8C0 bytes=1048576 updates=2 used=(0,0 511x486) update=(0,384 334x102) useColors=0 uvScale=(0.001953,0.001953) white=(0.069336,0.000977)
[2026-09-24 13:16:01.632] [info] Font atlas diag [destroy-after]: fonts=24 sources=42 texList=1 built=0 locked=0 rendererHasTextures=1 flags=0x0 min=512x128 max=2048x2048 desiredFormat=0 texId=0x0 texUnique=4 status=3(WantUpdates) fmt=0 512x512 bpp=4 pixels=0x7213E8C0D8C0 bytes=1048576 updates=2 used=(0,0 511x486) update=(0,384 334x102) useColors=0 uvScale=(0.001953,0.001953) white=(0.069336,0.000977)
[2026-09-24 13:16:01.632] [info] ImGuiWrapper::createFontTexture
[2026-09-24 13:16:01.632] [info] Font atlas diag [createTexture-before-getTexData]: fonts=24 sources=42 texList=1 built=0 locked=0 rendererHasTextures=1 flags=0x0 min=512x128 max=2048x2048 desiredFormat=0 texId=0x0 texUnique=4 status=3(WantUpdates) fmt=0 512x512 bpp=4 pixels=0x7213E8C0D8C0 bytes=1048576 updates=2 used=(0,0 511x486) update=(0,384 334x102) useColors=0 uvScale=(0.001953,0.001953) white=(0.069336,0.000977)
[2026-09-24 13:16:01.632] [info] Font atlas diag [createTexture-after-getTexData]: fonts=24 sources=42 texList=1 built=1 locked=0 rendererHasTextures=1 flags=0x0 min=512x128 max=2048x2048 desiredFormat=0 texId=0x0 texUnique=4 status=3(WantUpdates) fmt=0 512x512 bpp=4 pixels=0x7213E8C0D8C0 bytes=1048576 updates=2 used=(0,0 511x486) update=(0,384 334x102) useColors=0 uvScale=(0.001953,0.001953) white=(0.069336,0.000977)
[2026-09-24 13:16:01.632] [info] Atlas built: 512x512 (32 bpp, 1 MB)
[2026-09-24 13:16:01.632] [info] Font image allocated: image=0x7213FCCAC020 512x512 depth=32 stride=2048 pixels=0x7213E88BD240
[2026-09-24 13:16:01.632] [info] Font image copy: srcStride=2048 dstStride=2048 copyStride=2048 rows=512
[2026-09-24 13:16:01.632] [info] Font raster created: raster=0x7213E9A0FD10 requested=512x512
[2026-09-24 13:16:01.633] [info] RwRasterSetFromImage OK: input=0x7213E9A0FD10 final=0x7213E9A0FD10
[2026-09-24 13:16:01.633] [info] Font TexData bound to local RenderWare raster: texData=0x7213EC452B00 texId=0x7213E9A0FD10 status=0(OK)
[2026-09-24 13:16:01.633] [info] Atlas width 512
[2026-09-24 13:16:01.633] [info] Atlas height 512
[2026-09-24 13:16:01.939] [warning] NVEvent: 30000 empty polls (head=2 tail=2 wait=0)
[2026-09-24 13:16:07.662] [info] DLShowActor: actor 0 base 168 custom 59999564 -> wire 59999564
[2026-09-24 13:16:07.662] [error] Actor::Actor: Invalid skin model: 59999564
[2026-09-24 13:16:17.712] [error] RwTextureDestroy: rejected corrupted texture
[2026-09-24 13:16:26.862] [info] DLShowActor: actor 0 base 168 custom 59999564 -> wire 59999564
[2026-09-24 13:16:26.862] [error] Actor::Actor: Invalid skin model: 59999564
[2026-09-24 13:16:32.850] [warning] NVEvent: 35000 empty polls (head=2 tail=2 wait=0)
[2026-09-24 13:16:42.763] [info] Stop: https://files.super-rp.es/audio/intro/intro3.mp3
[2026-09-24 13:16:43.930] [info] SelectTextDraw: enable 0 hover 0x00000000 (33 bits)
[2026-09-24 13:16:44.396] [info] SelectTextDraw: enable 0 hover 0x00000000 (33 bits)
[2026-09-24 13:16:44.596] [info] SelectTextDraw: enable 0 hover 0x00000000 (33 bits)
[2026-09-24 13:16:44.779] [info] SelectTextDraw: enable 0 hover 0x00000000 (33 bits)
[2026-09-24 13:16:48.529] [info] SelectTextDraw: enable 0 hover 0x00000000 (33 bits)
[2026-09-24 13:16:50.046] [info] SelectTextDraw: enable 0 hover 0x00000000 (33 bits)
[2026-09-24 13:16:50.196] [info] SelectTextDraw: enable 0 hover 0x00000000 (33 bits)
[2026-09-24 13:16:51.429] [info] SelectTextDraw: enable 0 hover 0x00000000 (33 bits)
[2026-09-24 13:16:51.747] [info] SelectTextDraw: enable 0 hover 0x00000000 (33 bits)
[2026-09-24 13:16:51.912] [info] SelectTextDraw: enable 0 hover 0x00000000 (33 bits)
[2026-09-24 13:17:02.544] [info] CTimer_StartUserPause
